Datetime,Open,High,Low,Close,Volume
2026-04-16 13:30:00+00:00,92.51000213623047,92.55500030517578,91.41000366210938,91.41000366210938,533634
2026-04-16 13:31:00+00:00,91.4135971069336,91.66000366210938,90.92250061035156,91.31999969482422,59085
2026-04-16 13:32:00+00:00,91.26000213623047,91.5,90.81999969482422,91.5,56552
2026-04-16 13:33:00+00:00,91.5199966430664,92.19000244140625,91.5199966430664,91.88999938964844,87160
2026-04-16 13:34:00+00:00,91.94999694824219,92.33000183105469,91.87999725341797,92.26499938964844,83730
2026-04-16 13:35:00+00:00,92.26000213623047,92.33000183105469,91.85780334472656,91.87999725341797,33088
2026-04-16 13:36:00+00:00,91.75990295410156,91.9260025024414,91.69000244140625,91.76000213623047,34964
2026-04-16 13:37:00+00:00,91.71800231933594,92.13500213623047,91.71800231933594,92.13040161132812,31310
2026-04-16 13:38:00+00:00,92.16000366210938,92.4800033569336,92.12000274658203,92.2699966430664,27699
2026-04-16 13:39:00+00:00,92.2699966430664,92.30999755859375,91.83000183105469,91.88999938964844,31184
2026-04-16 13:40:00+00:00,91.91000366210938,92.33989715576172,91.82499694824219,92.33989715576172,40084
2026-04-16 13:41:00+00:00,92.3499984741211,92.46929931640625,91.66500091552734,91.69999694824219,66158
2026-04-16 13:42:00+00:00,91.75,91.75,91.33999633789062,91.5999984741211,39509
2026-04-16 13:43:00+00:00,91.48999786376953,91.68499755859375,91.43000030517578,91.63999938964844,16250
2026-04-16 13:44:00+00:00,91.72000122070312,92.0801010131836,91.69010162353516,92.05999755859375,39492
2026-04-16 13:45:00+00:00,92.08000183105469,92.22000122070312,91.95999908447266,92.18499755859375,22846
2026-04-16 13:46:00+00:00,92.13500213623047,92.13500213623047,91.87999725341797,91.9749984741211,21341
2026-04-16 13:47:00+00:00,92.0,92.20500183105469,91.9800033569336,92.05030059814453,10271
2026-04-16 13:48:00+00:00,92.0999984741211,92.12000274658203,91.9000015258789,92.05999755859375,40532
2026-04-16 13:49:00+00:00,92.04499816894531,92.27999877929688,92.0,92.18499755859375,29936
2026-04-16 13:50:00+00:00,92.08999633789062,92.11000061035156,91.94000244140625,92.0199966430664,19980
2026-04-16 13:51:00+00:00,92.04000091552734,92.0999984741211,91.45999908447266,91.51000213623047,31091
2026-04-16 13:52:00+00:00,91.58000183105469,91.71499633789062,91.37000274658203,91.45999908447266,34709
2026-04-16 13:53:00+00:00,91.4800033569336,91.53990173339844,91.25,91.3009033203125,31130
2026-04-16 13:54:00+00:00,91.32499694824219,91.43000030517578,90.98999786376953,91.06500244140625,52258
2026-04-16 13:55:00+00:00,91.04029846191406,91.33499908447266,91.04029846191406,91.33499908447266,35286
2026-04-16 13:56:00+00:00,91.41000366210938,91.69999694824219,91.3499984741211,91.69999694824219,30640
2026-04-16 13:57:00+00:00,91.69999694824219,91.71990203857422,91.43000030517578,91.5199966430664,21444
2026-04-16 13:58:00+00:00,91.55999755859375,91.69000244140625,91.55999755859375,91.65499877929688,19461
2026-04-16 13:59:00+00:00,91.8499984741211,91.8499984741211,91.69000244140625,91.69000244140625,32807
2026-04-16 14:00:00+00:00,91.66999816894531,91.75499725341797,91.58999633789062,91.62000274658203,16104
2026-04-16 14:01:00+00:00,91.62999725341797,91.62999725341797,91.38999938964844,91.54989624023438,18388
2026-04-16 14:02:00+00:00,91.5999984741211,91.86000061035156,91.58000183105469,91.81999969482422,24521
2026-04-16 14:03:00+00:00,91.83000183105469,92.0999984741211,91.83000183105469,92.0999984741211,81762
2026-04-16 14:04:00+00:00,92.16999816894531,92.37000274658203,92.12010192871094,92.29000091552734,14402
2026-04-16 14:05:00+00:00,92.29000091552734,92.29000091552734,92.08999633789062,92.22000122070312,9749
2026-04-16 14:06:00+00:00,92.30069732666016,92.47989654541016,92.26399993896484,92.41999816894531,22897
2026-04-16 14:07:00+00:00,92.4000015258789,92.55030059814453,92.33999633789062,92.54989624023438,29945
2026-04-16 14:08:00+00:00,92.54930114746094,92.54930114746094,92.29000091552734,92.44999694824219,20761
2026-04-16 14:09:00+00:00,92.44000244140625,92.45999908447266,92.37999725341797,92.37999725341797,10473
2026-04-16 14:10:00+00:00,92.39990234375,92.45999908447266,92.3499984741211,92.36499786376953,16582
2026-04-16 14:11:00+00:00,92.40499877929688,92.47000122070312,92.23500061035156,92.30999755859375,24689
2026-04-16 14:12:00+00:00,92.2300033569336,92.43000030517578,92.19000244140625,92.40499877929688,25384
2026-04-16 14:13:00+00:00,92.40989685058594,92.63990020751953,92.40989685058594,92.51499938964844,22408
2026-04-16 14:14:00+00:00,92.42500305175781,92.42500305175781,92.20999908447266,92.30500030517578,16124
2026-04-16 14:15:00+00:00,92.375,92.375,92.19999694824219,92.19999694824219,13363
2026-04-16 14:16:00+00:00,92.19499969482422,92.30000305175781,92.11000061035156,92.16000366210938,10830
2026-04-16 14:17:00+00:00,92.12999725341797,92.12999725341797,91.86000061035156,91.93000030517578,38853
2026-04-16 14:18:00+00:00,91.91999816894531,92.23500061035156,91.8499984741211,92.20989990234375,24966
2026-04-16 14:19:00+00:00,92.20999908447266,92.25849914550781,92.19249725341797,92.25849914550781,13101
2026-04-16 14:20:00+00:00,92.2500991821289,92.32499694824219,92.21499633789062,92.29000091552734,21812
2026-04-16 14:21:00+00:00,92.39009857177734,92.44000244140625,92.37000274658203,92.42009735107422,16929
2026-04-16 14:22:00+00:00,92.42009735107422,92.42009735107422,92.21009826660156,92.21009826660156,10819
2026-04-16 14:23:00+00:00,92.19999694824219,92.19999694824219,92.0,92.11499786376953,15411
2026-04-16 14:24:00+00:00,92.13089752197266,92.30000305175781,92.13089752197266,92.30000305175781,18297
2026-04-16 14:25:00+00:00,92.2531967163086,92.32499694824219,92.2531967163086,92.2750015258789,4995
2026-04-16 14:26:00+00:00,92.3499984741211,92.5,92.34500122070312,92.34989929199219,15618
2026-04-16 14:27:00+00:00,92.44000244140625,92.51499938964844,92.40499877929688,92.44999694824219,9543
2026-04-16 14:28:00+00:00,92.6050033569336,92.64710235595703,92.56990051269531,92.58989715576172,9923
2026-04-16 14:29:00+00:00,92.54499816894531,92.54499816894531,92.29499816894531,92.30950164794922,6040
2026-04-16 14:30:00+00:00,92.25499725341797,92.34010314941406,92.2300033569336,92.33499908447266,4615
2026-04-16 14:31:00+00:00,92.45980072021484,92.45980072021484,92.36000061035156,92.44999694824219,14634
2026-04-16 14:32:00+00:00,92.41999816894531,92.41999816894531,92.31999969482422,92.38990020751953,5457
2026-04-16 14:33:00+00:00,92.5,92.5,92.45999908447266,92.4800033569336,1968
2026-04-16 14:34:00+00:00,92.5199966430664,92.63999938964844,92.47010040283203,92.61000061035156,8974
2026-04-16 14:35:00+00:00,92.62699890136719,92.66000366210938,92.48999786376953,92.59500122070312,10772
2026-04-16 14:36:00+00:00,92.62000274658203,92.66500091552734,92.56999969482422,92.62999725341797,13784
2026-04-16 14:37:00+00:00,92.69999694824219,92.7699966430664,92.63999938964844,92.71019744873047,21206
2026-04-16 14:38:00+00:00,92.73500061035156,92.80999755859375,92.72319793701172,92.74500274658203,20764
2026-04-16 14:39:00+00:00,92.83999633789062,92.9000015258789,92.7249984741211,92.7249984741211,21265
2026-04-16 14:40:00+00:00,92.69999694824219,92.76000213623047,92.66999816894531,92.68299865722656,12582
2026-04-16 14:41:00+00:00,92.76000213623047,92.7699966430664,92.54499816894531,92.55500030517578,12695
2026-04-16 14:42:00+00:00,92.51499938964844,92.54000091552734,92.43009948730469,92.5,11644
2026-04-16 14:43:00+00:00,92.5,92.66000366210938,92.5,92.63999938964844,5748
2026-04-16 14:44:00+00:00,92.63999938964844,92.75,92.62000274658203,92.74500274658203,4124
2026-04-16 14:45:00+00:00,92.76000213623047,93.0093002319336,92.73999786376953,93.0093002319336,37024
2026-04-16 14:46:00+00:00,93.00969696044922,93.04000091552734,92.93000030517578,92.93499755859375,13321
2026-04-16 14:47:00+00:00,92.89949798583984,93.0999984741211,92.89949798583984,93.0999984741211,19703
2026-04-16 14:48:00+00:00,93.10009765625,93.21040344238281,93.04000091552734,93.16999816894531,16217
2026-04-16 14:49:00+00:00,93.19000244140625,93.23799896240234,93.12000274658203,93.22000122070312,30967
2026-04-16 14:50:00+00:00,93.2249984741211,93.2249984741211,93.08999633789062,93.11000061035156,16578
2026-04-16 14:51:00+00:00,93.09989929199219,93.2249984741211,93.09989929199219,93.2249984741211,11438
2026-04-16 14:52:00+00:00,93.23999786376953,93.28990173339844,93.04000091552734,93.04019927978516,21444
2026-04-16 14:53:00+00:00,93.06999969482422,93.19499969482422,92.99030303955078,93.1500015258789,13567
2026-04-16 14:54:00+00:00,93.20010375976562,93.40519714355469,93.20010375976562,93.38970184326172,21920
2026-04-16 14:55:00+00:00,93.36869812011719,93.37000274658203,93.2699966430664,93.29000091552734,22075
2026-04-16 14:56:00+00:00,93.16999816894531,93.33000183105469,93.1500015258789,93.30000305175781,13815
2026-04-16 14:57:00+00:00,93.3280029296875,93.52999877929688,93.31500244140625,93.45999908447266,24542
2026-04-16 14:58:00+00:00,93.44999694824219,93.54000091552734,93.44000244140625,93.54000091552734,16499
2026-04-16 14:59:00+00:00,93.54989624023438,93.55590057373047,93.50499725341797,93.53900146484375,9263
2026-04-16 15:00:00+00:00,93.52989959716797,93.88999938964844,93.5,93.87999725341797,40908
2026-04-16 15:01:00+00:00,93.87960052490234,93.9000015258789,93.75990295410156,93.76000213623047,27261
2026-04-16 15:02:00+00:00,93.76000213623047,93.79000091552734,93.6449966430664,93.72010040283203,17944
2026-04-16 15:03:00+00:00,93.80000305175781,94.03489685058594,93.80000305175781,94.03489685058594,55353
2026-04-16 15:04:00+00:00,94.04499816894531,94.1500015258789,94.04499816894531,94.0999984741211,25497
2026-04-16 15:05:00+00:00,94.0636978149414,94.0999984741211,93.9800033569336,94.0999984741211,24660
2026-04-16 15:06:00+00:00,94.09500122070312,94.13800048828125,94.0,94.04000091552734,33039
2026-04-16 15:07:00+00:00,94.0,94.18990325927734,93.9999008178711,94.18990325927734,18208
2026-04-16 15:08:00+00:00,94.19999694824219,94.33000183105469,94.19499969482422,94.31999969482422,23575
2026-04-16 15:09:00+00:00,94.33999633789062,94.4000015258789,94.32499694824219,94.36000061035156,12569
2026-04-16 15:10:00+00:00,94.38999938964844,94.61990356445312,94.38999938964844,94.54000091552734,37349
2026-04-16 15:11:00+00:00,94.5199966430664,94.62000274658203,94.47000122070312,94.48999786376953,26272
2026-04-16 15:12:00+00:00,94.41999816894531,94.43800354003906,94.25,94.26000213623047,34597
2026-04-16 15:13:00+00:00,94.2500991821289,94.29000091552734,94.08999633789062,94.08999633789062,12023
2026-04-16 15:14:00+00:00,94.1061019897461,94.16000366210938,94.09989929199219,94.15029907226562,7803
2026-04-16 15:15:00+00:00,94.19999694824219,94.39559936523438,94.19000244140625,94.23999786376953,20035
2026-04-16 15:16:00+00:00,94.2499008178711,94.2699966430664,94.19999694824219,94.21959686279297,11773
2026-04-16 15:17:00+00:00,94.2301025390625,94.26000213623047,94.18000030517578,94.19000244140625,5638
2026-04-16 15:18:00+00:00,94.23999786376953,94.25990295410156,94.19000244140625,94.23419952392578,6277
2026-04-16 15:19:00+00:00,94.17500305175781,94.18000030517578,94.0,94.0199966430664,13287
2026-04-16 15:20:00+00:00,94.06620025634766,94.20999908447266,94.06620025634766,94.19969940185547,9422
2026-04-16 15:21:00+00:00,94.2300033569336,94.30999755859375,94.20999908447266,94.30999755859375,6904
2026-04-16 15:22:00+00:00,94.30500030517578,94.39579772949219,94.23999786376953,94.37660217285156,8525
2026-04-16 15:23:00+00:00,94.36000061035156,94.38580322265625,94.29499816894531,94.29499816894531,12603
2026-04-16 15:24:00+00:00,94.33999633789062,94.3949966430664,94.33999633789062,94.3949966430664,7132
2026-04-16 15:25:00+00:00,94.4000015258789,94.43000030517578,94.38999938964844,94.4000015258789,8818
2026-04-16 15:26:00+00:00,94.3499984741211,94.38999938964844,94.3499984741211,94.38999938964844,6663
2026-04-16 15:27:00+00:00,94.37000274658203,94.4000015258789,94.30000305175781,94.31999969482422,12673
2026-04-16 15:28:00+00:00,94.37000274658203,94.38999938964844,94.20999908447266,94.27999877929688,7717
2026-04-16 15:29:00+00:00,94.23999786376953,94.23999786376953,93.8499984741211,93.91999816894531,78998
2026-04-16 15:30:00+00:00,93.84500122070312,93.99009704589844,93.80000305175781,93.98999786376953,25274
2026-04-16 15:31:00+00:00,94.0698013305664,94.0698013305664,93.91999816894531,93.98999786376953,6973
2026-04-16 15:32:00+00:00,93.94999694824219,94.01000213623047,93.84010314941406,93.84010314941406,8903
2026-04-16 15:33:00+00:00,93.90010070800781,93.95999908447266,93.86000061035156,93.95999908447266,5587
2026-04-16 15:34:00+00:00,93.9801025390625,94.06999969482422,93.9749984741211,94.04499816894531,6672
2026-04-16 15:35:00+00:00,94.04499816894531,94.19000244140625,94.04499816894531,94.05989837646484,9152
2026-04-16 15:36:00+00:00,94.06999969482422,94.31999969482422,94.03579711914062,94.30000305175781,24064
2026-04-16 15:37:00+00:00,94.26499938964844,94.41999816894531,94.26499938964844,94.3405990600586,19051
2026-04-16 15:38:00+00:00,94.33000183105469,94.40010070800781,94.23999786376953,94.3301010131836,9876
2026-04-16 15:39:00+00:00,94.33000183105469,94.33000183105469,94.16000366210938,94.16000366210938,5296
2026-04-16 15:40:00+00:00,94.13999938964844,94.13999938964844,93.95999908447266,94.06500244140625,9136
2026-04-16 15:41:00+00:00,94.01000213623047,94.01689910888672,93.93000030517578,93.97000122070312,14068
2026-04-16 15:42:00+00:00,93.97000122070312,93.9800033569336,93.73999786376953,93.802001953125,18905
2026-04-16 15:43:00+00:00,93.82060241699219,93.9000015258789,93.77999877929688,93.9000015258789,10507
2026-04-16 15:44:00+00:00,93.93000030517578,93.96990203857422,93.9000015258789,93.96990203857422,8170
2026-04-16 15:45:00+00:00,93.87999725341797,93.91000366210938,93.82009887695312,93.91000366210938,6975
2026-04-16 15:46:00+00:00,93.9000015258789,93.91999816894531,93.66000366210938,93.7300033569336,10436
2026-04-16 15:47:00+00:00,93.70999908447266,93.70999908447266,93.45459747314453,93.61000061035156,32782
2026-04-16 15:48:00+00:00,93.64250183105469,93.66609954833984,93.4031982421875,93.41329956054688,55752
2026-04-16 15:49:00+00:00,93.41999816894531,93.42990112304688,93.27999877929688,93.35700225830078,32603
2026-04-16 15:50:00+00:00,93.35579681396484,93.4800033569336,93.35579681396484,93.43990325927734,13623
2026-04-16 15:51:00+00:00,93.41020202636719,93.66999816894531,93.41020202636719,93.66999816894531,25494
2026-04-16 15:52:00+00:00,93.63980102539062,93.7300033569336,93.63980102539062,93.68499755859375,11483
2026-04-16 15:53:00+00:00,93.62999725341797,93.6500015258789,93.51000213623047,93.55999755859375,5740
2026-04-16 15:54:00+00:00,93.56999969482422,93.64520263671875,93.50129699707031,93.58000183105469,8537
2026-04-16 15:55:00+00:00,93.6050033569336,93.75,93.6050033569336,93.75,12448
2026-04-16 15:56:00+00:00,93.71499633789062,93.83000183105469,93.71499633789062,93.81999969482422,5199
2026-04-16 15:57:00+00:00,93.7249984741211,93.84629821777344,93.72000122070312,93.83000183105469,9951
2026-04-16 15:58:00+00:00,93.81500244140625,93.87000274658203,93.76499938964844,93.83999633789062,9903
2026-04-16 15:59:00+00:00,93.80000305175781,93.81999969482422,93.77269744873047,93.81999969482422,5715
2026-04-16 16:00:00+00:00,93.81999969482422,93.9072036743164,93.81999969482422,93.9072036743164,7151
2026-04-16 16:01:00+00:00,93.87999725341797,93.87999725341797,93.7300033569336,93.73500061035156,8509
2026-04-16 16:02:00+00:00,93.69000244140625,93.69000244140625,93.47010040283203,93.54000091552734,32045
2026-04-16 16:03:00+00:00,93.625,93.69999694824219,93.625,93.69989776611328,6939
2026-04-16 16:04:00+00:00,93.62999725341797,93.63999938964844,93.58000183105469,93.58000183105469,6558
2026-04-16 16:05:00+00:00,93.58999633789062,93.58999633789062,93.51499938964844,93.51499938964844,1823
2026-04-16 16:06:00+00:00,93.54499816894531,93.54499816894531,93.5,93.52999877929688,6386
2026-04-16 16:07:00+00:00,93.59819793701172,93.68000030517578,93.59819793701172,93.68000030517578,5084
2026-04-16 16:08:00+00:00,93.69999694824219,93.75,93.69999694824219,93.72000122070312,9937
2026-04-16 16:09:00+00:00,93.70500183105469,93.70500183105469,93.66999816894531,93.70500183105469,3285
2026-04-16 16:10:00+00:00,93.72000122070312,93.77989959716797,93.69580078125,93.69580078125,5206
2026-04-16 16:11:00+00:00,93.69999694824219,93.75,93.65039825439453,93.75,3389
2026-04-16 16:12:00+00:00,93.73500061035156,93.76000213623047,93.65080261230469,93.68990325927734,10485
2026-04-16 16:13:00+00:00,93.66010284423828,93.75499725341797,93.66010284423828,93.75499725341797,3721
2026-04-16 16:14:00+00:00,93.7699966430664,93.86990356445312,93.7699966430664,93.79000091552734,16184
2026-04-16 16:15:00+00:00,93.80000305175781,93.93000030517578,93.80000305175781,93.93000030517578,8496
2026-04-16 16:16:00+00:00,93.96499633789062,93.96499633789062,93.8499984741211,93.8499984741211,9006
2026-04-16 16:17:00+00:00,93.9000015258789,94.0199966430664,93.9000015258789,93.98999786376953,28189
2026-04-16 16:18:00+00:00,94.0,94.0,93.97010040283203,93.97010040283203,2359
2026-04-16 16:19:00+00:00,93.98999786376953,94.00499725341797,93.98619842529297,93.98999786376953,3731
2026-04-16 16:20:00+00:00,93.9801025390625,93.9801025390625,93.94000244140625,93.94000244140625,6756
2026-04-16 16:21:00+00:00,93.83000183105469,93.83499908447266,93.66000366210938,93.6802978515625,16877
2026-04-16 16:22:00+00:00,93.73500061035156,93.73500061035156,93.66999816894531,93.72000122070312,4822
2026-04-16 16:23:00+00:00,93.66999816894531,93.66999816894531,93.58000183105469,93.59010314941406,50169
2026-04-16 16:24:00+00:00,93.59500122070312,93.66639709472656,93.59500122070312,93.66639709472656,6845
2026-04-16 16:25:00+00:00,93.63009643554688,93.69999694824219,93.63009643554688,93.69499969482422,6170
2026-04-16 16:26:00+00:00,93.69999694824219,93.75499725341797,93.68499755859375,93.72010040283203,2761
2026-04-16 16:27:00+00:00,93.75499725341797,93.76000213623047,93.70999908447266,93.7249984741211,3634
2026-04-16 16:28:00+00:00,93.7300033569336,93.785400390625,93.71499633789062,93.71499633789062,9194
2026-04-16 16:29:00+00:00,93.61000061035156,93.61000061035156,93.44999694824219,93.45999908447266,18817
2026-04-16 16:30:00+00:00,93.46499633789062,93.48500061035156,93.36129760742188,93.36129760742188,8023
2026-04-16 16:31:00+00:00,93.41000366210938,93.41000366210938,93.19999694824219,93.20989990234375,10324
2026-04-16 16:32:00+00:00,93.2300033569336,93.29000091552734,93.1708984375,93.18499755859375,14033
2026-04-16 16:33:00+00:00,93.04000091552734,93.05000305175781,92.66999816894531,92.73860168457031,54377
2026-04-16 16:34:00+00:00,92.77999877929688,93.07579803466797,92.77999877929688,93.0199966430664,18451
2026-04-16 16:35:00+00:00,92.94850158691406,92.9800033569336,92.86000061035156,92.9000015258789,11178
2026-04-16 16:36:00+00:00,92.98999786376953,93.13999938964844,92.98999786376953,93.13999938964844,22110
2026-04-16 16:37:00+00:00,93.06079864501953,93.1500015258789,93.06079864501953,93.0999984741211,8161
2026-04-16 16:38:00+00:00,93.07499694824219,93.41000366210938,93.06500244140625,93.38500213623047,11183
2026-04-16 16:39:00+00:00,93.4166030883789,93.55000305175781,93.41500091552734,93.5,37150
2026-04-16 16:40:00+00:00,93.47000122070312,93.57630157470703,93.45500183105469,93.54000091552734,32317
2026-04-16 16:41:00+00:00,93.53500366210938,93.53500366210938,93.36799621582031,93.37000274658203,11811
2026-04-16 16:42:00+00:00,93.33999633789062,93.36000061035156,93.25090026855469,93.33309936523438,11014
2026-04-16 16:43:00+00:00,93.3499984741211,93.3499984741211,93.22000122070312,93.22000122070312,7738
2026-04-16 16:44:00+00:00,93.31999969482422,93.4000015258789,93.31500244140625,93.4000015258789,13251
2026-04-16 16:45:00+00:00,93.44390106201172,93.44390106201172,93.41500091552734,93.43000030517578,3087
2026-04-16 16:46:00+00:00,93.42900085449219,93.58499908447266,93.42900085449219,93.56500244140625,9596
2026-04-16 16:47:00+00:00,93.57499694824219,93.66000366210938,93.55999755859375,93.65989685058594,15522
2026-04-16 16:48:00+00:00,93.66000366210938,93.66000366210938,93.58000183105469,93.58000183105469,7299
2026-04-16 16:49:00+00:00,93.58999633789062,93.58999633789062,93.54000091552734,93.54000091552734,6795
2026-04-16 16:50:00+00:00,93.55000305175781,93.5999984741211,93.5199966430664,93.57009887695312,4329
2026-04-16 16:51:00+00:00,93.55999755859375,93.55999755859375,93.55999755859375,93.55999755859375,1081
2026-04-16 16:52:00+00:00,93.53630065917969,93.53630065917969,93.48999786376953,93.50499725341797,2197
2026-04-16 16:53:00+00:00,93.5,93.5,93.36000061035156,93.36000061035156,4421
2026-04-16 16:54:00+00:00,93.36630249023438,93.36630249023438,93.30000305175781,93.30000305175781,12128
2026-04-16 16:55:00+00:00,93.31999969482422,93.34989929199219,93.30999755859375,93.34989929199219,5306
2026-04-16 16:56:00+00:00,93.33499908447266,93.41999816894531,93.33499908447266,93.41999816894531,14236
2026-04-16 16:57:00+00:00,93.43000030517578,93.4343032836914,93.41999816894531,93.41999816894531,7284
2026-04-16 16:59:00+00:00,93.34010314941406,93.3499984741211,93.2249984741211,93.2249984741211,11880
2026-04-16 17:00:00+00:00,93.19969940185547,93.31500244140625,93.15010070800781,93.24009704589844,6715
2026-04-16 17:01:00+00:00,93.26460266113281,93.26460266113281,93.23999786376953,93.26010131835938,3175
2026-04-16 17:02:00+00:00,93.25,93.25,93.16999816894531,93.19000244140625,5683
2026-04-16 17:03:00+00:00,93.18000030517578,93.23999786376953,93.18000030517578,93.22000122070312,3932
2026-04-16 17:04:00+00:00,93.21499633789062,93.23999786376953,93.16000366210938,93.16000366210938,6053
2026-04-16 17:05:00+00:00,93.19000244140625,93.19000244140625,92.99009704589844,92.99009704589844,3562
2026-04-16 17:06:00+00:00,92.91999816894531,92.93000030517578,92.83999633789062,92.83999633789062,15012
2026-04-16 17:07:00+00:00,92.94499969482422,93.0999984741211,92.94499969482422,92.98500061035156,14621
2026-04-16 17:08:00+00:00,93.0199966430664,93.08439636230469,92.97010040283203,93.01000213623047,8576
2026-04-16 17:09:00+00:00,93.05000305175781,93.15850067138672,93.05000305175781,93.06999969482422,5867
2026-04-16 17:10:00+00:00,93.0999984741211,93.19499969482422,93.0999984741211,93.19499969482422,5308
2026-04-16 17:11:00+00:00,93.197998046875,93.197998046875,93.1449966430664,93.1500015258789,12167
2026-04-16 17:12:00+00:00,93.12000274658203,93.12000274658203,93.0342025756836,93.0342025756836,6722
2026-04-16 17:13:00+00:00,92.98999786376953,92.99099731445312,92.91999816894531,92.94999694824219,4096
2026-04-16 17:14:00+00:00,92.7750015258789,92.85079956054688,92.72000122070312,92.81500244140625,4056
2026-04-16 17:15:00+00:00,92.79000091552734,92.80000305175781,92.71499633789062,92.71499633789062,7336
2026-04-16 17:16:00+00:00,92.75299835205078,92.94999694824219,92.75299835205078,92.8947982788086,8787
2026-04-16 17:17:00+00:00,92.91020202636719,93.0199966430664,92.9000015258789,93.0199966430664,4672
2026-04-16 17:18:00+00:00,92.9800033569336,92.9800033569336,92.9800033569336,92.9800033569336,1380
2026-04-16 17:19:00+00:00,93.0,93.0,92.97000122070312,92.9800033569336,2944
2026-04-16 17:20:00+00:00,92.99500274658203,93.0,92.99500274658203,93.0,1381
2026-04-16 17:21:00+00:00,92.9800033569336,93.05999755859375,92.9800033569336,93.05999755859375,12074
2026-04-16 17:22:00+00:00,93.0250015258789,93.02999877929688,92.94999694824219,92.94999694824219,4311
2026-04-16 17:23:00+00:00,92.93499755859375,93.02010345458984,92.93499755859375,93.02010345458984,5442
2026-04-16 17:24:00+00:00,93.12409973144531,93.27999877929688,93.12409973144531,93.23999786376953,18756
2026-04-16 17:25:00+00:00,93.30000305175781,93.38960266113281,93.30000305175781,93.38960266113281,21370
2026-04-16 17:26:00+00:00,93.33999633789062,93.33999633789062,93.30000305175781,93.30000305175781,5752
2026-04-16 17:27:00+00:00,93.31999969482422,93.3949966430664,93.31999969482422,93.33000183105469,10589
2026-04-16 17:28:00+00:00,93.3499984741211,93.3499984741211,93.28500366210938,93.28500366210938,5511
2026-04-16 17:29:00+00:00,93.28500366210938,93.28500366210938,93.26000213623047,93.26000213623047,5164
2026-04-16 17:30:00+00:00,93.30000305175781,93.34500122070312,93.16999816894531,93.16999816894531,3906
2026-04-16 17:31:00+00:00,93.19999694824219,93.32990264892578,93.19999694824219,93.32990264892578,1071
2026-04-16 17:32:00+00:00,93.3499984741211,93.4000015258789,93.33999633789062,93.33999633789062,4930
2026-04-16 17:33:00+00:00,93.28500366210938,93.31999969482422,93.27999877929688,93.31999969482422,3249
2026-04-16 17:34:00+00:00,93.30999755859375,93.30999755859375,93.30999755859375,93.30999755859375,2841
2026-04-16 17:35:00+00:00,93.08000183105469,93.11900329589844,93.08000183105469,93.11900329589844,736
2026-04-16 17:36:00+00:00,93.08000183105469,93.08499908447266,93.07769775390625,93.07769775390625,1400
2026-04-16 17:37:00+00:00,93.08999633789062,93.09500122070312,93.05999755859375,93.05999755859375,3243
2026-04-16 17:38:00+00:00,93.07990264892578,93.13999938964844,93.07990264892578,93.1395034790039,2075
2026-04-16 17:39:00+00:00,93.13999938964844,93.19000244140625,93.13999938964844,93.19000244140625,3713
2026-04-16 17:40:00+00:00,93.25499725341797,93.30000305175781,93.25499725341797,93.29000091552734,2862
2026-04-16 17:41:00+00:00,93.31999969482422,93.31999969482422,93.30999755859375,93.31999969482422,1153
2026-04-16 17:42:00+00:00,93.34629821777344,93.4000015258789,93.33000183105469,93.4000015258789,18577
2026-04-16 17:43:00+00:00,93.45999908447266,93.45999908447266,93.44999694824219,93.44999694824219,1917
2026-04-16 17:44:00+00:00,93.5,93.54000091552734,93.48999786376953,93.48999786376953,7779
2026-04-16 17:45:00+00:00,93.55000305175781,93.55000305175781,93.51010131835938,93.5199966430664,7863
2026-04-16 17:46:00+00:00,93.5,93.5,93.5,93.5,2149
2026-04-16 17:47:00+00:00,93.52999877929688,93.54000091552734,93.52999877929688,93.53919982910156,4918
2026-04-16 17:48:00+00:00,93.56999969482422,93.56999969482422,93.51580047607422,93.53990173339844,1796
2026-04-16 17:49:00+00:00,93.48999786376953,93.55000305175781,93.46029663085938,93.55000305175781,3404
2026-04-16 17:50:00+00:00,93.5250015258789,93.5250015258789,93.44000244140625,93.4999008178711,7299
2026-04-16 17:52:00+00:00,93.43000030517578,93.44999694824219,93.43000030517578,93.44999694824219,431
2026-04-16 17:53:00+00:00,93.47010040283203,93.47010040283203,93.47010040283203,93.47010040283203,853
2026-04-16 17:54:00+00:00,93.45500183105469,93.45500183105469,93.31009674072266,93.33999633789062,5195
2026-04-16 17:55:00+00:00,93.30000305175781,93.30000305175781,93.1500015258789,93.1500015258789,11243
2026-04-16 17:56:00+00:00,93.11280059814453,93.16000366210938,93.05999755859375,93.13999938964844,41677
2026-04-16 17:57:00+00:00,93.12860107421875,93.1500015258789,93.0199966430664,93.08000183105469,17687
2026-04-16 17:58:00+00:00,93.05999755859375,93.05999755859375,92.9000015258789,92.9000015258789,15011
2026-04-16 17:59:00+00:00,93.01499938964844,93.08499908447266,93.01499938964844,93.06500244140625,3996
2026-04-16 18:00:00+00:00,93.0999984741211,93.18000030517578,93.01570129394531,93.1500015258789,19440
2026-04-16 18:01:00+00:00,93.25,93.25,93.0967025756836,93.0967025756836,5005
2026-04-16 18:02:00+00:00,93.16850280761719,93.16850280761719,93.16850280761719,93.16850280761719,474
2026-04-16 18:03:00+00:00,93.08499908447266,93.08499908447266,93.0199966430664,93.06999969482422,11836
2026-04-16 18:04:00+00:00,93.05269622802734,93.06999969482422,93.0,93.0,13573
2026-04-16 18:05:00+00:00,93.05000305175781,93.05000305175781,92.94000244140625,92.95010375976562,7036
2026-04-16 18:06:00+00:00,92.96499633789062,93.01000213623047,92.95999908447266,93.0,14560
2026-04-16 18:07:00+00:00,92.9800033569336,92.9800033569336,92.81999969482422,92.81999969482422,6086
2026-04-16 18:08:00+00:00,92.72000122070312,92.73999786376953,92.62999725341797,92.7300033569336,9120
2026-04-16 18:09:00+00:00,92.59480285644531,92.60050201416016,92.4000015258789,92.52999877929688,19805
2026-04-16 18:10:00+00:00,92.56999969482422,92.69000244140625,92.46109771728516,92.46109771728516,13240
2026-04-16 18:11:00+00:00,92.58999633789062,92.75,92.58999633789062,92.75,17465
2026-04-16 18:12:00+00:00,92.7699966430664,92.80500030517578,92.75,92.79000091552734,19167
2026-04-16 18:13:00+00:00,92.8030014038086,92.80999755859375,92.70999908447266,92.80999755859375,11342
2026-04-16 18:14:00+00:00,92.83999633789062,92.93000030517578,92.83999633789062,92.83999633789062,7789
2026-04-16 18:15:00+00:00,92.8499984741211,92.87999725341797,92.80000305175781,92.80000305175781,1729
2026-04-16 18:16:00+00:00,92.80999755859375,92.80999755859375,92.80999755859375,92.80999755859375,1668
2026-04-16 18:17:00+00:00,92.75,92.75499725341797,92.73999786376953,92.73999786376953,1875
2026-04-16 18:18:00+00:00,92.7300033569336,92.79949951171875,92.7300033569336,92.79949951171875,1307
2026-04-16 18:19:00+00:00,92.81999969482422,92.87930297851562,92.81999969482422,92.8499984741211,4865
2026-04-16 18:20:00+00:00,92.91000366210938,92.9489974975586,92.91000366210938,92.9489974975586,1597
2026-04-16 18:21:00+00:00,92.89440155029297,92.89440155029297,92.80000305175781,92.82499694824219,3356
2026-04-16 18:22:00+00:00,92.80999755859375,92.82969665527344,92.73999786376953,92.73999786376953,7651
2026-04-16 18:23:00+00:00,92.68070220947266,92.68070220947266,92.54000091552734,92.57579803466797,6274
2026-04-16 18:24:00+00:00,92.55999755859375,92.61000061035156,92.5,92.58000183105469,4172
2026-04-16 18:25:00+00:00,92.6500015258789,92.65149688720703,92.6050033569336,92.61000061035156,4463
2026-04-16 18:26:00+00:00,92.58000183105469,92.58000183105469,92.44999694824219,92.46279907226562,35233
2026-04-16 18:27:00+00:00,92.42150115966797,92.44999694824219,92.31999969482422,92.37999725341797,32897
2026-04-16 18:28:00+00:00,92.29000091552734,92.375,92.25,92.375,15641
2026-04-16 18:29:00+00:00,92.34929656982422,92.4198989868164,92.34929656982422,92.4198989868164,3847
2026-04-16 18:30:00+00:00,92.44999694824219,92.66000366210938,92.44999694824219,92.63999938964844,26255
2026-04-16 18:31:00+00:00,92.56999969482422,92.73999786376953,92.56060028076172,92.69999694824219,29035
2026-04-16 18:32:00+00:00,92.6500015258789,92.74500274658203,92.6500015258789,92.74500274658203,2899
2026-04-16 18:33:00+00:00,92.69000244140625,92.69999694824219,92.68990325927734,92.69999694824219,1681
2026-04-16 18:34:00+00:00,92.7300033569336,92.79000091552734,92.70089721679688,92.70089721679688,7894
2026-04-16 18:35:00+00:00,92.73999786376953,92.82499694824219,92.7300033569336,92.80500030517578,12517
2026-04-16 18:36:00+00:00,92.77770233154297,92.8499984741211,92.77010345458984,92.82499694824219,27771
2026-04-16 18:37:00+00:00,92.8301010131836,92.88999938964844,92.8301010131836,92.875,4834
2026-04-16 18:38:00+00:00,92.87999725341797,92.9000015258789,92.87000274658203,92.9000015258789,2399
2026-04-16 18:39:00+00:00,92.92500305175781,93.01719665527344,92.91999816894531,92.99500274658203,16258
2026-04-16 18:40:00+00:00,92.98999786376953,93.05500030517578,92.98809814453125,93.05000305175781,38354
2026-04-16 18:41:00+00:00,93.02999877929688,93.06999969482422,93.01010131835938,93.04090118408203,16242
2026-04-16 18:42:00+00:00,93.08999633789062,93.1050033569336,92.98999786376953,92.98999786376953,11142
2026-04-16 18:43:00+00:00,93.01000213623047,93.01000213623047,93.01000213623047,93.01000213623047,1986
2026-04-16 18:44:00+00:00,93.0999984741211,93.11000061035156,93.0999984741211,93.0999984741211,5109
2026-04-16 18:45:00+00:00,93.0999984741211,93.19989776611328,93.0999984741211,93.19989776611328,5060
2026-04-16 18:46:00+00:00,93.19000244140625,93.2300033569336,93.19000244140625,93.21499633789062,14212
2026-04-16 18:47:00+00:00,93.22000122070312,93.25,93.1447982788086,93.16999816894531,8999
2026-04-16 18:48:00+00:00,93.18000030517578,93.18000030517578,93.08999633789062,93.08999633789062,29729
2026-04-16 18:49:00+00:00,93.08989715576172,93.08999633789062,93.04010009765625,93.05000305175781,28130
2026-04-16 18:50:00+00:00,93.0,93.02999877929688,92.93000030517578,93.02999877929688,10258
2026-04-16 18:51:00+00:00,93.06999969482422,93.06999969482422,93.00499725341797,93.00499725341797,3234
2026-04-16 18:52:00+00:00,93.0999984741211,93.18000030517578,93.0999984741211,93.16999816894531,3464
2026-04-16 18:53:00+00:00,93.1624984741211,93.20999908447266,93.1624984741211,93.20999908447266,9809
2026-04-16 18:54:00+00:00,93.25,93.25,93.18000030517578,93.18000030517578,2125
2026-04-16 18:55:00+00:00,93.13999938964844,93.13999938964844,93.05000305175781,93.06999969482422,2384
2026-04-16 18:56:00+00:00,93.02010345458984,93.125,92.98999786376953,93.0999984741211,15715
2026-04-16 18:57:00+00:00,93.1050033569336,93.1050033569336,92.95999908447266,92.95999908447266,4107
2026-04-16 18:58:00+00:00,92.9800033569336,92.9800033569336,92.9800033569336,92.9800033569336,1010
2026-04-16 18:59:00+00:00,92.9749984741211,92.9800033569336,92.87000274658203,92.9800033569336,11309
2026-04-16 19:00:00+00:00,93.01000213623047,93.0999984741211,92.9800033569336,93.05999755859375,14826
2026-04-16 19:01:00+00:00,93.05000305175781,93.12100219726562,93.05000305175781,93.12000274658203,16070
2026-04-16 19:02:00+00:00,93.19999694824219,93.20469665527344,93.0999984741211,93.1095962524414,6914
2026-04-16 19:03:00+00:00,93.16999816894531,93.19000244140625,93.1500015258789,93.16000366210938,2687
2026-04-16 19:04:00+00:00,93.18000030517578,93.18000030517578,93.12000274658203,93.18000030517578,3786
2026-04-16 19:05:00+00:00,93.16000366210938,93.19499969482422,93.13999938964844,93.16999816894531,8228
2026-04-16 19:06:00+00:00,93.13999938964844,93.19000244140625,93.12999725341797,93.12999725341797,2266
2026-04-16 19:07:00+00:00,93.12999725341797,93.13500213623047,93.02999877929688,93.02999877929688,5135
2026-04-16 19:08:00+00:00,93.01000213623047,93.06320190429688,93.01000213623047,93.06320190429688,12258
2026-04-16 19:09:00+00:00,93.08999633789062,93.08999633789062,92.9800033569336,92.9800033569336,5433
2026-04-16 19:10:00+00:00,92.97000122070312,93.07499694824219,92.97000122070312,93.04000091552734,5172
2026-04-16 19:11:00+00:00,93.06999969482422,93.08999633789062,93.05000305175781,93.05750274658203,4616
2026-04-16 19:12:00+00:00,92.9749984741211,93.02999877929688,92.93199920654297,93.02999877929688,3960
2026-04-16 19:13:00+00:00,93.02999877929688,93.12000274658203,93.0199966430664,93.0199966430664,14828
2026-04-16 19:14:00+00:00,93.0199966430664,93.08999633789062,93.0199966430664,93.08999633789062,3449
2026-04-16 19:15:00+00:00,93.12000274658203,93.18499755859375,93.0999984741211,93.0999984741211,8696
2026-04-16 19:16:00+00:00,93.12000274658203,93.12000274658203,93.08580017089844,93.12000274658203,7206
2026-04-16 19:17:00+00:00,93.12999725341797,93.13999938964844,93.06999969482422,93.12999725341797,11795
2026-04-16 19:18:00+00:00,93.0999984741211,93.1500015258789,93.06999969482422,93.1500015258789,5835
2026-04-16 19:19:00+00:00,93.16999816894531,93.19999694824219,93.11000061035156,93.13500213623047,12571
2026-04-16 19:20:00+00:00,93.18000030517578,93.19000244140625,93.12000274658203,93.18499755859375,6907
2026-04-16 19:21:00+00:00,93.16999816894531,93.20500183105469,93.11000061035156,93.13999938964844,7361
2026-04-16 19:22:00+00:00,93.1050033569336,93.19999694824219,93.1050033569336,93.12999725341797,4479
2026-04-16 19:23:00+00:00,93.13999938964844,93.13999938964844,92.97000122070312,92.9800033569336,21801
2026-04-16 19:24:00+00:00,93.02999877929688,93.04000091552734,93.01000213623047,93.03500366210938,7605
2026-04-16 19:25:00+00:00,93.06999969482422,93.0999984741211,93.04000091552734,93.07009887695312,6659
2026-04-16 19:26:00+00:00,93.10099792480469,93.12000274658203,93.06610107421875,93.08499908447266,14409
2026-04-16 19:27:00+00:00,93.0999984741211,93.12680053710938,93.0999984741211,93.12680053710938,2740
2026-04-16 19:28:00+00:00,93.12999725341797,93.17009735107422,93.11000061035156,93.15010070800781,11061
2026-04-16 19:29:00+00:00,93.16500091552734,93.16500091552734,92.97000122070312,92.97000122070312,15309
2026-04-16 19:30:00+00:00,93.01000213623047,93.08999633789062,92.98999786376953,93.06999969482422,18482
2026-04-16 19:31:00+00:00,93.11000061035156,93.27999877929688,93.0999984741211,93.27999877929688,12384
2026-04-16 19:32:00+00:00,93.29499816894531,93.30999755859375,93.1510009765625,93.1510009765625,15595
2026-04-16 19:33:00+00:00,93.19999694824219,93.19999694824219,93.13999938964844,93.18000030517578,3364
2026-04-16 19:34:00+00:00,93.2300033569336,93.2300033569336,93.16000366210938,93.16999816894531,4051
2026-04-16 19:35:00+00:00,93.16999816894531,93.43000030517578,93.1500015258789,93.43000030517578,11644
2026-04-16 19:36:00+00:00,93.41999816894531,93.42500305175781,93.26000213623047,93.33999633789062,11704
2026-04-16 19:37:00+00:00,93.31999969482422,93.41000366210938,93.31999969482422,93.36000061035156,10228
2026-04-16 19:38:00+00:00,93.37989807128906,93.40499877929688,93.36000061035156,93.36000061035156,3752
2026-04-16 19:39:00+00:00,93.31999969482422,93.31999969482422,93.29000091552734,93.30999755859375,5718
2026-04-16 19:40:00+00:00,93.3499984741211,93.3499984741211,93.26000213623047,93.29000091552734,7190
2026-04-16 19:41:00+00:00,93.29000091552734,93.36000061035156,93.29000091552734,93.36000061035156,7440
2026-04-16 19:42:00+00:00,93.44000244140625,93.44000244140625,93.36000061035156,93.36000061035156,11654
2026-04-16 19:43:00+00:00,93.37999725341797,93.41000366210938,93.3499984741211,93.3499984741211,4744
2026-04-16 19:44:00+00:00,93.31999969482422,93.31999969482422,93.16570281982422,93.16999816894531,8493
2026-04-16 19:45:00+00:00,93.06500244140625,93.26370239257812,93.06500244140625,93.23999786376953,11175
2026-04-16 19:46:00+00:00,93.26000213623047,93.30999755859375,93.19000244140625,93.19000244140625,12578
2026-04-16 19:47:00+00:00,93.15499877929688,93.20999908447266,93.12560272216797,93.12560272216797,13099
2026-04-16 19:48:00+00:00,93.16999816894531,93.21499633789062,93.16999816894531,93.20999908447266,7896
2026-04-16 19:49:00+00:00,93.19999694824219,93.25,93.17500305175781,93.25,7608
2026-04-16 19:50:00+00:00,93.29000091552734,93.56500244140625,93.0,93.30999755859375,71247
2026-04-16 19:51:00+00:00,93.25,93.2750015258789,93.18000030517578,93.18000030517578,8292
2026-04-16 19:52:00+00:00,93.18000030517578,93.23919677734375,93.16000366210938,93.18499755859375,7135
2026-04-16 19:53:00+00:00,93.18000030517578,93.18000030517578,93.08000183105469,93.13999938964844,6313
2026-04-16 19:54:00+00:00,93.16680145263672,93.2249984741211,93.02999877929688,93.09500122070312,18369
2026-04-16 19:55:00+00:00,93.16000366210938,93.22000122070312,93.04000091552734,93.05999755859375,17342
2026-04-16 19:56:00+00:00,93.08499908447266,93.1500015258789,93.04000091552734,93.1500015258789,12499
2026-04-16 19:57:00+00:00,93.18000030517578,93.29499816894531,93.12999725341797,93.29010009765625,32212
2026-04-16 19:58:00+00:00,93.30000305175781,93.34200286865234,93.27999877929688,93.30000305175781,29736
2026-04-16 19:59:00+00:00,93.27999877929688,93.30999755859375,93.0999984741211,93.1500015258789,72779
2026-04-17 13:30:00+00:00,94.62000274658203,95.55000305175781,94.5,94.60150146484375,797389
2026-04-17 13:31:00+00:00,94.63999938964844,95.04989624023438,94.4800033569336,94.71499633789062,51808
2026-04-17 13:32:00+00:00,94.75,94.7750015258789,94.25499725341797,94.66000366210938,55813
2026-04-17 13:33:00+00:00,94.5999984741211,94.63500213623047,94.0199966430664,94.02999877929688,28284
2026-04-17 13:34:00+00:00,94.15499877929688,94.63999938964844,94.15499877929688,94.55500030517578,68258
2026-04-17 13:35:00+00:00,94.58999633789062,94.91780090332031,94.57990264892578,94.66000366210938,61771
2026-04-17 13:36:00+00:00,94.63999938964844,94.65499877929688,94.2300033569336,94.58000183105469,22785
2026-04-17 13:37:00+00:00,94.58000183105469,95.11000061035156,94.58000183105469,95.00499725341797,59848
2026-04-17 13:38:00+00:00,94.99500274658203,95.0,94.63999938964844,94.89219665527344,31608
2026-04-17 13:39:00+00:00,95.0,95.30000305175781,95.0,95.26000213623047,50469
2026-04-17 13:40:00+00:00,95.19499969482422,95.30000305175781,94.83999633789062,94.87000274658203,42168
2026-04-17 13:41:00+00:00,94.8499984741211,95.05000305175781,94.80000305175781,94.98999786376953,41748
2026-04-17 13:42:00+00:00,95.03240203857422,95.03240203857422,94.80000305175781,94.86499786376953,29253
2026-04-17 13:43:00+00:00,94.8499984741211,95.07420349121094,94.79039764404297,94.8949966430664,54046
2026-04-17 13:44:00+00:00,94.87999725341797,95.22949981689453,94.87370300292969,95.11000061035156,25932
2026-04-17 13:45:00+00:00,95.22000122070312,95.56999969482422,95.0999984741211,95.38999938964844,71285
2026-04-17 13:46:00+00:00,95.41999816894531,95.69999694824219,95.37000274658203,95.5199966430664,108914
2026-04-17 13:47:00+00:00,95.50499725341797,95.50990295410156,95.0635986328125,95.125,29098
2026-04-17 13:48:00+00:00,95.13009643554688,95.4000015258789,94.80000305175781,95.4000015258789,63606
2026-04-17 13:49:00+00:00,95.41300201416016,95.69999694824219,95.37000274658203,95.66000366210938,49325
2026-04-17 13:50:00+00:00,95.7699966430664,95.93000030517578,95.55500030517578,95.5999984741211,78732
2026-04-17 13:51:00+00:00,95.6500015258789,95.94999694824219,95.55999755859375,95.83999633789062,41539
2026-04-17 13:52:00+00:00,95.83999633789062,96.0,95.81999969482422,95.87999725341797,96453
2026-04-17 13:53:00+00:00,95.88999938964844,96.0,95.87999725341797,95.91500091552734,35636
2026-04-17 13:54:00+00:00,95.87999725341797,95.8949966430664,95.625,95.8270034790039,44920
2026-04-17 13:55:00+00:00,95.81500244140625,95.83999633789062,95.5199966430664,95.52999877929688,41135
2026-04-17 13:56:00+00:00,95.52040100097656,95.54499816894531,95.17500305175781,95.33360290527344,52272
2026-04-17 13:57:00+00:00,95.19989776611328,95.51000213623047,95.13999938964844,95.48999786376953,37980
2026-04-17 13:58:00+00:00,95.44000244140625,95.50800323486328,95.30000305175781,95.45500183105469,19220
2026-04-17 13:59:00+00:00,95.4749984741211,95.79989624023438,95.4749984741211,95.72000122070312,35599
2026-04-17 14:00:00+00:00,95.80000305175781,95.91999816894531,95.69999694824219,95.91999816894531,27406
2026-04-17 14:01:00+00:00,95.91500091552734,96.0,95.88999938964844,95.94000244140625,29122
2026-04-17 14:02:00+00:00,95.88999938964844,95.94499969482422,95.81999969482422,95.86699676513672,17611
2026-04-17 14:03:00+00:00,95.8499984741211,95.86000061035156,95.7072982788086,95.7072982788086,22812
2026-04-17 14:04:00+00:00,95.81999969482422,95.95999908447266,95.80999755859375,95.88999938964844,14372
2026-04-17 14:05:00+00:00,95.87999725341797,96.0,95.77010345458984,95.81719970703125,73815
2026-04-17 14:06:00+00:00,95.8550033569336,95.9800033569336,95.8550033569336,95.94989776611328,27677
2026-04-17 14:07:00+00:00,95.94999694824219,96.05000305175781,95.87000274658203,95.93000030517578,67137
2026-04-17 14:08:00+00:00,95.9000015258789,95.9000015258789,95.731201171875,95.75990295410156,14209
2026-04-17 14:09:00+00:00,95.78500366210938,95.81500244140625,95.66000366210938,95.66999816894531,27853
2026-04-17 14:10:00+00:00,95.5999984741211,95.80000305175781,95.52999877929688,95.77999877929688,40970
2026-04-17 14:11:00+00:00,95.80000305175781,95.94999694824219,95.76000213623047,95.91999816894531,50918
2026-04-17 14:12:00+00:00,95.95999908447266,96.02999877929688,95.7699966430664,96.02999877929688,34258
2026-04-17 14:13:00+00:00,96.02999877929688,96.26010131835938,96.01000213623047,96.11000061035156,65553
2026-04-17 14:14:00+00:00,96.04000091552734,96.26000213623047,96.02999877929688,96.08000183105469,45894
2026-04-17 14:15:00+00:00,96.05000305175781,96.05999755859375,95.80999755859375,95.92500305175781,21670
2026-04-17 14:16:00+00:00,95.94499969482422,95.97000122070312,95.9000015258789,95.94000244140625,16882
2026-04-17 14:17:00+00:00,95.875,96.02200317382812,95.8499984741211,95.86990356445312,15142
2026-04-17 14:18:00+00:00,95.87000274658203,95.93499755859375,95.81060028076172,95.83000183105469,8204
2026-04-17 14:19:00+00:00,95.8550033569336,95.8550033569336,95.56999969482422,95.69999694824219,58353
2026-04-17 14:20:00+00:00,95.68000030517578,95.69499969482422,95.37999725341797,95.38999938964844,33716
2026-04-17 14:21:00+00:00,95.38999938964844,95.38999938964844,95.2300033569336,95.33000183105469,76217
2026-04-17 14:22:00+00:00,95.33999633789062,95.35929870605469,95.19000244140625,95.19499969482422,27496
2026-04-17 14:23:00+00:00,95.16999816894531,95.2197036743164,94.7699966430664,94.875,98419
2026-04-17 14:24:00+00:00,94.83999633789062,94.9800033569336,94.70999908447266,94.91719818115234,40787
2026-04-17 14:25:00+00:00,94.90660095214844,95.02999877929688,94.63999938964844,94.68419647216797,34287
2026-04-17 14:26:00+00:00,94.67279815673828,94.76000213623047,94.52999877929688,94.6050033569336,37188
2026-04-17 14:27:00+00:00,94.55000305175781,94.73999786376953,94.52999877929688,94.67009735107422,28323
2026-04-17 14:28:00+00:00,94.69989776611328,94.94000244140625,94.67500305175781,94.91999816894531,22716
2026-04-17 14:29:00+00:00,94.93000030517578,95.08999633789062,94.93000030517578,94.99009704589844,28211
2026-04-17 14:30:00+00:00,95.0510025024414,95.33580017089844,95.05010223388672,95.2300033569336,71693
2026-04-17 14:31:00+00:00,95.2300033569336,95.32499694824219,95.19419860839844,95.19419860839844,13986
2026-04-17 14:32:00+00:00,95.27989959716797,95.31009674072266,95.13009643554688,95.16999816894531,21012
2026-04-17 14:33:00+00:00,95.1500015258789,95.33000183105469,95.02999877929688,95.30999755859375,41505
2026-04-17 14:34:00+00:00,95.3031005859375,95.3499984741211,95.26499938964844,95.29000091552734,21996
2026-04-17 14:35:00+00:00,95.2699966430664,95.2699966430664,94.92060089111328,94.97000122070312,17289
2026-04-17 14:36:00+00:00,95.05999755859375,95.18000030517578,95.0199966430664,95.18000030517578,14735
2026-04-17 14:37:00+00:00,95.17520141601562,95.22000122070312,95.04000091552734,95.06999969482422,11955
2026-04-17 14:38:00+00:00,95.18000030517578,95.20999908447266,95.1449966430664,95.20999908447266,9393
2026-04-17 14:39:00+00:00,95.20500183105469,95.36499786376953,95.16000366210938,95.36499786376953,8986
2026-04-17 14:40:00+00:00,95.36990356445312,95.53839874267578,95.27999877929688,95.41000366210938,39785
2026-04-17 14:41:00+00:00,95.44999694824219,95.49500274658203,95.43499755859375,95.49500274658203,10122
2026-04-17 14:42:00+00:00,95.48500061035156,95.5199966430664,95.41999816894531,95.41999816894531,38702
2026-04-17 14:43:00+00:00,95.44650268554688,95.44989776611328,95.23999786376953,95.26000213623047,21237
2026-04-17 14:44:00+00:00,95.23999786376953,95.26499938964844,95.20010375976562,95.26000213623047,15893
2026-04-17 14:45:00+00:00,95.2699966430664,95.33000183105469,95.26000213623047,95.30000305175781,23542
2026-04-17 14:46:00+00:00,95.31999969482422,95.35990142822266,95.20010375976562,95.30000305175781,14676
2026-04-17 14:47:00+00:00,95.27999877929688,95.31500244140625,95.19999694824219,95.31500244140625,11628
2026-04-17 14:48:00+00:00,95.2699966430664,95.45999908447266,95.2300033569336,95.36840057373047,7425
2026-04-17 14:49:00+00:00,95.37999725341797,95.48999786376953,95.37999725341797,95.43000030517578,10753
2026-04-17 14:50:00+00:00,95.44999694824219,95.48999786376953,95.2300033569336,95.24400329589844,20314
2026-04-17 14:51:00+00:00,95.28399658203125,95.32440185546875,95.25,95.25,4374
2026-04-17 14:52:00+00:00,95.2699966430664,95.33000183105469,95.1500015258789,95.18000030517578,14009
2026-04-17 14:53:00+00:00,95.11990356445312,95.11990356445312,95.03079986572266,95.11000061035156,3658
2026-04-17 14:54:00+00:00,95.16500091552734,95.23999786376953,94.98999786376953,95.03500366210938,13380
2026-04-17 14:55:00+00:00,94.95999908447266,94.96980285644531,94.75,94.75,18230
2026-04-17 14:56:00+00:00,94.73999786376953,95.18000030517578,94.73999786376953,95.17500305175781,18257
2026-04-17 14:57:00+00:00,95.21499633789062,95.32499694824219,95.19999694824219,95.22000122070312,8870
2026-04-17 14:58:00+00:00,95.22260284423828,95.2249984741211,95.04000091552734,95.09989929199219,10862
2026-04-17 14:59:00+00:00,95.0,95.0,94.90139770507812,94.94999694824219,8192
2026-04-17 15:00:00+00:00,94.9800033569336,94.9800033569336,94.83999633789062,94.9000015258789,17084
2026-04-17 15:01:00+00:00,95.0,95.05500030517578,94.97000122070312,95.04000091552734,10453
2026-04-17 15:02:00+00:00,95.05850219726562,95.2249984741211,95.04499816894531,95.22000122070312,8697
2026-04-17 15:03:00+00:00,95.20999908447266,95.27999877929688,95.01000213623047,95.1050033569336,23385
2026-04-17 15:04:00+00:00,95.05000305175781,95.19999694824219,95.0199966430664,95.17500305175781,8944
2026-04-17 15:05:00+00:00,95.19499969482422,95.4000015258789,95.16500091552734,95.4000015258789,14056
2026-04-17 15:06:00+00:00,95.36000061035156,95.5199966430664,95.3550033569336,95.51000213623047,34261
2026-04-17 15:07:00+00:00,95.47000122070312,95.5593032836914,95.410400390625,95.41500091552734,18152
2026-04-17 15:08:00+00:00,95.37300109863281,95.45500183105469,95.37010192871094,95.45500183105469,8854
2026-04-17 15:09:00+00:00,95.44000244140625,95.5199966430664,95.41500091552734,95.51000213623047,5690
2026-04-17 15:10:00+00:00,95.5199966430664,95.62999725341797,95.5199966430664,95.52999877929688,16454
2026-04-17 15:11:00+00:00,95.4801025390625,95.48999786376953,95.31999969482422,95.37999725341797,12749
2026-04-17 15:12:00+00:00,95.41500091552734,95.43499755859375,95.33499908447266,95.33499908447266,4030
2026-04-17 15:13:00+00:00,95.37000274658203,95.4000015258789,95.23999786376953,95.33000183105469,24050
2026-04-17 15:14:00+00:00,95.33809661865234,95.4000015258789,95.30000305175781,95.3301010131836,12818
2026-04-17 15:15:00+00:00,95.37000274658203,95.5,95.36000061035156,95.43000030517578,10845
2026-04-17 15:16:00+00:00,95.43000030517578,95.5199966430664,95.41999816894531,95.43000030517578,7028
2026-04-17 15:17:00+00:00,95.44000244140625,95.44000244140625,95.3499984741211,95.36499786376953,5827
2026-04-17 15:18:00+00:00,95.36499786376953,95.36499786376953,95.16999816894531,95.23999786376953,10500
2026-04-17 15:19:00+00:00,95.18000030517578,95.18000030517578,95.0199966430664,95.12999725341797,15061
2026-04-17 15:20:00+00:00,95.20999908447266,95.22219848632812,95.09020233154297,95.13999938964844,5584
2026-04-17 15:21:00+00:00,95.18000030517578,95.3499984741211,95.15360260009766,95.30999755859375,11461
2026-04-17 15:22:00+00:00,95.347900390625,95.347900390625,95.26000213623047,95.31999969482422,9602
2026-04-17 15:23:00+00:00,95.27999877929688,95.42549896240234,95.27999877929688,95.38500213623047,15555
2026-04-17 15:24:00+00:00,95.3595962524414,95.3595962524414,95.28500366210938,95.31990051269531,5222
2026-04-17 15:25:00+00:00,95.30999755859375,95.375,95.2699966430664,95.2699966430664,6516
2026-04-17 15:26:00+00:00,95.33000183105469,95.37999725341797,95.33000183105469,95.3550033569336,2810
2026-04-17 15:27:00+00:00,95.37999725341797,95.37999725341797,95.30000305175781,95.36509704589844,2754
2026-04-17 15:28:00+00:00,95.37000274658203,95.5,95.37000274658203,95.40010070800781,10668
2026-04-17 15:29:00+00:00,95.36000061035156,95.36000061035156,95.2300033569336,95.26000213623047,4842
2026-04-17 15:30:00+00:00,95.30280303955078,95.33999633789062,95.30280303955078,95.33999633789062,3873
2026-04-17 15:31:00+00:00,95.33999633789062,95.4531021118164,95.30999755859375,95.44999694824219,11979
2026-04-17 15:32:00+00:00,95.43000030517578,95.47000122070312,95.30000305175781,95.3499984741211,4921
2026-04-17 15:33:00+00:00,95.37000274658203,95.5,95.37000274658203,95.45010375976562,7560
2026-04-17 15:34:00+00:00,95.44000244140625,95.5250015258789,95.43499755859375,95.51000213623047,22664
2026-04-17 15:35:00+00:00,95.53199768066406,95.57939910888672,95.52999877929688,95.52999877929688,12908
2026-04-17 15:36:00+00:00,95.58000183105469,95.69000244140625,95.55000305175781,95.63390350341797,26369
2026-04-17 15:37:00+00:00,95.68499755859375,95.69999694824219,95.47000122070312,95.50299835205078,27968
2026-04-17 15:38:00+00:00,95.52999877929688,95.69999694824219,95.52999877929688,95.69000244140625,8343
2026-04-17 15:39:00+00:00,95.66999816894531,95.81999969482422,95.6500015258789,95.81999969482422,15583
2026-04-17 15:40:00+00:00,95.84010314941406,95.90989685058594,95.70999908447266,95.70999908447266,17399
2026-04-17 15:41:00+00:00,95.70989990234375,95.7300033569336,95.61000061035156,95.67500305175781,12746
2026-04-17 15:42:00+00:00,95.63059997558594,95.63999938964844,95.52999877929688,95.5999984741211,17846
2026-04-17 15:43:00+00:00,95.60009765625,95.69000244140625,95.55500030517578,95.55500030517578,10285
2026-04-17 15:44:00+00:00,95.57499694824219,95.5801010131836,95.54000091552734,95.55000305175781,5335
2026-04-17 15:45:00+00:00,95.55000305175781,95.79000091552734,95.55000305175781,95.78079986572266,8576
2026-04-17 15:46:00+00:00,95.81999969482422,95.81999969482422,95.6500015258789,95.6500015258789,9458
2026-04-17 15:47:00+00:00,95.69499969482422,95.73989868164062,95.61000061035156,95.6500015258789,5041
2026-04-17 15:48:00+00:00,95.65070343017578,95.80000305175781,95.65070343017578,95.80000305175781,7156
2026-04-17 15:49:00+00:00,95.79000091552734,95.95999908447266,95.72000122070312,95.8301010131836,46248
2026-04-17 15:50:00+00:00,95.79000091552734,95.94499969482422,95.79000091552734,95.94499969482422,11141
2026-04-17 15:51:00+00:00,95.95989990234375,96.00499725341797,95.91999816894531,95.92009735107422,96886
2026-04-17 15:52:00+00:00,95.90010070800781,95.90010070800781,95.7249984741211,95.7249984741211,11931
2026-04-17 15:53:00+00:00,95.71829986572266,95.7698974609375,95.63999938964844,95.70999908447266,14637
2026-04-17 15:54:00+00:00,95.7500991821289,95.7699966430664,95.75,95.75700378417969,2899
2026-04-17 15:55:00+00:00,95.63999938964844,95.6449966430664,95.58000183105469,95.61000061035156,10727
2026-04-17 15:56:00+00:00,95.57009887695312,95.57009887695312,95.47000122070312,95.56999969482422,10041
2026-04-17 15:57:00+00:00,95.52999877929688,95.5999984741211,95.52999877929688,95.56439971923828,8399
2026-04-17 15:58:00+00:00,95.54499816894531,95.54499816894531,95.31999969482422,95.31999969482422,10163
2026-04-17 15:59:00+00:00,95.33999633789062,95.33999633789062,95.05999755859375,95.09500122070312,60894
2026-04-17 16:00:00+00:00,95.09500122070312,95.09500122070312,94.91500091552734,94.91500091552734,33293
2026-04-17 16:01:00+00:00,95.03500366210938,95.22000122070312,95.03500366210938,95.19989776611328,19413
2026-04-17 16:02:00+00:00,95.23999786376953,95.30999755859375,95.23999786376953,95.30999755859375,20055
2026-04-17 16:03:00+00:00,95.30000305175781,95.38999938964844,95.2699966430664,95.30999755859375,22950
2026-04-17 16:04:00+00:00,95.23999786376953,95.30000305175781,95.19499969482422,95.28299713134766,36215
2026-04-17 16:05:00+00:00,95.25,95.33000183105469,95.25,95.31999969482422,35133
2026-04-17 16:06:00+00:00,95.30000305175781,95.38500213623047,95.30000305175781,95.38009643554688,5391
2026-04-17 16:07:00+00:00,95.41999816894531,95.4800033569336,95.41999816894531,95.46499633789062,4961
2026-04-17 16:08:00+00:00,95.5,95.56999969482422,95.5,95.55000305175781,9709
2026-04-17 16:09:00+00:00,95.5250015258789,95.5250015258789,95.4800033569336,95.51499938964844,9358
2026-04-17 16:10:00+00:00,95.48999786376953,95.5999984741211,95.47000122070312,95.56999969482422,44668
2026-04-17 16:11:00+00:00,95.55000305175781,95.68000030517578,95.55000305175781,95.63999938964844,16958
2026-04-17 16:12:00+00:00,95.68000030517578,95.70999908447266,95.58999633789062,95.59500122070312,21261
2026-04-17 16:13:00+00:00,95.58499908447266,95.5999984741211,95.5,95.50800323486328,8608
2026-04-17 16:14:00+00:00,95.55999755859375,95.5999984741211,95.5199966430664,95.55000305175781,4816
2026-04-17 16:15:00+00:00,95.5,95.66999816894531,95.5,95.57009887695312,14139
2026-04-17 16:16:00+00:00,95.59500122070312,95.59500122070312,95.3949966430664,95.3949966430664,8481
2026-04-17 16:17:00+00:00,95.38500213623047,95.44999694824219,95.30999755859375,95.33999633789062,7050
2026-04-17 16:18:00+00:00,95.30999755859375,95.41000366210938,95.26000213623047,95.33000183105469,49822
2026-04-17 16:19:00+00:00,95.33000183105469,95.36000061035156,95.20010375976562,95.22010040283203,21584
2026-04-17 16:20:00+00:00,95.25,95.31999969482422,95.2300033569336,95.30000305175781,7388
2026-04-17 16:21:00+00:00,95.29000091552734,95.33989715576172,95.2699966430664,95.27999877929688,6137
2026-04-17 16:22:00+00:00,95.27999877929688,95.3499984741211,95.27999877929688,95.33000183105469,4880
2026-04-17 16:23:00+00:00,95.37000274658203,95.38999938964844,95.3499984741211,95.37999725341797,5744
2026-04-17 16:24:00+00:00,95.29000091552734,95.33999633789062,95.29000091552734,95.33999633789062,3889
2026-04-17 16:25:00+00:00,95.33999633789062,95.45999908447266,95.33999633789062,95.45010375976562,3553
2026-04-17 16:26:00+00:00,95.41999816894531,95.4657974243164,95.38999938964844,95.41000366210938,3088
2026-04-17 16:27:00+00:00,95.4000015258789,95.4000015258789,95.36000061035156,95.37000274658203,3262
2026-04-17 16:28:00+00:00,95.37999725341797,95.38500213623047,95.35649871826172,95.35649871826172,1534
2026-04-17 16:29:00+00:00,95.3499984741211,95.3499984741211,95.30010223388672,95.33999633789062,2746
2026-04-17 16:30:00+00:00,95.3499984741211,95.3949966430664,95.33999633789062,95.33999633789062,3291
2026-04-17 16:31:00+00:00,95.3499984741211,95.3499984741211,95.27999877929688,95.31009674072266,6459
2026-04-17 16:32:00+00:00,95.30999755859375,95.30999755859375,95.26000213623047,95.26000213623047,5811
2026-04-17 16:33:00+00:00,95.29000091552734,95.29000091552734,95.11000061035156,95.11000061035156,22204
2026-04-17 16:34:00+00:00,95.08000183105469,95.16000366210938,95.08000183105469,95.16000366210938,13997
2026-04-17 16:35:00+00:00,95.16000366210938,95.25,95.12000274658203,95.23999786376953,11594
2026-04-17 16:36:00+00:00,95.19999694824219,95.31999969482422,95.18800354003906,95.30000305175781,9274
2026-04-17 16:37:00+00:00,95.30000305175781,95.31999969482422,95.2957992553711,95.30000305175781,5956
2026-04-17 16:38:00+00:00,95.29000091552734,95.29000091552734,95.23159790039062,95.2699966430664,4044
2026-04-17 16:39:00+00:00,95.29000091552734,95.30999755859375,95.27989959716797,95.27999877929688,10597
2026-04-17 16:40:00+00:00,95.30999755859375,95.30999755859375,95.19000244140625,95.2300033569336,6639
2026-04-17 16:41:00+00:00,95.23999786376953,95.30000305175781,95.22010040283203,95.2699966430664,3233
2026-04-17 16:42:00+00:00,95.20999908447266,95.20999908447266,95.1500015258789,95.18499755859375,3225
2026-04-17 16:43:00+00:00,95.25,95.25,95.18000030517578,95.19999694824219,11363
2026-04-17 16:44:00+00:00,95.19000244140625,95.25,95.18000030517578,95.25,4498
2026-04-17 16:45:00+00:00,95.24019622802734,95.33000183105469,95.24019622802734,95.33000183105469,3470
2026-04-17 16:46:00+00:00,95.36000061035156,95.44000244140625,95.30999755859375,95.44000244140625,6424
2026-04-17 16:47:00+00:00,95.41999816894531,95.51000213623047,95.37999725341797,95.37999725341797,6273
2026-04-17 16:48:00+00:00,95.37000274658203,95.4800033569336,95.36990356445312,95.4800033569336,4137
2026-04-17 16:49:00+00:00,95.46499633789062,95.46499633789062,95.35430145263672,95.37999725341797,6565
2026-04-17 16:50:00+00:00,95.41000366210938,95.41000366210938,95.37999725341797,95.37999725341797,2253
2026-04-17 16:51:00+00:00,95.38999938964844,95.40010070800781,95.37010192871094,95.40010070800781,3539
2026-04-17 16:52:00+00:00,95.4000015258789,95.40499877929688,95.37999725341797,95.38500213623047,2228
2026-04-17 16:53:00+00:00,95.3499984741211,95.4000015258789,95.31999969482422,95.4000015258789,6907
2026-04-17 16:54:00+00:00,95.33999633789062,95.4000015258789,95.30999755859375,95.37999725341797,6368
2026-04-17 16:55:00+00:00,95.35990142822266,95.41999816894531,95.35990142822266,95.40499877929688,9040
2026-04-17 16:56:00+00:00,95.38999938964844,95.41999816894531,95.33999633789062,95.33999633789062,5205
2026-04-17 16:57:00+00:00,95.33000183105469,95.3550033569336,95.33000183105469,95.3550033569336,2931
2026-04-17 16:58:00+00:00,95.41000366210938,95.41500091552734,95.36009979248047,95.3949966430664,4692
2026-04-17 16:59:00+00:00,95.37000274658203,95.375,95.30010223388672,95.375,3121
2026-04-17 17:00:00+00:00,95.37999725341797,95.47000122070312,95.3550033569336,95.45999908447266,10858
2026-04-17 17:01:00+00:00,95.47000122070312,95.47000122070312,95.2699966430664,95.33000183105469,14497
2026-04-17 17:02:00+00:00,95.36000061035156,95.36000061035156,95.27980041503906,95.30500030517578,3479
2026-04-17 17:03:00+00:00,95.3949966430664,95.3949966430664,95.29499816894531,95.29499816894531,3571
2026-04-17 17:04:00+00:00,95.28500366210938,95.33000183105469,95.25,95.33000183105469,8756
2026-04-17 17:05:00+00:00,95.30999755859375,95.30999755859375,95.25,95.30979919433594,4112
2026-04-17 17:06:00+00:00,95.31999969482422,95.31999969482422,95.16999816894531,95.16999816894531,8502
2026-04-17 17:07:00+00:00,95.18000030517578,95.2300033569336,95.18000030517578,95.19999694824219,5082
2026-04-17 17:08:00+00:00,95.1449966430664,95.15989685058594,94.87000274658203,94.9000015258789,105983
2026-04-17 17:09:00+00:00,95.01000213623047,95.11000061035156,94.91999816894531,95.05999755859375,11760
2026-04-17 17:10:00+00:00,95.05999755859375,95.08000183105469,95.04000091552734,95.04000091552734,6302
2026-04-17 17:11:00+00:00,94.95999908447266,94.98999786376953,94.86499786376953,94.9000015258789,7365
2026-04-17 17:12:00+00:00,94.94000244140625,94.94000244140625,94.80999755859375,94.86000061035156,28220
2026-04-17 17:13:00+00:00,94.83999633789062,94.95999908447266,94.83999633789062,94.92500305175781,6983
2026-04-17 17:14:00+00:00,94.94999694824219,95.018798828125,94.92500305175781,94.9800033569336,8721
2026-04-17 17:15:00+00:00,95.0,95.08000183105469,94.99939727783203,95.0,13495
2026-04-17 17:16:00+00:00,95.0199966430664,95.13999938964844,95.0199966430664,95.13999938964844,22079
2026-04-17 17:17:00+00:00,95.08499908447266,95.14019775390625,94.98999786376953,94.98999786376953,5279
2026-04-17 17:18:00+00:00,95.0,95.01000213623047,94.93499755859375,94.93499755859375,2304
2026-04-17 17:19:00+00:00,94.95030212402344,94.95030212402344,94.84500122070312,94.84500122070312,6104
2026-04-17 17:20:00+00:00,94.83999633789062,94.83999633789062,94.61019897460938,94.66999816894531,14709
2026-04-17 17:21:00+00:00,94.67510223388672,94.67510223388672,94.52140045166016,94.6259994506836,14172
2026-04-17 17:22:00+00:00,94.63999938964844,94.77999877929688,94.63999938964844,94.7699966430664,11892
2026-04-17 17:23:00+00:00,94.75,94.91000366210938,94.75,94.88580322265625,9657
2026-04-17 17:24:00+00:00,94.86579895019531,94.86720275878906,94.20999908447266,94.38999938964844,83081
2026-04-17 17:25:00+00:00,94.44999694824219,94.56999969482422,94.44499969482422,94.44499969482422,18809
2026-04-17 17:26:00+00:00,94.48200225830078,94.58999633789062,94.31999969482422,94.54499816894531,40289
2026-04-17 17:27:00+00:00,94.51000213623047,94.63999938964844,94.47000122070312,94.61000061035156,16174
2026-04-17 17:28:00+00:00,94.5999984741211,94.62999725341797,94.44999694824219,94.5,27616
2026-04-17 17:29:00+00:00,94.50810241699219,94.61000061035156,94.50810241699219,94.58000183105469,8237
2026-04-17 17:30:00+00:00,94.58000183105469,94.76000213623047,94.58000183105469,94.76000213623047,10082
2026-04-17 17:31:00+00:00,94.78099822998047,94.80000305175781,94.70999908447266,94.70999908447266,33165
2026-04-17 17:32:00+00:00,94.69499969482422,94.69499969482422,94.5999984741211,94.66000366210938,6912
2026-04-17 17:33:00+00:00,94.6500015258789,94.69999694824219,94.62999725341797,94.69999694824219,6919
2026-04-17 17:34:00+00:00,94.76000213623047,94.80999755859375,94.69999694824219,94.72000122070312,6605
2026-04-17 17:35:00+00:00,94.69000244140625,94.73999786376953,94.62000274658203,94.62000274658203,4651
2026-04-17 17:36:00+00:00,94.62200164794922,94.66000366210938,94.62200164794922,94.66000366210938,3207
2026-04-17 17:37:00+00:00,94.68000030517578,94.9000015258789,94.68000030517578,94.9000015258789,26989
2026-04-17 17:38:00+00:00,94.91000366210938,94.91999816894531,94.84020233154297,94.86000061035156,9017
2026-04-17 17:39:00+00:00,94.91999816894531,94.91999816894531,94.81999969482422,94.8499984741211,5278
2026-04-17 17:40:00+00:00,94.84049987792969,94.97000122070312,94.84049987792969,94.95999908447266,7235
2026-04-17 17:41:00+00:00,94.95999908447266,94.98030090332031,94.88500213623047,94.9000015258789,7950
2026-04-17 17:42:00+00:00,94.96009826660156,95.01000213623047,94.95110321044922,94.97000122070312,8689
2026-04-17 17:43:00+00:00,94.95999908447266,94.95999908447266,94.94010162353516,94.94010162353516,4744
2026-04-17 17:44:00+00:00,94.98999786376953,94.98999786376953,94.95999908447266,94.95999908447266,1514
2026-04-17 17:45:00+00:00,95.01499938964844,95.0999984741211,95.01010131835938,95.07009887695312,10648
2026-04-17 17:46:00+00:00,95.08999633789062,95.16000366210938,95.06999969482422,95.13999938964844,13648
2026-04-17 17:47:00+00:00,95.19999694824219,95.25,95.19999694824219,95.25,5799
2026-04-17 17:48:00+00:00,95.19999694824219,95.20999908447266,95.16400146484375,95.18000030517578,2592
2026-04-17 17:49:00+00:00,95.18499755859375,95.18499755859375,95.08999633789062,95.08999633789062,4719
2026-04-17 17:50:00+00:00,95.06999969482422,95.18000030517578,95.06999969482422,95.18000030517578,7399
2026-04-17 17:51:00+00:00,95.1449966430664,95.1449966430664,95.11990356445312,95.12000274658203,2497
2026-04-17 17:52:00+00:00,95.07279968261719,95.09500122070312,95.07279968261719,95.09500122070312,2233
2026-04-17 17:53:00+00:00,95.09989929199219,95.11000061035156,95.05000305175781,95.11000061035156,4931
2026-04-17 17:54:00+00:00,95.0999984741211,95.10990142822266,95.05999755859375,95.05999755859375,2332
2026-04-17 17:55:00+00:00,95.05999755859375,95.11000061035156,95.05999755859375,95.11000061035156,1088
2026-04-17 17:56:00+00:00,95.0999984741211,95.19999694824219,95.09989929199219,95.19999694824219,5071
2026-04-17 17:57:00+00:00,95.19000244140625,95.19000244140625,95.19000244140625,95.19000244140625,1159
2026-04-17 17:58:00+00:00,95.12000274658203,95.12000274658203,95.02999877929688,95.02999877929688,4133
2026-04-17 17:59:00+00:00,95.02999877929688,95.02999877929688,94.98040008544922,95.0,7025
2026-04-17 18:00:00+00:00,95.04499816894531,95.11009979248047,95.04499816894531,95.05449676513672,4308
2026-04-17 18:01:00+00:00,95.02999877929688,95.16999816894531,95.02999877929688,95.16999816894531,5307
2026-04-17 18:02:00+00:00,95.18000030517578,95.22989654541016,95.1698989868164,95.19000244140625,4950
2026-04-17 18:03:00+00:00,95.08999633789062,95.08999633789062,95.0000991821289,95.0000991821289,2886
2026-04-17 18:04:00+00:00,95.05500030517578,95.125,95.04000091552734,95.08999633789062,2739
2026-04-17 18:05:00+00:00,95.0999984741211,95.12000274658203,95.05999755859375,95.12000274658203,4570
2026-04-17 18:06:00+00:00,95.11000061035156,95.17990112304688,95.06999969482422,95.16999816894531,4961
2026-04-17 18:07:00+00:00,95.16999816894531,95.16999816894531,95.10009765625,95.11009979248047,3887
2026-04-17 18:08:00+00:00,95.12000274658203,95.12000274658203,95.06500244140625,95.06500244140625,3055
2026-04-17 18:09:00+00:00,95.01000213623047,95.05000305175781,95.0,95.05000305175781,7120
2026-04-17 18:10:00+00:00,95.05999755859375,95.13999938964844,95.05000305175781,95.0801010131836,21921
2026-04-17 18:11:00+00:00,95.08000183105469,95.13999938964844,95.07499694824219,95.11000061035156,4393
2026-04-17 18:12:00+00:00,95.10009765625,95.19000244140625,95.0999984741211,95.19000244140625,7707
2026-04-17 18:13:00+00:00,95.16010284423828,95.17500305175781,95.1500015258789,95.1500015258789,1626
2026-04-17 18:14:00+00:00,95.04989624023438,95.09500122070312,95.04989624023438,95.09500122070312,2077
2026-04-17 18:15:00+00:00,95.13999938964844,95.19999694824219,95.0999984741211,95.19999694824219,7918
2026-04-17 18:16:00+00:00,95.18569946289062,95.22000122070312,95.16999816894531,95.20999908447266,6086
2026-04-17 18:17:00+00:00,95.21990203857422,95.37000274658203,95.21990203857422,95.3499984741211,25261
2026-04-17 18:18:00+00:00,95.4000015258789,95.43000030517578,95.36009979248047,95.38999938964844,8241
2026-04-17 18:19:00+00:00,95.375,95.375,95.27999877929688,95.27999877929688,5913
2026-04-17 18:20:00+00:00,95.33999633789062,95.33999633789062,95.21499633789062,95.2249984741211,4046
2026-04-17 18:21:00+00:00,95.22000122070312,95.24009704589844,95.09500122070312,95.09500122070312,6128
2026-04-17 18:22:00+00:00,95.12999725341797,95.12999725341797,95.05989837646484,95.125,6030
2026-04-17 18:23:00+00:00,95.11000061035156,95.30000305175781,95.08000183105469,95.30000305175781,21594
2026-04-17 18:24:00+00:00,95.33000183105469,95.37999725341797,95.31500244140625,95.36000061035156,8057
2026-04-17 18:25:00+00:00,95.38999938964844,95.5199966430664,95.38999938964844,95.5,22747
2026-04-17 18:26:00+00:00,95.41500091552734,95.4800033569336,95.41500091552734,95.4800033569336,5197
2026-04-17 18:27:00+00:00,95.41999816894531,95.44999694824219,95.3949966430664,95.43000030517578,4139
2026-04-17 18:28:00+00:00,95.41000366210938,95.41000366210938,95.29000091552734,95.29000091552734,4451
2026-04-17 18:29:00+00:00,95.30000305175781,95.30000305175781,95.22010040283203,95.27999877929688,3239
2026-04-17 18:30:00+00:00,95.33999633789062,95.36000061035156,95.31999969482422,95.36000061035156,13480
2026-04-17 18:31:00+00:00,95.3291015625,95.3291015625,95.26000213623047,95.26509857177734,3219
2026-04-17 18:32:00+00:00,95.33499908447266,95.33499908447266,95.30999755859375,95.31999969482422,3876
2026-04-17 18:33:00+00:00,95.31999969482422,95.43900299072266,95.31999969482422,95.43099975585938,7803
2026-04-17 18:34:00+00:00,95.43499755859375,95.44999694824219,95.41999816894531,95.44999694824219,4598
2026-04-17 18:35:00+00:00,95.4000015258789,95.44499969482422,95.37000274658203,95.44499969482422,4942
2026-04-17 18:36:00+00:00,95.4801025390625,95.48999786376953,95.47000122070312,95.48999786376953,2600
2026-04-17 18:37:00+00:00,95.48040008544922,95.5,95.48040008544922,95.5,7605
2026-04-17 18:38:00+00:00,95.5199966430664,95.55999755859375,95.5199966430664,95.5250015258789,6685
2026-04-17 18:39:00+00:00,95.54000091552734,95.54010009765625,95.41999816894531,95.5,9418
2026-04-17 18:40:00+00:00,95.4800033569336,95.52999877929688,95.4800033569336,95.5,10988
2026-04-17 18:41:00+00:00,95.4800033569336,95.51499938964844,95.47010040283203,95.51499938964844,2153
2026-04-17 18:42:00+00:00,95.5199966430664,95.5199966430664,95.41999816894531,95.47989654541016,5615
2026-04-17 18:43:00+00:00,95.44999694824219,95.5199966430664,95.44499969482422,95.5199966430664,6717
2026-04-17 18:44:00+00:00,95.5093994140625,95.58000183105469,95.5093994140625,95.58000183105469,6846
2026-04-17 18:45:00+00:00,95.58000183105469,95.63999938964844,95.54000091552734,95.54000091552734,14616
2026-04-17 18:46:00+00:00,95.48999786376953,95.5,95.47019958496094,95.47019958496094,3159
2026-04-17 18:47:00+00:00,95.4800033569336,95.4800033569336,95.4800033569336,95.4800033569336,314
2026-04-17 18:48:00+00:00,95.49500274658203,95.52999877929688,95.4800033569336,95.52999877929688,2473
2026-04-17 18:49:00+00:00,95.51000213623047,95.51000213623047,95.45500183105469,95.456298828125,3797
2026-04-17 18:50:00+00:00,95.47570037841797,95.47570037841797,95.43499755859375,95.46499633789062,2175
2026-04-17 18:51:00+00:00,95.41999816894531,95.45500183105469,95.4000015258789,95.4000015258789,16303
2026-04-17 18:52:00+00:00,95.37999725341797,95.4000015258789,95.29010009765625,95.35420227050781,13748
2026-04-17 18:53:00+00:00,95.30999755859375,95.41999816894531,95.28250122070312,95.41999816894531,5617
2026-04-17 18:54:00+00:00,95.43000030517578,95.43000030517578,95.23999786376953,95.37879943847656,18029
2026-04-17 18:55:00+00:00,95.3499984741211,95.5,95.3499984741211,95.5,13827
2026-04-17 18:56:00+00:00,95.55999755859375,95.58000183105469,95.52999877929688,95.56999969482422,8344
2026-04-17 18:57:00+00:00,95.52999877929688,95.55999755859375,95.52999877929688,95.55999755859375,6159
2026-04-17 18:58:00+00:00,95.5999984741211,95.5999984741211,95.50029754638672,95.50029754638672,7192
2026-04-17 18:59:00+00:00,95.51000213623047,95.55000305175781,95.51000213623047,95.5199966430664,11533
2026-04-17 19:00:00+00:00,95.4800033569336,95.5199966430664,95.4800033569336,95.48500061035156,2455
2026-04-17 19:01:00+00:00,95.52999877929688,95.55999755859375,95.50499725341797,95.55000305175781,4960
2026-04-17 19:02:00+00:00,95.56999969482422,95.56999969482422,95.5199966430664,95.55000305175781,4363
2026-04-17 19:03:00+00:00,95.55000305175781,95.55010223388672,95.5,95.55010223388672,4270
2026-04-17 19:04:00+00:00,95.55000305175781,95.55999755859375,95.5199966430664,95.55999755859375,4752
2026-04-17 19:05:00+00:00,95.52999877929688,95.52999877929688,95.4000015258789,95.4010009765625,9968
2026-04-17 19:06:00+00:00,95.4220962524414,95.5,95.4220962524414,95.47000122070312,15523
2026-04-17 19:07:00+00:00,95.5,95.52999877929688,95.46499633789062,95.46499633789062,49374
2026-04-17 19:08:00+00:00,95.48999786376953,95.50499725341797,95.48999786376953,95.5,2399
2026-04-17 19:09:00+00:00,95.48999786376953,95.48999786376953,95.45500183105469,95.46990203857422,3755
2026-04-17 19:10:00+00:00,95.50379943847656,95.50379943847656,95.4000015258789,95.4000015258789,3305
2026-04-17 19:11:00+00:00,95.41999816894531,95.47000122070312,95.37999725341797,95.44989776611328,5221
2026-04-17 19:12:00+00:00,95.41999816894531,95.41999816894531,95.41999816894531,95.41999816894531,695
2026-04-17 19:13:00+00:00,95.4800033569336,95.5199966430664,95.4800033569336,95.5,8046
2026-04-17 19:14:00+00:00,95.5,95.55000305175781,95.4800033569336,95.5199966430664,7522
2026-04-17 19:15:00+00:00,95.52010345458984,95.73999786376953,95.52010345458984,95.73269653320312,18223
2026-04-17 19:16:00+00:00,95.76000213623047,95.83999633789062,95.76000213623047,95.81999969482422,16298
2026-04-17 19:17:00+00:00,95.81089782714844,95.83989715576172,95.70500183105469,95.7300033569336,5878
2026-04-17 19:18:00+00:00,95.75,95.9000015258789,95.75,95.87999725341797,9159
2026-04-17 19:19:00+00:00,95.94999694824219,95.95999908447266,95.80500030517578,95.8499984741211,6516
2026-04-17 19:20:00+00:00,95.91000366210938,95.98999786376953,95.91000366210938,95.94999694824219,46002
2026-04-17 19:21:00+00:00,95.94499969482422,95.98999786376953,95.91000366210938,95.9749984741211,9325
2026-04-17 19:22:00+00:00,95.98999786376953,96.01499938964844,95.94499969482422,95.95999908447266,77447
2026-04-17 19:23:00+00:00,95.98570251464844,95.98570251464844,95.93000030517578,95.95999908447266,5892
2026-04-17 19:24:00+00:00,95.90010070800781,95.94010162353516,95.89990234375,95.94010162353516,1690
2026-04-17 19:25:00+00:00,95.94950103759766,96.05000305175781,95.94950103759766,96.0199966430664,20543
2026-04-17 19:26:00+00:00,96.0199966430664,96.05000305175781,96.0199966430664,96.05000305175781,4853
2026-04-17 19:27:00+00:00,96.02999877929688,96.02999877929688,95.95999908447266,95.98999786376953,3417
2026-04-17 19:28:00+00:00,95.9999008178711,96.05999755859375,95.96499633789062,95.97000122070312,8654
2026-04-17 19:29:00+00:00,95.93000030517578,95.93000030517578,95.86000061035156,95.87000274658203,10547
2026-04-17 19:30:00+00:00,95.87999725341797,95.97000122070312,95.87999725341797,95.97000122070312,3998
2026-04-17 19:31:00+00:00,95.9800033569336,95.9800033569336,95.94499969482422,95.95999908447266,2532
2026-04-17 19:32:00+00:00,95.93000030517578,95.94999694824219,95.9000015258789,95.92009735107422,7217
2026-04-17 19:33:00+00:00,95.93499755859375,95.93499755859375,95.83000183105469,95.88009643554688,14176
2026-04-17 19:34:00+00:00,95.93000030517578,95.93000030517578,95.83999633789062,95.9000015258789,8967
2026-04-17 19:35:00+00:00,95.88999938964844,95.94000244140625,95.8499984741211,95.86990356445312,6868
2026-04-17 19:36:00+00:00,95.8301010131836,95.8301010131836,95.75,95.7699966430664,16624
2026-04-17 19:37:00+00:00,95.76000213623047,95.81999969482422,95.74009704589844,95.80999755859375,3261
2026-04-17 19:38:00+00:00,95.82009887695312,95.94000244140625,95.82009887695312,95.94000244140625,9933
2026-04-17 19:39:00+00:00,95.91999816894531,95.94999694824219,95.86000061035156,95.91999816894531,8440
2026-04-17 19:40:00+00:00,95.94000244140625,95.98999786376953,95.91000366210938,95.97000122070312,11962
2026-04-17 19:41:00+00:00,95.88999938964844,95.91000366210938,95.8208999633789,95.83999633789062,4902
2026-04-17 19:42:00+00:00,95.87000274658203,96.0,95.87000274658203,96.0,34677
2026-04-17 19:43:00+00:00,96.04000091552734,96.04000091552734,95.99500274658203,95.99500274658203,6539
2026-04-17 19:44:00+00:00,96.01000213623047,96.01000213623047,95.83499908447266,95.93000030517578,12455
2026-04-17 19:45:00+00:00,95.9749984741211,95.9749984741211,95.8759994506836,95.91000366210938,7675
2026-04-17 19:46:00+00:00,95.92500305175781,96.01000213623047,95.92500305175781,96.01000213623047,9919
2026-04-17 19:47:00+00:00,96.01000213623047,96.02020263671875,95.96499633789062,95.97000122070312,9695
2026-04-17 19:48:00+00:00,96.0,96.05989837646484,96.0,96.02999877929688,9620
2026-04-17 19:49:00+00:00,96.04000091552734,96.05000305175781,96.01000213623047,96.03019714355469,10732
2026-04-17 19:50:00+00:00,96.0999984741211,96.18000030517578,95.95010375976562,96.02999877929688,38887
2026-04-17 19:51:00+00:00,95.9800033569336,96.08000183105469,95.94000244140625,96.05999755859375,17766
2026-04-17 19:52:00+00:00,96.05999755859375,96.05999755859375,96.0,96.0,7927
2026-04-17 19:53:00+00:00,96.00499725341797,96.11000061035156,95.95999908447266,96.01000213623047,23530
2026-04-17 19:54:00+00:00,96.00499725341797,96.16999816894531,96.0,96.08000183105469,29870
2026-04-17 19:55:00+00:00,96.13999938964844,96.2300033569336,96.04000091552734,96.08300018310547,32205
2026-04-17 19:56:00+00:00,96.12000274658203,96.19000244140625,96.12000274658203,96.13999938964844,24826
2026-04-17 19:57:00+00:00,96.12999725341797,96.15499877929688,96.04000091552734,96.15499877929688,26954
2026-04-17 19:58:00+00:00,96.16999816894531,96.2500991821289,96.1500015258789,96.23999786376953,73343
2026-04-17 19:59:00+00:00,96.25,96.26499938964844,96.13009643554688,96.20999908447266,30806
2026-04-20 13:30:00+00:00,94.66000366210938,95.12000274658203,93.16000366210938,93.51000213623047,601692
2026-04-20 13:31:00+00:00,93.47000122070312,94.0165023803711,93.41500091552734,93.94499969482422,63968
2026-04-20 13:32:00+00:00,93.87529754638672,93.95999908447266,93.58000183105469,93.66000366210938,34715
2026-04-20 13:33:00+00:00,93.62999725341797,94.37999725341797,93.62999725341797,94.375,46608
2026-04-20 13:34:00+00:00,94.37999725341797,95.12999725341797,94.37999725341797,95.01000213623047,91230
2026-04-20 13:35:00+00:00,95.07499694824219,95.07499694824219,94.66000366210938,94.71800231933594,39972
2026-04-20 13:36:00+00:00,94.63999938964844,94.94000244140625,94.5,94.63500213623047,28385
2026-04-20 13:37:00+00:00,94.59500122070312,94.80000305175781,94.4800033569336,94.69000244140625,25007
2026-04-20 13:38:00+00:00,94.84500122070312,94.8499984741211,94.2699966430664,94.2699966430664,29006
2026-04-20 13:39:00+00:00,94.21499633789062,94.23609924316406,94.07499694824219,94.23609924316406,32929
2026-04-20 13:40:00+00:00,94.25,94.31999969482422,94.0999984741211,94.30999755859375,15918
2026-04-20 13:41:00+00:00,94.30999755859375,94.48999786376953,94.16010284423828,94.45999908447266,22121
2026-04-20 13:42:00+00:00,94.4800033569336,94.55000305175781,94.33000183105469,94.41500091552734,15343
2026-04-20 13:43:00+00:00,94.46990203857422,94.49500274658203,94.43000030517578,94.46530151367188,9395
2026-04-20 13:44:00+00:00,94.41999816894531,94.52989959716797,94.38999938964844,94.4800033569336,11405
2026-04-20 13:45:00+00:00,94.52999877929688,94.61329650878906,94.375,94.4800033569336,24413
2026-04-20 13:46:00+00:00,94.41000366210938,94.55999755859375,94.39399719238281,94.51010131835938,10339
2026-04-20 13:47:00+00:00,94.55000305175781,94.55999755859375,94.38590240478516,94.38590240478516,31609
2026-04-20 13:48:00+00:00,94.47000122070312,94.61000061035156,94.37999725341797,94.38999938964844,12583
2026-04-20 13:49:00+00:00,94.30000305175781,94.30509948730469,94.12999725341797,94.19999694824219,23645
2026-04-20 13:50:00+00:00,94.30500030517578,94.30500030517578,94.06500244140625,94.13500213623047,20576
2026-04-20 13:51:00+00:00,94.16000366210938,94.35929870605469,94.11859893798828,94.2500991821289,29512
2026-04-20 13:52:00+00:00,94.32009887695312,94.66000366210938,94.31999969482422,94.66000366210938,59617
2026-04-20 13:53:00+00:00,94.69000244140625,94.80000305175781,94.58000183105469,94.58000183105469,18921
2026-04-20 13:54:00+00:00,94.63999938964844,94.93000030517578,94.5999984741211,94.62010192871094,29102
2026-04-20 13:55:00+00:00,94.5199966430664,94.77439880371094,94.5199966430664,94.77439880371094,15313
2026-04-20 13:56:00+00:00,94.79000091552734,95.0,94.78500366210938,94.98500061035156,19654
2026-04-20 13:57:00+00:00,94.98999786376953,95.05999755859375,94.93000030517578,94.99690246582031,77891
2026-04-20 13:58:00+00:00,95.02999877929688,95.05000305175781,94.87000274658203,94.88999938964844,16566
2026-04-20 13:59:00+00:00,94.8499984741211,94.88600158691406,94.75,94.87000274658203,33205
2026-04-20 14:00:00+00:00,94.94000244140625,94.94499969482422,94.78880310058594,94.86000061035156,15714
2026-04-20 14:01:00+00:00,94.90550231933594,94.93450164794922,94.66500091552734,94.66500091552734,14071
2026-04-20 14:02:00+00:00,94.62059783935547,94.62059783935547,94.41999816894531,94.54000091552734,21819
2026-04-20 14:03:00+00:00,94.51000213623047,94.51000213623047,94.26000213623047,94.29000091552734,31018
2026-04-20 14:04:00+00:00,94.3499984741211,94.40989685058594,94.27999877929688,94.3499984741211,12381
2026-04-20 14:05:00+00:00,94.36009979248047,94.53829956054688,94.36009979248047,94.5250015258789,18399
2026-04-20 14:06:00+00:00,94.51000213623047,94.5999984741211,94.45999908447266,94.5999984741211,5218
2026-04-20 14:07:00+00:00,94.54000091552734,94.62000274658203,94.5,94.52999877929688,16178
2026-04-20 14:08:00+00:00,94.51000213623047,94.51090240478516,94.33000183105469,94.33999633789062,9242
2026-04-20 14:09:00+00:00,94.30000305175781,94.51000213623047,94.27999877929688,94.48999786376953,32637
2026-04-20 14:10:00+00:00,94.56500244140625,94.6449966430664,94.54010009765625,94.58000183105469,9184
2026-04-20 14:11:00+00:00,94.51000213623047,94.51000213623047,94.16500091552734,94.26000213623047,24604
2026-04-20 14:12:00+00:00,94.25,94.33000183105469,94.0999984741211,94.16999816894531,12861
2026-04-20 14:13:00+00:00,94.26000213623047,94.36000061035156,94.23999786376953,94.36000061035156,13606
2026-04-20 14:14:00+00:00,94.2979965209961,94.2979965209961,94.19499969482422,94.2300033569336,7999
2026-04-20 14:15:00+00:00,94.20989990234375,94.20989990234375,94.0,94.0,21130
2026-04-20 14:16:00+00:00,94.0,94.04000091552734,93.9000015258789,93.9000015258789,17638
2026-04-20 14:17:00+00:00,93.9000015258789,93.9000015258789,93.69999694824219,93.7509994506836,28008
2026-04-20 14:18:00+00:00,93.70989990234375,93.75,93.62000274658203,93.62000274658203,16473
2026-04-20 14:19:00+00:00,93.62999725341797,93.86000061035156,93.5999984741211,93.80000305175781,31761
2026-04-20 14:20:00+00:00,93.79000091552734,93.86720275878906,93.70999908447266,93.81500244140625,14663
2026-04-20 14:21:00+00:00,93.7699966430664,93.97000122070312,93.7699966430664,93.97000122070312,9061
2026-04-20 14:22:00+00:00,94.0,94.05000305175781,93.93000030517578,94.0,6387
2026-04-20 14:23:00+00:00,94.0199966430664,94.02059936523438,93.9000015258789,93.96749877929688,6221
2026-04-20 14:24:00+00:00,93.97000122070312,94.0999984741211,93.8499984741211,94.0999984741211,12988
2026-04-20 14:25:00+00:00,94.08499908447266,94.11000061035156,94.0,94.00499725341797,7567
2026-04-20 14:26:00+00:00,93.99810028076172,94.21499633789062,93.99810028076172,94.18000030517578,20886
2026-04-20 14:27:00+00:00,94.17500305175781,94.17500305175781,93.9800033569336,94.0,12292
2026-04-20 14:28:00+00:00,94.0,94.0999984741211,94.0,94.03009796142578,4666
2026-04-20 14:29:00+00:00,93.91999816894531,93.91999816894531,93.81500244140625,93.83000183105469,14642
2026-04-20 14:30:00+00:00,93.76000213623047,93.81999969482422,93.72000122070312,93.7300033569336,8863
2026-04-20 14:31:00+00:00,93.7300033569336,93.7750015258789,93.55000305175781,93.76499938964844,16162
2026-04-20 14:32:00+00:00,93.7699966430664,93.81999969482422,93.73999786376953,93.75499725341797,21451
2026-04-20 14:33:00+00:00,93.87000274658203,93.9000015258789,93.83000183105469,93.83000183105469,11380
2026-04-20 14:34:00+00:00,93.83399963378906,93.83999633789062,93.76000213623047,93.81999969482422,4249
2026-04-20 14:35:00+00:00,93.80500030517578,93.9749984741211,93.75,93.81999969482422,24100
2026-04-20 14:36:00+00:00,93.87000274658203,93.87000274658203,93.80000305175781,93.82990264892578,3649
2026-04-20 14:37:00+00:00,93.83000183105469,94.00499725341797,93.83000183105469,93.93000030517578,4932
2026-04-20 14:38:00+00:00,93.95939636230469,94.0,93.95939636230469,93.99500274658203,6099
2026-04-20 14:39:00+00:00,94.06500244140625,94.08000183105469,93.98999786376953,94.0,6894
2026-04-20 14:40:00+00:00,94.02200317382812,94.02200317382812,93.86000061035156,93.86000061035156,5038
2026-04-20 14:41:00+00:00,93.72000122070312,93.7699966430664,93.5999984741211,93.66709899902344,14577
2026-04-20 14:42:00+00:00,93.6500015258789,93.68000030517578,93.63999938964844,93.66500091552734,8697
2026-04-20 14:43:00+00:00,93.76000213623047,93.79000091552734,93.68000030517578,93.76000213623047,9195
2026-04-20 14:44:00+00:00,93.78469848632812,93.88999938964844,93.78469848632812,93.80000305175781,4437
2026-04-20 14:45:00+00:00,93.6990966796875,93.7699966430664,93.69000244140625,93.7699966430664,15433
2026-04-20 14:46:00+00:00,93.80000305175781,93.81999969482422,93.72000122070312,93.81999969482422,8159
2026-04-20 14:47:00+00:00,93.82450103759766,93.93000030517578,93.76010131835938,93.80500030517578,7578
2026-04-20 14:48:00+00:00,93.73999786376953,93.75,93.73999786376953,93.75,2467
2026-04-20 14:49:00+00:00,93.80500030517578,94.05500030517578,93.80500030517578,94.04000091552734,9291
2026-04-20 14:50:00+00:00,94.02999877929688,94.02999877929688,93.83000183105469,93.83000183105469,5407
2026-04-20 14:51:00+00:00,93.7300033569336,93.7300033569336,93.26000213623047,93.55500030517578,70860
2026-04-20 14:52:00+00:00,93.56670379638672,93.62000274658203,93.44999694824219,93.5197982788086,25895
2026-04-20 14:53:00+00:00,93.5199966430664,93.54000091552734,93.44000244140625,93.50499725341797,7034
2026-04-20 14:54:00+00:00,93.50499725341797,93.70120239257812,93.50399780273438,93.67009735107422,12149
2026-04-20 14:55:00+00:00,93.70999908447266,93.70999908447266,93.57499694824219,93.62010192871094,10320
2026-04-20 14:56:00+00:00,93.62999725341797,93.62999725341797,93.38999938964844,93.43419647216797,9352
2026-04-20 14:57:00+00:00,93.47000122070312,93.61000061035156,93.46990203857422,93.55500030517578,9340
2026-04-20 14:58:00+00:00,93.55999755859375,93.55999755859375,93.29499816894531,93.29499816894531,27564
2026-04-20 14:59:00+00:00,93.30000305175781,93.31759643554688,93.12999725341797,93.26000213623047,38728
2026-04-20 15:00:00+00:00,93.31999969482422,93.54010009765625,93.31999969482422,93.36000061035156,15797
2026-04-20 15:01:00+00:00,93.33999633789062,93.3499984741211,93.22000122070312,93.30999755859375,12649
2026-04-20 15:02:00+00:00,93.20999908447266,93.30999755859375,93.16999816894531,93.29000091552734,20879
2026-04-20 15:03:00+00:00,93.29499816894531,93.36000061035156,93.16999816894531,93.25640106201172,7216
2026-04-20 15:04:00+00:00,93.25,93.25,93.0,93.11000061035156,31659
2026-04-20 15:05:00+00:00,93.125,93.16000366210938,92.92500305175781,92.94000244140625,66893
2026-04-20 15:06:00+00:00,92.94499969482422,92.97000122070312,92.66999816894531,92.76000213623047,27397
2026-04-20 15:07:00+00:00,92.7249984741211,92.7300033569336,92.5999984741211,92.66999816894531,18397
2026-04-20 15:08:00+00:00,92.73999786376953,93.0542984008789,92.73999786376953,93.0542984008789,13045
2026-04-20 15:09:00+00:00,93.01000213623047,93.1500015258789,92.99500274658203,93.0999984741211,12613
2026-04-20 15:10:00+00:00,93.0999984741211,93.33000183105469,93.0999984741211,93.29000091552734,20486
2026-04-20 15:11:00+00:00,93.30000305175781,93.41000366210938,93.2699966430664,93.38099670410156,10759
2026-04-20 15:12:00+00:00,93.41000366210938,93.41999816894531,93.23999786376953,93.24009704589844,7726
2026-04-20 15:13:00+00:00,93.25,93.27079772949219,93.05999755859375,93.118896484375,13458
2026-04-20 15:14:00+00:00,93.08300018310547,93.19000244140625,93.08000183105469,93.15699768066406,11295
2026-04-20 15:15:00+00:00,93.18000030517578,93.18000030517578,93.06999969482422,93.06999969482422,9455
2026-04-20 15:16:00+00:00,93.12999725341797,93.2249984741211,93.12670135498047,93.16500091552734,7456
2026-04-20 15:17:00+00:00,93.18000030517578,93.21499633789062,93.12899780273438,93.21499633789062,8615
2026-04-20 15:18:00+00:00,93.25,93.3478012084961,93.2301025390625,93.31529998779297,11005
2026-04-20 15:19:00+00:00,93.29000091552734,93.3550033569336,93.25,93.25,14211
2026-04-20 15:20:00+00:00,93.30000305175781,93.33000183105469,93.27999877929688,93.31999969482422,1506
2026-04-20 15:21:00+00:00,93.29499816894531,93.51000213623047,93.29499816894531,93.44999694824219,17332
2026-04-20 15:22:00+00:00,93.53379821777344,93.654296875,93.53379821777344,93.61499786376953,19139
2026-04-20 15:23:00+00:00,93.55000305175781,93.58999633789062,93.48999786376953,93.56999969482422,9325
2026-04-20 15:24:00+00:00,93.58999633789062,93.75,93.58999633789062,93.69999694824219,17820
2026-04-20 15:25:00+00:00,93.67009735107422,93.68000030517578,93.5999984741211,93.66000366210938,12052
2026-04-20 15:26:00+00:00,93.69999694824219,93.8301010131836,93.68499755859375,93.80999755859375,13021
2026-04-20 15:27:00+00:00,93.80500030517578,93.84989929199219,93.76000213623047,93.84989929199219,4341
2026-04-20 15:28:00+00:00,93.81999969482422,93.8499984741211,93.77120208740234,93.83000183105469,18291
2026-04-20 15:29:00+00:00,93.81500244140625,94.00499725341797,93.81500244140625,94.0,97391
2026-04-20 15:30:00+00:00,93.91999816894531,93.91999816894531,93.7300033569336,93.7750015258789,31557
2026-04-20 15:31:00+00:00,93.71980285644531,93.72000122070312,93.62999725341797,93.65280151367188,4570
2026-04-20 15:32:00+00:00,93.65499877929688,93.65499877929688,93.52010345458984,93.61000061035156,10040
2026-04-20 15:33:00+00:00,93.61000061035156,93.63999938964844,93.61000061035156,93.63500213623047,2664
2026-04-20 15:34:00+00:00,93.6520004272461,93.66999816894531,93.5199966430664,93.58999633789062,16625
2026-04-20 15:35:00+00:00,93.5811996459961,93.79000091552734,93.5811996459961,93.78269958496094,9432
2026-04-20 15:36:00+00:00,93.71399688720703,93.71399688720703,93.58999633789062,93.58999633789062,2776
2026-04-20 15:37:00+00:00,93.5999984741211,93.70339965820312,93.58429718017578,93.70339965820312,2138
2026-04-20 15:38:00+00:00,93.72000122070312,93.72989654541016,93.72000122070312,93.72000122070312,9531
2026-04-20 15:39:00+00:00,93.7300033569336,93.80000305175781,93.67009735107422,93.80000305175781,6713
2026-04-20 15:40:00+00:00,93.83499908447266,93.94000244140625,93.83000183105469,93.94000244140625,4703
2026-04-20 15:41:00+00:00,93.9800033569336,93.9800033569336,93.85009765625,93.87000274658203,3532
2026-04-20 15:42:00+00:00,93.8499984741211,93.8499984741211,93.75499725341797,93.75499725341797,4221
2026-04-20 15:43:00+00:00,93.71499633789062,93.71499633789062,93.5968017578125,93.63999938964844,8525
2026-04-20 15:44:00+00:00,93.62000274658203,93.62000274658203,93.47920227050781,93.50499725341797,9483
2026-04-20 15:45:00+00:00,93.5,93.5,93.41999816894531,93.4800033569336,7488
2026-04-20 15:46:00+00:00,93.4800033569336,93.52999877929688,93.4800033569336,93.52999877929688,2971
2026-04-20 15:47:00+00:00,93.529296875,93.5999984741211,93.529296875,93.55000305175781,2544
2026-04-20 15:48:00+00:00,93.55500030517578,93.58000183105469,93.53500366210938,93.53500366210938,3812
2026-04-20 15:49:00+00:00,93.48999786376953,93.48999786376953,93.30000305175781,93.30000305175781,9278
2026-04-20 15:50:00+00:00,93.2300033569336,93.25,93.20999908447266,93.20999908447266,8765
2026-04-20 15:51:00+00:00,93.20999908447266,93.2300033569336,93.17500305175781,93.21499633789062,10535
2026-04-20 15:52:00+00:00,93.25499725341797,93.29949951171875,93.2300033569336,93.2300033569336,6160
2026-04-20 15:53:00+00:00,93.2699966430664,93.2699966430664,93.2699966430664,93.2699966430664,2883
2026-04-20 15:54:00+00:00,93.37999725341797,93.37999725341797,93.33789825439453,93.33789825439453,3723
2026-04-20 15:55:00+00:00,93.40910339355469,93.44000244140625,93.39700317382812,93.41999816894531,7083
2026-04-20 15:56:00+00:00,93.40750122070312,93.45500183105469,93.375,93.4000015258789,6827
2026-04-20 15:57:00+00:00,93.44999694824219,93.44999694824219,93.41000366210938,93.41580200195312,3084
2026-04-20 15:58:00+00:00,93.38500213623047,93.38500213623047,93.38500213623047,93.38500213623047,624
2026-04-20 15:59:00+00:00,93.36499786376953,93.36499786376953,93.31999969482422,93.33149719238281,4260
2026-04-20 16:00:00+00:00,93.34590148925781,93.42990112304688,93.31500244140625,93.41000366210938,4995
2026-04-20 16:01:00+00:00,93.43499755859375,93.5,93.38999938964844,93.5,14592
2026-04-20 16:02:00+00:00,93.5199966430664,93.5199966430664,93.42990112304688,93.42990112304688,8391
2026-04-20 16:03:00+00:00,93.41010284423828,93.41010284423828,93.35530090332031,93.37210083007812,9892
2026-04-20 16:04:00+00:00,93.3499984741211,93.3499984741211,93.3499984741211,93.3499984741211,1093
2026-04-20 16:05:00+00:00,93.42500305175781,93.58999633789062,93.42469787597656,93.58999633789062,8564
2026-04-20 16:06:00+00:00,93.5999984741211,93.64299774169922,93.5999984741211,93.64099884033203,15737
2026-04-20 16:07:00+00:00,93.62000274658203,93.6635971069336,93.62000274658203,93.62010192871094,7858
2026-04-20 16:08:00+00:00,93.66500091552734,93.78500366210938,93.66500091552734,93.77999877929688,5114
2026-04-20 16:09:00+00:00,93.76499938964844,93.77999877929688,93.73500061035156,93.75,3523
2026-04-20 16:10:00+00:00,93.79000091552734,93.80000305175781,93.77999877929688,93.79000091552734,2635
2026-04-20 16:11:00+00:00,93.81600189208984,93.86000061035156,93.81600189208984,93.86000061035156,703
2026-04-20 16:12:00+00:00,93.87999725341797,93.9000015258789,93.87999725341797,93.87999725341797,2337
2026-04-20 16:13:00+00:00,93.91000366210938,93.91999816894531,93.83999633789062,93.83999633789062,3726
2026-04-20 16:14:00+00:00,93.81999969482422,93.81999969482422,93.81500244140625,93.81500244140625,5358
2026-04-20 16:15:00+00:00,93.75,93.75,93.74500274658203,93.74500274658203,1359
2026-04-20 16:16:00+00:00,93.6500015258789,93.69999694824219,93.6500015258789,93.66000366210938,1823
2026-04-20 16:17:00+00:00,93.62999725341797,93.70989990234375,93.5999984741211,93.70989990234375,2401
2026-04-20 16:18:00+00:00,93.72000122070312,93.76000213623047,93.71499633789062,93.73500061035156,4198
2026-04-20 16:19:00+00:00,93.76000213623047,93.98999786376953,93.76000213623047,93.98999786376953,5180
2026-04-20 16:20:00+00:00,93.94999694824219,94.0,93.92500305175781,94.0,11422
2026-04-20 16:21:00+00:00,93.95999908447266,94.10250091552734,93.94989776611328,93.9800033569336,12029
2026-04-20 16:22:00+00:00,93.95269775390625,93.95269775390625,93.9000015258789,93.91999816894531,2724
2026-04-20 16:23:00+00:00,93.90499877929688,94.12000274658203,93.90499877929688,94.06999969482422,5228
2026-04-20 16:24:00+00:00,94.08000183105469,94.09989929199219,94.06079864501953,94.06079864501953,2445
2026-04-20 16:25:00+00:00,94.08000183105469,94.09950256347656,94.02999877929688,94.04000091552734,5089
2026-04-20 16:26:00+00:00,94.00370025634766,94.03959655761719,94.0,94.03959655761719,2572
2026-04-20 16:27:00+00:00,94.02909851074219,94.09010314941406,94.0,94.0,4341
2026-04-20 16:28:00+00:00,94.04000091552734,94.04000091552734,94.04000091552734,94.04000091552734,1092
2026-04-20 16:29:00+00:00,93.9800033569336,93.9800033569336,93.83000183105469,93.87999725341797,9905
2026-04-20 16:30:00+00:00,93.9000015258789,93.9000015258789,93.8499984741211,93.87000274658203,4550
2026-04-20 16:31:00+00:00,93.88999938964844,93.88999938964844,93.87000274658203,93.87000274658203,7177
2026-04-20 16:32:00+00:00,93.87000274658203,93.98819732666016,93.86000061035156,93.98819732666016,3683
2026-04-20 16:33:00+00:00,94.01499938964844,94.12000274658203,94.01499938964844,94.11499786376953,6326
2026-04-20 16:34:00+00:00,94.12000274658203,94.22000122070312,94.0999984741211,94.1500015258789,9315
2026-04-20 16:35:00+00:00,94.09500122070312,94.0999984741211,94.08000183105469,94.09500122070312,8453
2026-04-20 16:36:00+00:00,94.08499908447266,94.12999725341797,94.07119750976562,94.11000061035156,1340
2026-04-20 16:37:00+00:00,94.04010009765625,94.04010009765625,94.0,94.01000213623047,4466
2026-04-20 16:38:00+00:00,94.00499725341797,94.12000274658203,94.00499725341797,94.0999984741211,5505
2026-04-20 16:39:00+00:00,94.07499694824219,94.07499694824219,93.9800033569336,94.0,4638
2026-04-20 16:40:00+00:00,94.05000305175781,94.06999969482422,94.05000305175781,94.06999969482422,513
2026-04-20 16:41:00+00:00,94.08999633789062,94.20989990234375,94.08999633789062,94.20989990234375,11491
2026-04-20 16:42:00+00:00,94.1500015258789,94.19999694824219,94.1500015258789,94.19000244140625,9444
2026-04-20 16:43:00+00:00,94.2040023803711,94.2040023803711,94.13009643554688,94.16000366210938,3209
2026-04-20 16:44:00+00:00,94.15499877929688,94.15859985351562,94.0999984741211,94.0999984741211,1551
2026-04-20 16:45:00+00:00,94.13069915771484,94.13500213623047,94.0999984741211,94.13500213623047,1685
2026-04-20 16:46:00+00:00,94.12000274658203,94.16999816894531,94.11109924316406,94.16999816894531,4049
2026-04-20 16:47:00+00:00,94.12000274658203,94.12239837646484,94.06999969482422,94.12239837646484,6705
2026-04-20 16:48:00+00:00,94.1500015258789,94.16280364990234,94.11000061035156,94.12010192871094,1103
2026-04-20 16:49:00+00:00,94.08000183105469,94.08000183105469,94.04000091552734,94.04000091552734,1574
2026-04-20 16:50:00+00:00,94.0250015258789,94.0250015258789,93.95559692382812,93.95559692382812,3939
2026-04-20 16:51:00+00:00,93.95999908447266,93.98500061035156,93.94000244140625,93.95999908447266,6677
2026-04-20 16:52:00+00:00,94.03500366210938,94.03500366210938,93.98999786376953,94.02999877929688,2611
2026-04-20 16:53:00+00:00,94.05500030517578,94.07140350341797,94.05500030517578,94.07140350341797,528
2026-04-20 16:54:00+00:00,94.08000183105469,94.08999633789062,94.06999969482422,94.06999969482422,1594
2026-04-20 16:55:00+00:00,94.0385971069336,94.0385971069336,93.94999694824219,93.94999694824219,1123
2026-04-20 16:56:00+00:00,93.92500305175781,93.9749984741211,93.92500305175781,93.97000122070312,1906
2026-04-20 16:57:00+00:00,93.95500183105469,93.95500183105469,93.94000244140625,93.94000244140625,3351
2026-04-20 16:58:00+00:00,93.95500183105469,93.95500183105469,93.95500183105469,93.95500183105469,1338
2026-04-20 16:59:00+00:00,94.01499938964844,94.01499938964844,93.94000244140625,93.94000244140625,3523
2026-04-20 17:00:00+00:00,93.97000122070312,94.02999877929688,93.97000122070312,94.02999877929688,5917
2026-04-20 17:01:00+00:00,93.98999786376953,93.98999786376953,93.98999786376953,93.98999786376953,1090
2026-04-20 17:02:00+00:00,93.94999694824219,94.01000213623047,93.85199737548828,93.97000122070312,13942
2026-04-20 17:03:00+00:00,94.0,94.05000305175781,93.9749984741211,94.05000305175781,4896
2026-04-20 17:04:00+00:00,94.0999984741211,94.12999725341797,94.02999877929688,94.02999877929688,4108
2026-04-20 17:05:00+00:00,93.99700164794922,94.00499725341797,93.99700164794922,94.00499725341797,335
2026-04-20 17:06:00+00:00,94.12999725341797,94.15630340576172,94.11640167236328,94.11640167236328,3630
2026-04-20 17:07:00+00:00,94.18499755859375,94.20999908447266,94.13999938964844,94.13999938964844,3635
2026-04-20 17:09:00+00:00,94.19999694824219,94.19999694824219,94.16000366210938,94.18499755859375,3479
2026-04-20 17:10:00+00:00,94.16010284423828,94.16999816894531,94.0999984741211,94.1449966430664,4220
2026-04-20 17:11:00+00:00,94.19000244140625,94.20999908447266,94.16000366210938,94.20999908447266,10689
2026-04-20 17:12:00+00:00,94.20040130615234,94.29000091552734,94.20040130615234,94.28089904785156,25960
2026-04-20 17:13:00+00:00,94.30000305175781,94.33000183105469,94.23999786376953,94.23999786376953,4670
2026-04-20 17:14:00+00:00,94.24089813232422,94.24089813232422,94.24089813232422,94.24089813232422,328
2026-04-20 17:15:00+00:00,94.20020294189453,94.20999908447266,94.19999694824219,94.20010375976562,4843
2026-04-20 17:16:00+00:00,94.21499633789062,94.25,94.21499633789062,94.25,1513
2026-04-20 17:17:00+00:00,94.23999786376953,94.29000091552734,94.23999786376953,94.29000091552734,1394
2026-04-20 17:18:00+00:00,94.28500366210938,94.33000183105469,94.28500366210938,94.33000183105469,2175
2026-04-20 17:19:00+00:00,94.33499908447266,94.37000274658203,94.33499908447266,94.35320281982422,3806
2026-04-20 17:20:00+00:00,94.32499694824219,94.37999725341797,94.30000305175781,94.36000061035156,5702
2026-04-20 17:21:00+00:00,94.37000274658203,94.427001953125,94.37000274658203,94.4000015258789,13174
2026-04-20 17:22:00+00:00,94.45989990234375,94.45989990234375,94.41999816894531,94.41999816894531,5480
2026-04-20 17:23:00+00:00,94.44999694824219,94.44999694824219,94.4000015258789,94.41999816894531,2420
2026-04-20 17:24:00+00:00,94.43000030517578,94.43000030517578,94.3550033569336,94.3550033569336,4251
2026-04-20 17:25:00+00:00,94.35009765625,94.35030364990234,94.31500244140625,94.32499694824219,3109
2026-04-20 17:26:00+00:00,94.33000183105469,94.38999938964844,94.33000183105469,94.38999938964844,2609
2026-04-20 17:27:00+00:00,94.30999755859375,94.30999755859375,94.30000305175781,94.30999755859375,4565
2026-04-20 17:28:00+00:00,94.26000213623047,94.2916030883789,94.26000213623047,94.29000091552734,4338
2026-04-20 17:29:00+00:00,94.22810363769531,94.2300033569336,94.19999694824219,94.19999694824219,7686
2026-04-20 17:30:00+00:00,94.2249984741211,94.2249984741211,94.13500213623047,94.13500213623047,7646
2026-04-20 17:31:00+00:00,94.12999725341797,94.2300033569336,94.125,94.2300033569336,2872
2026-04-20 17:32:00+00:00,94.18000030517578,94.20999908447266,94.16200256347656,94.16200256347656,6407
2026-04-20 17:33:00+00:00,94.16999816894531,94.16999816894531,94.16999816894531,94.16999816894531,688
2026-04-20 17:34:00+00:00,94.18990325927734,94.26000213623047,94.18329620361328,94.20999908447266,7842
2026-04-20 17:35:00+00:00,94.25,94.33000183105469,94.22000122070312,94.29000091552734,12188
2026-04-20 17:36:00+00:00,94.2699966430664,94.34940338134766,94.2699966430664,94.34940338134766,2852
2026-04-20 17:37:00+00:00,94.36000061035156,94.36000061035156,94.341796875,94.341796875,1364
2026-04-20 17:38:00+00:00,94.3499984741211,94.3499984741211,94.3104019165039,94.3104019165039,1772
2026-04-20 17:39:00+00:00,94.30899810791016,94.30899810791016,94.30899810791016,94.30899810791016,674
2026-04-20 17:40:00+00:00,94.33499908447266,94.48999786376953,94.33499908447266,94.44000244140625,22699
2026-04-20 17:41:00+00:00,94.45999908447266,94.45999908447266,94.38899993896484,94.38899993896484,2995
2026-04-20 17:42:00+00:00,94.44499969482422,94.44499969482422,94.41010284423828,94.43499755859375,3516
2026-04-20 17:43:00+00:00,94.5,94.55000305175781,94.5,94.51640319824219,20933
2026-04-20 17:44:00+00:00,94.54000091552734,94.58499908447266,94.5353012084961,94.55000305175781,9016
2026-04-20 17:45:00+00:00,94.58999633789062,94.61990356445312,94.5718002319336,94.61990356445312,3490
2026-04-20 17:46:00+00:00,94.59860229492188,94.61000061035156,94.58999633789062,94.58999633789062,2979
2026-04-20 17:47:00+00:00,94.58999633789062,94.68000030517578,94.58999633789062,94.6500015258789,20801
2026-04-20 17:48:00+00:00,94.62999725341797,94.76000213623047,94.62999725341797,94.76000213623047,9654
2026-04-20 17:49:00+00:00,94.73999786376953,94.7699966430664,94.68499755859375,94.72000122070312,5584
2026-04-20 17:50:00+00:00,94.68090057373047,94.68090057373047,94.64900207519531,94.64900207519531,6222
2026-04-20 17:51:00+00:00,94.66999816894531,94.70999908447266,94.66000366210938,94.70999908447266,2092
2026-04-20 17:52:00+00:00,94.70500183105469,94.70500183105469,94.62090301513672,94.66999816894531,7323
2026-04-20 17:53:00+00:00,94.72000122070312,94.72000122070312,94.66000366210938,94.66999816894531,2622
2026-04-20 17:54:00+00:00,94.70999908447266,94.71499633789062,94.69999694824219,94.71499633789062,2488
2026-04-20 17:55:00+00:00,94.69819641113281,94.69819641113281,94.68499755859375,94.68499755859375,2761
2026-04-20 17:56:00+00:00,94.70010375976562,94.70010375976562,94.62999725341797,94.62999725341797,5876
2026-04-20 17:57:00+00:00,94.63999938964844,94.63999938964844,94.63999938964844,94.63999938964844,404
2026-04-20 17:58:00+00:00,94.62000274658203,94.63999938964844,94.62000274658203,94.63999938964844,1286
2026-04-20 17:59:00+00:00,94.5999984741211,94.62000274658203,94.5302963256836,94.5302963256836,4468
2026-04-20 18:00:00+00:00,94.5999984741211,94.72000122070312,94.59500122070312,94.72000122070312,21562
2026-04-20 18:01:00+00:00,94.69000244140625,94.80000305175781,94.66999816894531,94.7699966430664,17790
2026-04-20 18:02:00+00:00,94.79000091552734,94.88999938964844,94.75299835205078,94.8499984741211,10555
2026-04-20 18:03:00+00:00,94.86000061035156,94.86499786376953,94.77999877929688,94.77999877929688,7492
2026-04-20 18:04:00+00:00,94.77999877929688,94.77999877929688,94.77999877929688,94.77999877929688,857
2026-04-20 18:05:00+00:00,94.80000305175781,94.80500030517578,94.79000091552734,94.80000305175781,7825
2026-04-20 18:06:00+00:00,94.86000061035156,94.87999725341797,94.8550033569336,94.86250305175781,3045
2026-04-20 18:07:00+00:00,94.91500091552734,94.95999908447266,94.8904037475586,94.91000366210938,5126
2026-04-20 18:08:00+00:00,94.9000015258789,94.94499969482422,94.86000061035156,94.94499969482422,14559
2026-04-20 18:09:00+00:00,94.95999908447266,94.9800033569336,94.95999908447266,94.9749984741211,6844
2026-04-20 18:10:00+00:00,94.90499877929688,94.90499877929688,94.86000061035156,94.87000274658203,1604
2026-04-20 18:11:00+00:00,94.93499755859375,94.9749984741211,94.79000091552734,94.81009674072266,59508
2026-04-20 18:12:00+00:00,94.87000274658203,94.88999938964844,94.80999755859375,94.80999755859375,1654
2026-04-20 18:13:00+00:00,94.8550033569336,94.87560272216797,94.79010009765625,94.86070251464844,3579
2026-04-20 18:14:00+00:00,94.9000015258789,94.91999816894531,94.86000061035156,94.91000366210938,9839
2026-04-20 18:15:00+00:00,94.95999908447266,95.0,94.91000366210938,94.91000366210938,21291
2026-04-20 18:16:00+00:00,94.86000061035156,94.97059631347656,94.86000061035156,94.9656982421875,5488
2026-04-20 18:17:00+00:00,95.0,95.02999877929688,95.0,95.02999877929688,8327
2026-04-20 18:18:00+00:00,95.0199966430664,95.03500366210938,94.97000122070312,94.97000122070312,6786
2026-04-20 18:19:00+00:00,95.03990173339844,95.05000305175781,95.02999877929688,95.02999877929688,1664
2026-04-20 18:20:00+00:00,95.03459930419922,95.07990264892578,95.0199966430664,95.07990264892578,1088
2026-04-20 18:21:00+00:00,94.94000244140625,94.9800033569336,94.94000244140625,94.9800033569336,2303
2026-04-20 18:22:00+00:00,94.97000122070312,95.0,94.95999908447266,94.95999908447266,7192
2026-04-20 18:23:00+00:00,94.94010162353516,95.00160217285156,94.94010162353516,95.00160217285156,3408
2026-04-20 18:24:00+00:00,95.0,95.11000061035156,95.0,95.11000061035156,6197
2026-04-20 18:25:00+00:00,95.0999984741211,95.0999984741211,95.04000091552734,95.05000305175781,4177
2026-04-20 18:26:00+00:00,95.04000091552734,95.19999694824219,95.04000091552734,95.19999694824219,12600
2026-04-20 18:27:00+00:00,95.23999786376953,95.33999633789062,95.21920013427734,95.27999877929688,9390
2026-04-20 18:28:00+00:00,95.2699966430664,95.30000305175781,95.08999633789062,95.2300033569336,46507
2026-04-20 18:29:00+00:00,95.2300033569336,95.26000213623047,95.19229888916016,95.19229888916016,4480
2026-04-20 18:30:00+00:00,95.19989776611328,95.22000122070312,95.13999938964844,95.19999694824219,18804
2026-04-20 18:31:00+00:00,95.19999694824219,95.30000305175781,95.19999694824219,95.30000305175781,11201
2026-04-20 18:32:00+00:00,95.18000030517578,95.20999908447266,95.18000030517578,95.19999694824219,3857
2026-04-20 18:33:00+00:00,95.22000122070312,95.28040313720703,95.18569946289062,95.25,7180
2026-04-20 18:34:00+00:00,95.2698974609375,95.2699966430664,95.23999786376953,95.25499725341797,3341
2026-04-20 18:35:00+00:00,95.2699966430664,95.2699966430664,95.16999816894531,95.19000244140625,3058
2026-04-20 18:36:00+00:00,95.25,95.25,95.10060119628906,95.12000274658203,20508
2026-04-20 18:37:00+00:00,95.04000091552734,95.1449966430664,95.04000091552734,95.1449966430664,5200
2026-04-20 18:38:00+00:00,95.11759948730469,95.14759826660156,95.11759948730469,95.14759826660156,1085
2026-04-20 18:39:00+00:00,95.08000183105469,95.08000183105469,95.03479766845703,95.07240295410156,3165
2026-04-20 18:40:00+00:00,95.06500244140625,95.22949981689453,95.05000305175781,95.22949981689453,11064
2026-04-20 18:41:00+00:00,95.26000213623047,95.36499786376953,95.26000213623047,95.3499984741211,7224
2026-04-20 18:42:00+00:00,95.33999633789062,95.41999816894531,95.33650207519531,95.4000015258789,6696
2026-04-20 18:43:00+00:00,95.40499877929688,95.54000091552734,95.40499877929688,95.54000091552734,20733
2026-04-20 18:44:00+00:00,95.4801025390625,95.51000213623047,95.44999694824219,95.51000213623047,4090
2026-04-20 18:45:00+00:00,95.48500061035156,95.48500061035156,95.45999908447266,95.47000122070312,2112
2026-04-20 18:46:00+00:00,95.49099731445312,95.51000213623047,95.49099731445312,95.51000213623047,1695
2026-04-20 18:47:00+00:00,95.38999938964844,95.43000030517578,95.38999938964844,95.40010070800781,2404
2026-04-20 18:48:00+00:00,95.4000015258789,95.44999694824219,95.4000015258789,95.41000366210938,3047
2026-04-20 18:49:00+00:00,95.41999816894531,95.44000244140625,95.37999725341797,95.37999725341797,4752
2026-04-20 18:50:00+00:00,95.42500305175781,95.44999694824219,95.42500305175781,95.44999694824219,3672
2026-04-20 18:51:00+00:00,95.4800033569336,95.53810119628906,95.4800033569336,95.53810119628906,5665
2026-04-20 18:52:00+00:00,95.45999908447266,95.45999908447266,95.3499984741211,95.3499984741211,2358
2026-04-20 18:53:00+00:00,95.38999938964844,95.41000366210938,95.38999938964844,95.41000366210938,2027
2026-04-20 18:54:00+00:00,95.47879791259766,95.5,95.46499633789062,95.5,4853
2026-04-20 18:55:00+00:00,95.48999786376953,95.53810119628906,95.44999694824219,95.44999694824219,5233
2026-04-20 18:56:00+00:00,95.43730163574219,95.51000213623047,95.43730163574219,95.47000122070312,3461
2026-04-20 18:57:00+00:00,95.48999786376953,95.5,95.45999908447266,95.5,12226
2026-04-20 18:58:00+00:00,95.43499755859375,95.43499755859375,95.41000366210938,95.43000030517578,4822
2026-04-20 18:59:00+00:00,95.37999725341797,95.37999725341797,95.33000183105469,95.37999725341797,8626
2026-04-20 19:00:00+00:00,95.41000366210938,95.55390167236328,95.39099884033203,95.55390167236328,5156
2026-04-20 19:01:00+00:00,95.55000305175781,95.62000274658203,95.47000122070312,95.47000122070312,24632
2026-04-20 19:02:00+00:00,95.47000122070312,95.49009704589844,95.43009948730469,95.47000122070312,7597
2026-04-20 19:03:00+00:00,95.44999694824219,95.47000122070312,95.4000015258789,95.4000015258789,15015
2026-04-20 19:04:00+00:00,95.36499786376953,95.39990234375,95.33999633789062,95.33999633789062,1723
2026-04-20 19:05:00+00:00,95.4000015258789,95.41000366210938,95.39299774169922,95.39299774169922,1234
2026-04-20 19:06:00+00:00,95.41000366210938,95.48500061035156,95.41000366210938,95.47000122070312,1803
2026-04-20 19:07:00+00:00,95.4749984741211,95.4749984741211,95.42500305175781,95.42500305175781,563
2026-04-20 19:08:00+00:00,95.40499877929688,95.41999816894531,95.38999938964844,95.38999938964844,3303
2026-04-20 19:09:00+00:00,95.45999908447266,95.49169921875,95.45999908447266,95.49169921875,670
2026-04-20 19:10:00+00:00,95.48999786376953,95.48999786376953,95.36000061035156,95.4000015258789,14630
2026-04-20 19:11:00+00:00,95.43000030517578,95.44000244140625,95.43000030517578,95.44000244140625,2370
2026-04-20 19:12:00+00:00,95.4800033569336,95.51000213623047,95.4800033569336,95.51000213623047,3213
2026-04-20 19:13:00+00:00,95.55999755859375,95.61000061035156,95.55999755859375,95.58989715576172,3910
2026-04-20 19:14:00+00:00,95.58000183105469,95.71040344238281,95.58000183105469,95.69000244140625,7287
2026-04-20 19:15:00+00:00,95.70079803466797,95.73999786376953,95.66999816894531,95.66999816894531,5439
2026-04-20 19:16:00+00:00,95.69999694824219,95.7300033569336,95.66500091552734,95.67440032958984,5809
2026-04-20 19:17:00+00:00,95.63400268554688,95.69979858398438,95.62999725341797,95.69979858398438,5554
2026-04-20 19:18:00+00:00,95.62000274658203,95.69000244140625,95.62000274658203,95.69000244140625,8920
2026-04-20 19:19:00+00:00,95.66999816894531,95.75499725341797,95.66999816894531,95.75499725341797,14604
2026-04-20 19:20:00+00:00,95.7699966430664,95.7699966430664,95.69000244140625,95.69499969482422,6639
2026-04-20 19:21:00+00:00,95.75,95.79989624023438,95.73999786376953,95.75,3819
2026-04-20 19:22:00+00:00,95.7300033569336,95.75,95.7300033569336,95.7300033569336,1595
2026-04-20 19:23:00+00:00,95.720703125,95.7510986328125,95.6500015258789,95.6500015258789,1809
2026-04-20 19:24:00+00:00,95.72000122070312,95.72000122070312,95.66999816894531,95.66999816894531,8841
2026-04-20 19:25:00+00:00,95.69000244140625,95.69000244140625,95.63999938964844,95.6500015258789,20351
2026-04-20 19:26:00+00:00,95.68000030517578,95.69999694824219,95.6500015258789,95.66000366210938,10773
2026-04-20 19:27:00+00:00,95.6511001586914,95.67500305175781,95.65010070800781,95.65010070800781,2483
2026-04-20 19:28:00+00:00,95.66999816894531,95.77999877929688,95.66999816894531,95.7114028930664,3308
2026-04-20 19:29:00+00:00,95.6500015258789,95.72000122070312,95.62999725341797,95.72000122070312,29572
2026-04-20 19:30:00+00:00,95.7300033569336,95.75,95.66999816894531,95.68000030517578,5720
2026-04-20 19:31:00+00:00,95.68000030517578,95.83930206298828,95.68000030517578,95.83000183105469,17433
2026-04-20 19:32:00+00:00,95.83070373535156,95.8499984741211,95.80000305175781,95.80000305175781,19519
2026-04-20 19:33:00+00:00,95.80000305175781,95.81999969482422,95.77999877929688,95.77999877929688,5368
2026-04-20 19:34:00+00:00,95.7750015258789,95.7750015258789,95.73999786376953,95.73999786376953,2331
2026-04-20 19:35:00+00:00,95.72000122070312,95.86000061035156,95.70999908447266,95.80000305175781,13748
2026-04-20 19:36:00+00:00,95.83270263671875,95.91000366210938,95.83270263671875,95.89939880371094,11388
2026-04-20 19:37:00+00:00,95.89990234375,95.9000015258789,95.86000061035156,95.9000015258789,8523
2026-04-20 19:38:00+00:00,95.94000244140625,95.94000244140625,95.91999816894531,95.91999816894531,5495
2026-04-20 19:39:00+00:00,95.93000030517578,96.11499786376953,95.91999816894531,96.11499786376953,35928
2026-04-20 19:40:00+00:00,96.14730072021484,96.16500091552734,96.0999984741211,96.1500015258789,11966
2026-04-20 19:41:00+00:00,96.08999633789062,96.12359619140625,96.05000305175781,96.11000061035156,7278
2026-04-20 19:42:00+00:00,96.0999984741211,96.23999786376953,96.08999633789062,96.23999786376953,34649
2026-04-20 19:43:00+00:00,96.25,96.36000061035156,96.24210357666016,96.27999877929688,20873
2026-04-20 19:44:00+00:00,96.26000213623047,96.26000213623047,96.1104965209961,96.1449966430664,20069
2026-04-20 19:45:00+00:00,96.19999694824219,96.20999908447266,96.11000061035156,96.11000061035156,13846
2026-04-20 19:46:00+00:00,96.0801010131836,96.1500015258789,96.0801010131836,96.1500015258789,4474
2026-04-20 19:47:00+00:00,96.12999725341797,96.25499725341797,96.12999725341797,96.23999786376953,7015
2026-04-20 19:48:00+00:00,96.23999786376953,96.25,96.18000030517578,96.25,2317
2026-04-20 19:49:00+00:00,96.22000122070312,96.25,96.16999816894531,96.23999786376953,12594
2026-04-20 19:50:00+00:00,96.2249984741211,96.31999969482422,96.16000366210938,96.16500091552734,15360
2026-04-20 19:51:00+00:00,96.19000244140625,96.28209686279297,96.17500305175781,96.24009704589844,25991
2026-04-20 19:52:00+00:00,96.27999877929688,96.27999877929688,96.1500015258789,96.16000366210938,98373
2026-04-20 19:53:00+00:00,96.18499755859375,96.48999786376953,96.17019653320312,96.47000122070312,25739
2026-04-20 19:54:00+00:00,96.4800033569336,96.62999725341797,96.44000244140625,96.5999984741211,40868
2026-04-20 19:55:00+00:00,96.62000274658203,96.63999938964844,96.1500015258789,96.4478988647461,36078
2026-04-20 19:56:00+00:00,96.4646987915039,96.4800033569336,96.37000274658203,96.46199798583984,15280
2026-04-20 19:57:00+00:00,96.5,96.625,96.46499633789062,96.58000183105469,21415
2026-04-20 19:58:00+00:00,96.59500122070312,96.70999908447266,96.59500122070312,96.61990356445312,29939
2026-04-20 19:59:00+00:00,96.62999725341797,96.68000030517578,96.58999633789062,96.61000061035156,66320
2026-04-21 13:30:00+00:00,96.6500015258789,97.0,96.36000061035156,96.42880249023438,365004
2026-04-21 13:31:00+00:00,96.3030014038086,97.20999908447266,96.22000122070312,96.4176025390625,63030
2026-04-21 13:32:00+00:00,96.62010192871094,96.69000244140625,96.38999938964844,96.43000030517578,11304
2026-04-21 13:33:00+00:00,96.73320007324219,96.76000213623047,96.37999725341797,96.55999755859375,10572
2026-04-21 13:34:00+00:00,96.41000366210938,96.73590087890625,96.41000366210938,96.6500015258789,19184
2026-04-21 13:35:00+00:00,96.63500213623047,96.70989990234375,96.4000015258789,96.58999633789062,18185
2026-04-21 13:36:00+00:00,96.61000061035156,96.70999908447266,96.43000030517578,96.43000030517578,12206
2026-04-21 13:37:00+00:00,96.41999816894531,96.45999908447266,96.16000366210938,96.29010009765625,27738
2026-04-21 13:38:00+00:00,96.23249816894531,96.5,96.21060180664062,96.27999877929688,9417
2026-04-21 13:39:00+00:00,96.19000244140625,96.23500061035156,95.97989654541016,96.23500061035156,52781
2026-04-21 13:40:00+00:00,96.0,96.0,95.66999816894531,95.87999725341797,21476
2026-04-21 13:41:00+00:00,95.83000183105469,95.8499984741211,95.5,95.53500366210938,31908
2026-04-21 13:42:00+00:00,95.51000213623047,95.95999908447266,95.48999786376953,95.87750244140625,25447
2026-04-21 13:43:00+00:00,95.83000183105469,95.9000015258789,95.68949890136719,95.9000015258789,11669
2026-04-21 13:44:00+00:00,95.79000091552734,95.80750274658203,95.61000061035156,95.77999877929688,10927
2026-04-21 13:45:00+00:00,95.91000366210938,95.91000366210938,95.54000091552734,95.63999938964844,18431
2026-04-21 13:46:00+00:00,95.61000061035156,95.61499786376953,95.48500061035156,95.61499786376953,15586
2026-04-21 13:47:00+00:00,95.56500244140625,95.95999908447266,95.55999755859375,95.94499969482422,8397
2026-04-21 13:48:00+00:00,95.97000122070312,96.01000213623047,95.83999633789062,95.99500274658203,13179
2026-04-21 13:49:00+00:00,96.08000183105469,96.12329864501953,96.03299713134766,96.04000091552734,10919
2026-04-21 13:50:00+00:00,96.05000305175781,96.1698989868164,95.96900177001953,96.0999984741211,13436
2026-04-21 13:51:00+00:00,96.04000091552734,96.1281967163086,95.87069702148438,95.98999786376953,39123
2026-04-21 13:52:00+00:00,96.0,96.27999877929688,96.0,96.2300033569336,108354
2026-04-21 13:53:00+00:00,96.2428970336914,96.3499984741211,96.17769622802734,96.2499008178711,16381
2026-04-21 13:54:00+00:00,96.22000122070312,96.23500061035156,96.01000213623047,96.09500122070312,18376
2026-04-21 13:55:00+00:00,96.09500122070312,96.30000305175781,96.07499694824219,96.2593994140625,10248
2026-04-21 13:56:00+00:00,96.23500061035156,96.30000305175781,96.11180114746094,96.18599700927734,5438
2026-04-21 13:57:00+00:00,96.16500091552734,96.16999816894531,95.95999908447266,95.95999908447266,8882
2026-04-21 13:58:00+00:00,95.95500183105469,96.07499694824219,95.87560272216797,95.93910217285156,9717
2026-04-21 13:59:00+00:00,95.88999938964844,96.00499725341797,95.81999969482422,96.00499725341797,9261
2026-04-21 14:00:00+00:00,96.04000091552734,96.13500213623047,95.9749984741211,96.06009674072266,14364
2026-04-21 14:01:00+00:00,96.0,96.0,95.94989776611328,95.9749984741211,11896
2026-04-21 14:02:00+00:00,95.87999725341797,96.05000305175781,95.83999633789062,96.02999877929688,12350
2026-04-21 14:03:00+00:00,96.06990051269531,96.17500305175781,96.03500366210938,96.12000274658203,15263
2026-04-21 14:04:00+00:00,96.10260009765625,96.25900268554688,96.10260009765625,96.1792984008789,7708
2026-04-21 14:05:00+00:00,96.23500061035156,96.41000366210938,96.19499969482422,96.41000366210938,17620
2026-04-21 14:06:00+00:00,96.40579986572266,96.56500244140625,96.3499984741211,96.5,27814
2026-04-21 14:07:00+00:00,96.58999633789062,96.58999633789062,96.44000244140625,96.56999969482422,33234
2026-04-21 14:08:00+00:00,96.53500366210938,96.62000274658203,96.45010375976562,96.50090026855469,16948
2026-04-21 14:09:00+00:00,96.5,96.66999816894531,96.4999008178711,96.63999938964844,26644
2026-04-21 14:10:00+00:00,96.5999984741211,96.63999938964844,96.47000122070312,96.63500213623047,16774
2026-04-21 14:11:00+00:00,96.6500015258789,96.9999008178711,96.6500015258789,96.93000030517578,28290
2026-04-21 14:12:00+00:00,96.94989776611328,96.94989776611328,96.6500015258789,96.69999694824219,30460
2026-04-21 14:13:00+00:00,96.66000366210938,96.68599700927734,96.55989837646484,96.68599700927734,20248
2026-04-21 14:14:00+00:00,96.76000213623047,96.83499908447266,96.63999938964844,96.63999938964844,25757
2026-04-21 14:15:00+00:00,96.72000122070312,96.78630065917969,96.70999908447266,96.78630065917969,11060
2026-04-21 14:16:00+00:00,96.73999786376953,96.79000091552734,96.72000122070312,96.73999786376953,43104
2026-04-21 14:17:00+00:00,96.73999786376953,96.87999725341797,96.6500015258789,96.6511001586914,35789
2026-04-21 14:18:00+00:00,96.6449966430664,96.6449966430664,96.45500183105469,96.48999786376953,33376
2026-04-21 14:19:00+00:00,96.45999908447266,96.45999908447266,96.37200164794922,96.43499755859375,16740
2026-04-21 14:20:00+00:00,96.5199966430664,96.55999755859375,96.09500122070312,96.1500015258789,17445
2026-04-21 14:21:00+00:00,96.12300109863281,96.3499984741211,96.12300109863281,96.33999633789062,9506
2026-04-21 14:22:00+00:00,96.33000183105469,96.3499984741211,96.25,96.26139831542969,6816
2026-04-21 14:23:00+00:00,96.23999786376953,96.29000091552734,96.0199966430664,96.05860137939453,13919
2026-04-21 14:24:00+00:00,96.12000274658203,96.19999694824219,96.05000305175781,96.18499755859375,41347
2026-04-21 14:25:00+00:00,96.16999816894531,96.43499755859375,96.1500015258789,96.42500305175781,8128
2026-04-21 14:26:00+00:00,96.4000015258789,96.42250061035156,96.36000061035156,96.37999725341797,7893
2026-04-21 14:27:00+00:00,96.4749984741211,96.54989624023438,96.45999908447266,96.52580261230469,6473
2026-04-21 14:28:00+00:00,96.54000091552734,96.54000091552734,96.30010223388672,96.30010223388672,13839
2026-04-21 14:29:00+00:00,96.29000091552734,96.44580078125,96.29000091552734,96.44580078125,3304
2026-04-21 14:30:00+00:00,96.37999725341797,96.45999908447266,96.37000274658203,96.41200256347656,27602
2026-04-21 14:31:00+00:00,96.37999725341797,96.37999725341797,96.30999755859375,96.31500244140625,20894
2026-04-21 14:32:00+00:00,96.29759979248047,96.31999969482422,96.0999984741211,96.19999694824219,17228
2026-04-21 14:33:00+00:00,96.16500091552734,96.20999908447266,96.13999938964844,96.13999938964844,4086
2026-04-21 14:34:00+00:00,96.18499755859375,96.33300018310547,96.18499755859375,96.30999755859375,6224
2026-04-21 14:35:00+00:00,96.2300033569336,96.2300033569336,96.12999725341797,96.2300033569336,2580
2026-04-21 14:36:00+00:00,96.25399780273438,96.4800033569336,96.25399780273438,96.44100189208984,7461
2026-04-21 14:37:00+00:00,96.4000015258789,96.4000015258789,96.33999633789062,96.33999633789062,965
2026-04-21 14:38:00+00:00,96.31999969482422,96.39990234375,96.31999969482422,96.33499908447266,13373
2026-04-21 14:39:00+00:00,96.375,96.375,96.25,96.25,1817
2026-04-21 14:40:00+00:00,96.25,96.33989715576172,96.16000366210938,96.30999755859375,11576
2026-04-21 14:41:00+00:00,96.38999938964844,96.55000305175781,96.3634033203125,96.5,19159
2026-04-21 14:42:00+00:00,96.41999816894531,96.5199966430664,96.3949966430664,96.5,35177
2026-04-21 14:43:00+00:00,96.5,96.5199966430664,96.43499755859375,96.4800033569336,5457
2026-04-21 14:44:00+00:00,96.47000122070312,96.5199966430664,96.36000061035156,96.37940216064453,6529
2026-04-21 14:45:00+00:00,96.3322982788086,96.3322982788086,96.18000030517578,96.23999786376953,7986
2026-04-21 14:46:00+00:00,96.16000366210938,96.27989959716797,96.08180236816406,96.08999633789062,6512
2026-04-21 14:47:00+00:00,96.11799621582031,96.19000244140625,96.05999755859375,96.19000244140625,5426
2026-04-21 14:48:00+00:00,96.1449966430664,96.20999908447266,96.08820343017578,96.19010162353516,13426
2026-04-21 14:49:00+00:00,96.33000183105469,96.33000183105469,96.29000091552734,96.29219818115234,1799
2026-04-21 14:50:00+00:00,96.30000305175781,96.32499694824219,96.23999786376953,96.26000213623047,4061
2026-04-21 14:51:00+00:00,96.33000183105469,96.33000183105469,96.26000213623047,96.2605972290039,4048
2026-04-21 14:52:00+00:00,96.23500061035156,96.28040313720703,96.23030090332031,96.28040313720703,8338
2026-04-21 14:53:00+00:00,96.37000274658203,96.37000274658203,96.30000305175781,96.30229949951172,4051
2026-04-21 14:54:00+00:00,96.36000061035156,96.36000061035156,96.30000305175781,96.30000305175781,1387
2026-04-21 14:55:00+00:00,96.24659729003906,96.24659729003906,96.1500015258789,96.23999786376953,2373
2026-04-21 14:56:00+00:00,96.2300033569336,96.27999877929688,96.2300033569336,96.2300033569336,1795
2026-04-21 14:57:00+00:00,96.16999816894531,96.22989654541016,96.08000183105469,96.14230346679688,4989
2026-04-21 14:58:00+00:00,96.0,96.0,95.9000015258789,95.91600036621094,20155
2026-04-21 14:59:00+00:00,95.87000274658203,95.90499877929688,95.63500213623047,95.72000122070312,13868
2026-04-21 15:00:00+00:00,95.81999969482422,95.88999938964844,95.55999755859375,95.62000274658203,8117
2026-04-21 15:01:00+00:00,95.6500015258789,95.7249984741211,95.49500274658203,95.56950378417969,18195
2026-04-21 15:02:00+00:00,95.5,95.66999816894531,95.5,95.59989929199219,19095
2026-04-21 15:03:00+00:00,95.57499694824219,95.57499694824219,95.25399780273438,95.30999755859375,25899
2026-04-21 15:04:00+00:00,95.51000213623047,95.58000183105469,95.44000244140625,95.44000244140625,12365
2026-04-21 15:05:00+00:00,95.37129974365234,95.37129974365234,95.20999908447266,95.26619720458984,21004
2026-04-21 15:06:00+00:00,95.2249984741211,95.36799621582031,95.22000122070312,95.2750015258789,7140
2026-04-21 15:07:00+00:00,95.30500030517578,95.68000030517578,95.30500030517578,95.67109680175781,64375
2026-04-21 15:08:00+00:00,95.65010070800781,95.78939819335938,95.63999938964844,95.70500183105469,10756
2026-04-21 15:09:00+00:00,95.70999908447266,95.80999755859375,95.69999694824219,95.70999908447266,8104
2026-04-21 15:10:00+00:00,95.74980163574219,95.8499984741211,95.74980163574219,95.8499984741211,14549
2026-04-21 15:11:00+00:00,95.81500244140625,95.9000015258789,95.80000305175781,95.9000015258789,21898
2026-04-21 15:12:00+00:00,95.9000015258789,95.94999694824219,95.89839935302734,95.89839935302734,2267
2026-04-21 15:13:00+00:00,95.94000244140625,95.94999694824219,95.9000015258789,95.9000015258789,7600
2026-04-21 15:14:00+00:00,95.9000015258789,96.03500366210938,95.9000015258789,95.9729995727539,6021
2026-04-21 15:15:00+00:00,95.94999694824219,96.0000991821289,95.93009948730469,95.98999786376953,7076
2026-04-21 15:16:00+00:00,95.98500061035156,96.0199966430664,95.93000030517578,95.93000030517578,17791
2026-04-21 15:17:00+00:00,95.94999694824219,95.94999694824219,95.86000061035156,95.88999938964844,5962
2026-04-21 15:18:00+00:00,95.9800033569336,95.9800033569336,95.9000015258789,95.93499755859375,4504
2026-04-21 15:19:00+00:00,96.0,96.16230010986328,96.0,96.12999725341797,9226
2026-04-21 15:20:00+00:00,96.16999816894531,96.16999816894531,96.05999755859375,96.06009674072266,12743
2026-04-21 15:21:00+00:00,96.12000274658203,96.15499877929688,96.0199966430664,96.15499877929688,2367
2026-04-21 15:22:00+00:00,96.18499755859375,96.22000122070312,96.05999755859375,96.08000183105469,4802
2026-04-21 15:23:00+00:00,96.0999984741211,96.1041030883789,95.88999938964844,95.93000030517578,12755
2026-04-21 15:24:00+00:00,95.91000366210938,95.91000366210938,95.83399963378906,95.88999938964844,2987
2026-04-21 15:25:00+00:00,95.84980010986328,95.84989929199219,95.77999877929688,95.79460144042969,24537
2026-04-21 15:26:00+00:00,95.81919860839844,95.81919860839844,95.57209777832031,95.61000061035156,19917
2026-04-21 15:27:00+00:00,95.61000061035156,95.61000061035156,95.48500061035156,95.56999969482422,9553
2026-04-21 15:28:00+00:00,95.52999877929688,95.57039642333984,95.5186996459961,95.54499816894531,3159
2026-04-21 15:29:00+00:00,95.51000213623047,95.59500122070312,95.45999908447266,95.59500122070312,2620
2026-04-21 15:30:00+00:00,95.58999633789062,95.69999694824219,95.58999633789062,95.69999694824219,4627
2026-04-21 15:31:00+00:00,95.68499755859375,95.75,95.68499755859375,95.75,895
2026-04-21 15:32:00+00:00,95.6500015258789,95.69000244140625,95.6500015258789,95.67500305175781,3798
2026-04-21 15:33:00+00:00,95.73999786376953,95.73999786376953,95.69239807128906,95.72000122070312,2514
2026-04-21 15:34:00+00:00,95.73500061035156,95.8499984741211,95.69999694824219,95.8499984741211,5309
2026-04-21 15:35:00+00:00,95.79499816894531,95.79499816894531,95.62000274658203,95.62000274658203,4394
2026-04-21 15:36:00+00:00,95.51000213623047,95.5250015258789,95.45999908447266,95.5188980102539,4797
2026-04-21 15:37:00+00:00,95.5199966430664,95.69000244140625,95.5199966430664,95.69000244140625,2348
2026-04-21 15:38:00+00:00,95.69499969482422,95.7030029296875,95.5999984741211,95.66999816894531,2698
2026-04-21 15:39:00+00:00,95.66999816894531,95.80500030517578,95.66999816894531,95.80500030517578,4320
2026-04-21 15:40:00+00:00,95.8489990234375,95.92500305175781,95.8489990234375,95.87999725341797,5366
2026-04-21 15:41:00+00:00,95.68000030517578,95.68000030517578,95.68000030517578,95.68000030517578,669
2026-04-21 15:42:00+00:00,95.69000244140625,95.7041015625,95.69000244140625,95.7041015625,1618
2026-04-21 15:43:00+00:00,95.69999694824219,95.71009826660156,95.69000244140625,95.71009826660156,2042
2026-04-21 15:44:00+00:00,95.72989654541016,95.7699966430664,95.70999908447266,95.7699966430664,1685
2026-04-21 15:45:00+00:00,95.76000213623047,95.77010345458984,95.67500305175781,95.77010345458984,4005
2026-04-21 15:46:00+00:00,95.76000213623047,95.76000213623047,95.63999938964844,95.63999938964844,2491
2026-04-21 15:47:00+00:00,95.73500061035156,95.83000183105469,95.73500061035156,95.81500244140625,1342
2026-04-21 15:48:00+00:00,95.81999969482422,95.81999969482422,95.76499938964844,95.76499938964844,1113
2026-04-21 15:49:00+00:00,95.83999633789062,95.86000061035156,95.68000030517578,95.68000030517578,4839
2026-04-21 15:50:00+00:00,95.68000030517578,95.68000030517578,95.5,95.54499816894531,11035
2026-04-21 15:51:00+00:00,95.58499908447266,95.58499908447266,95.48999786376953,95.5199966430664,5469
2026-04-21 15:52:00+00:00,95.5199966430664,95.5250015258789,95.4800033569336,95.5250015258789,3151
2026-04-21 15:53:00+00:00,95.43000030517578,95.48999786376953,95.41999816894531,95.47000122070312,2191
2026-04-21 15:54:00+00:00,95.44000244140625,95.4823989868164,95.41000366210938,95.41010284423828,13556
2026-04-21 15:55:00+00:00,95.44999694824219,95.53990173339844,95.44999694824219,95.53990173339844,1427
2026-04-21 15:56:00+00:00,95.5999984741211,95.62000274658203,95.55999755859375,95.57499694824219,4395
2026-04-21 15:57:00+00:00,95.55000305175781,95.55500030517578,95.54000091552734,95.54000091552734,1481
2026-04-21 15:58:00+00:00,95.43000030517578,95.43000030517578,95.30359649658203,95.31999969482422,17369
2026-04-21 15:59:00+00:00,95.2699966430664,95.29740142822266,95.25,95.29000091552734,4913
2026-04-21 16:00:00+00:00,95.37000274658203,95.43219757080078,95.28880310058594,95.28880310058594,10323
2026-04-21 16:01:00+00:00,95.38999938964844,95.43000030517578,95.29100036621094,95.29100036621094,3281
2026-04-21 16:02:00+00:00,95.25,95.34500122070312,95.2300033569336,95.31999969482422,5705
2026-04-21 16:03:00+00:00,95.33000183105469,95.36499786376953,94.95999908447266,95.11000061035156,46206
2026-04-21 16:04:00+00:00,95.060302734375,95.12999725341797,94.9000015258789,95.09010314941406,8657
2026-04-21 16:05:00+00:00,95.1050033569336,95.1050033569336,94.98500061035156,95.0479965209961,4550
2026-04-21 16:06:00+00:00,95.11499786376953,95.23500061035156,95.11499786376953,95.22000122070312,5034
2026-04-21 16:07:00+00:00,95.16000366210938,95.17990112304688,95.16000366210938,95.17990112304688,640
2026-04-21 16:08:00+00:00,95.02999877929688,95.06739807128906,95.02010345458984,95.06739807128906,2788
2026-04-21 16:09:00+00:00,95.1500015258789,95.2300033569336,95.1500015258789,95.2300033569336,11968
2026-04-21 16:10:00+00:00,95.22000122070312,95.22000122070312,95.07499694824219,95.10659790039062,3873
2026-04-21 16:11:00+00:00,95.08499908447266,95.08499908447266,94.970703125,95.01000213623047,14724
2026-04-21 16:12:00+00:00,95.07499694824219,95.07499694824219,94.93000030517578,94.99140167236328,5650
2026-04-21 16:13:00+00:00,94.9800033569336,95.01000213623047,94.9718017578125,94.9718017578125,2162
2026-04-21 16:14:00+00:00,94.95999908447266,94.98999786376953,94.87999725341797,94.98999786376953,9915
2026-04-21 16:15:00+00:00,95.04000091552734,95.07499694824219,95.02999877929688,95.05999755859375,6962
2026-04-21 16:16:00+00:00,95.00039672851562,95.06269836425781,95.00039672851562,95.05280303955078,2160
2026-04-21 16:17:00+00:00,95.08999633789062,95.13999938964844,95.06999969482422,95.13999938964844,2306
2026-04-21 16:18:00+00:00,95.09989929199219,95.12000274658203,95.08999633789062,95.08999633789062,2907
2026-04-21 16:19:00+00:00,95.0199966430664,95.0199966430664,94.96499633789062,95.00499725341797,2272
2026-04-21 16:20:00+00:00,94.8917007446289,94.93499755859375,94.72000122070312,94.76499938964844,13663
2026-04-21 16:21:00+00:00,94.75,94.80999755859375,94.69999694824219,94.76080322265625,31604
2026-04-21 16:22:00+00:00,94.80999755859375,94.91500091552734,94.77999877929688,94.8949966430664,6756
2026-04-21 16:23:00+00:00,94.84500122070312,94.84500122070312,94.76200103759766,94.7699966430664,6750
2026-04-21 16:24:00+00:00,94.69000244140625,94.77770233154297,94.69000244140625,94.77770233154297,4833
2026-04-21 16:25:00+00:00,94.62999725341797,94.68499755859375,94.61000061035156,94.6500015258789,5671
2026-04-21 16:26:00+00:00,94.62000274658203,94.70500183105469,94.56999969482422,94.70500183105469,11983
2026-04-21 16:27:00+00:00,94.7249984741211,94.7780990600586,94.72000122070312,94.7698974609375,7221
2026-04-21 16:28:00+00:00,94.7300033569336,94.7300033569336,94.63999938964844,94.65299987792969,6588
2026-04-21 16:29:00+00:00,94.63999938964844,94.63999938964844,94.4800033569336,94.50479888916016,13790
2026-04-21 16:30:00+00:00,94.62000274658203,94.69999694824219,94.5999984741211,94.68499755859375,1724
2026-04-21 16:31:00+00:00,94.69999694824219,94.7699966430664,94.69999694824219,94.76000213623047,4618
2026-04-21 16:32:00+00:00,94.58090209960938,94.66500091552734,94.58000183105469,94.61499786376953,6320
2026-04-21 16:33:00+00:00,94.6500015258789,94.69000244140625,94.6449966430664,94.6449966430664,2524
2026-04-21 16:34:00+00:00,94.64440155029297,94.68000030517578,94.61000061035156,94.67739868164062,4715
2026-04-21 16:35:00+00:00,94.71499633789062,94.72149658203125,94.6500015258789,94.72000122070312,6571
2026-04-21 16:36:00+00:00,94.70999908447266,94.77439880371094,94.65499877929688,94.77439880371094,4362
2026-04-21 16:37:00+00:00,94.8302001953125,94.8302001953125,94.62000274658203,94.69499969482422,4918
2026-04-21 16:38:00+00:00,94.67019653320312,94.7300033569336,94.6500015258789,94.66999816894531,1347
2026-04-21 16:39:00+00:00,94.69999694824219,94.80000305175781,94.69999694824219,94.76000213623047,29383
2026-04-21 16:40:00+00:00,94.80889892578125,94.80889892578125,94.73059844970703,94.73059844970703,1709
2026-04-21 16:41:00+00:00,94.7249984741211,94.7249984741211,94.66500091552734,94.66500091552734,2457
2026-04-21 16:42:00+00:00,94.5999984741211,94.62000274658203,94.58499908447266,94.58499908447266,3161
2026-04-21 16:43:00+00:00,94.66000366210938,94.66000366210938,94.52999877929688,94.55000305175781,34629
2026-04-21 16:44:00+00:00,94.51000213623047,94.51000213623047,94.3865966796875,94.44999694824219,13909
2026-04-21 16:45:00+00:00,94.48999786376953,94.73999786376953,94.48999786376953,94.71499633789062,14843
2026-04-21 16:46:00+00:00,94.66000366210938,94.82499694824219,94.62999725341797,94.82499694824219,11462
2026-04-21 16:47:00+00:00,94.80789947509766,94.88379669189453,94.80789947509766,94.82499694824219,3205
2026-04-21 16:48:00+00:00,94.81999969482422,94.81999969482422,94.81999969482422,94.81999969482422,4789
2026-04-21 16:49:00+00:00,94.83499908447266,94.83499908447266,94.70159912109375,94.78500366210938,2633
2026-04-21 16:50:00+00:00,94.77999877929688,94.80000305175781,94.75499725341797,94.80000305175781,997
2026-04-21 16:51:00+00:00,94.79499816894531,94.83000183105469,94.69000244140625,94.69000244140625,6242
2026-04-21 16:52:00+00:00,94.66999816894531,94.70999908447266,94.66999816894531,94.70999908447266,22160
2026-04-21 16:53:00+00:00,94.69000244140625,94.70999908447266,94.68000030517578,94.70999908447266,2426
2026-04-21 16:54:00+00:00,94.63500213623047,94.63999938964844,94.55999755859375,94.63999938964844,4215
2026-04-21 16:55:00+00:00,94.66000366210938,94.76139831542969,94.66000366210938,94.74500274658203,3233
2026-04-21 16:56:00+00:00,94.68499755859375,94.70999908447266,94.68499755859375,94.70040130615234,3628
2026-04-21 16:57:00+00:00,94.7699966430664,94.77999877929688,94.69999694824219,94.69999694824219,28843
2026-04-21 16:58:00+00:00,94.706298828125,94.7699966430664,94.69000244140625,94.69000244140625,18567
2026-04-21 16:59:00+00:00,94.66999816894531,94.66999816894531,94.54000091552734,94.57029724121094,4975
2026-04-21 17:00:00+00:00,94.6759033203125,94.71430206298828,94.66500091552734,94.71430206298828,2892
2026-04-21 17:01:00+00:00,94.67500305175781,94.76629638671875,94.67500305175781,94.70999908447266,3386
2026-04-21 17:02:00+00:00,94.75499725341797,94.7750015258789,94.73500061035156,94.75,2154
2026-04-21 17:03:00+00:00,94.7750015258789,94.7750015258789,94.75630187988281,94.75630187988281,811
2026-04-21 17:04:00+00:00,94.70500183105469,94.70500183105469,94.62999725341797,94.6449966430664,3153
2026-04-21 17:05:00+00:00,94.56500244140625,94.56500244140625,94.25,94.31500244140625,13327
2026-04-21 17:06:00+00:00,94.30999755859375,94.3499984741211,94.0999984741211,94.1500015258789,8236
2026-04-21 17:07:00+00:00,94.2249984741211,94.25029754638672,94.16000366210938,94.25,4124
2026-04-21 17:08:00+00:00,94.28800201416016,94.41000366210938,94.25,94.32080078125,13865
2026-04-21 17:09:00+00:00,94.27999877929688,94.29000091552734,94.22000122070312,94.29000091552734,11702
2026-04-21 17:10:00+00:00,94.19999694824219,94.2249984741211,93.95999908447266,94.05000305175781,31865
2026-04-21 17:11:00+00:00,94.0199966430664,94.05000305175781,93.86000061035156,94.05000305175781,23780
2026-04-21 17:12:00+00:00,94.04989624023438,94.05999755859375,93.73500061035156,93.81999969482422,12504
2026-04-21 17:13:00+00:00,93.80999755859375,93.95999908447266,93.80000305175781,93.95010375976562,9159
2026-04-21 17:14:00+00:00,94.0199966430664,94.08999633789062,94.0199966430664,94.08999633789062,4041
2026-04-21 17:15:00+00:00,94.12000274658203,94.18000030517578,93.9800033569336,94.03500366210938,13741
2026-04-21 17:16:00+00:00,94.08999633789062,94.11499786376953,94.05000305175781,94.1050033569336,28922
2026-04-21 17:17:00+00:00,94.12999725341797,94.12999725341797,94.08999633789062,94.08999633789062,3557
2026-04-21 17:18:00+00:00,94.04000091552734,94.04000091552734,93.76499938964844,93.77999877929688,16051
2026-04-21 17:19:00+00:00,93.70999908447266,93.7699966430664,93.70680236816406,93.7300033569336,5899
2026-04-21 17:20:00+00:00,93.7249984741211,93.8677978515625,93.66999816894531,93.8677978515625,9370
2026-04-21 17:21:00+00:00,93.86000061035156,93.97000122070312,93.8406982421875,93.94999694824219,10804
2026-04-21 17:22:00+00:00,94.01000213623047,94.0199966430664,93.82499694824219,93.82499694824219,4694
2026-04-21 17:23:00+00:00,93.80000305175781,93.83989715576172,93.80000305175781,93.83989715576172,5325
2026-04-21 17:24:00+00:00,93.93199920654297,93.93199920654297,93.8949966430664,93.92500305175781,848
2026-04-21 17:25:00+00:00,93.9749984741211,94.1500015258789,93.9749984741211,94.1155014038086,12361
2026-04-21 17:26:00+00:00,94.06500244140625,94.06500244140625,94.0199966430664,94.05000305175781,5692
2026-04-21 17:27:00+00:00,93.93009948730469,93.98999786376953,93.93009948730469,93.98999786376953,1100
2026-04-21 17:28:00+00:00,93.875,93.875,93.79000091552734,93.81500244140625,21632
2026-04-21 17:29:00+00:00,93.81999969482422,93.94499969482422,93.81999969482422,93.94499969482422,3074
2026-04-21 17:30:00+00:00,93.9800033569336,94.0999984741211,93.94999694824219,94.05000305175781,6449
2026-04-21 17:31:00+00:00,94.09989929199219,94.11000061035156,94.05359649658203,94.11000061035156,21253
2026-04-21 17:32:00+00:00,94.22000122070312,94.30000305175781,94.21009826660156,94.30000305175781,3341
2026-04-21 17:33:00+00:00,94.3499984741211,94.36000061035156,94.32499694824219,94.34500122070312,2511
2026-04-21 17:34:00+00:00,94.33999633789062,94.37999725341797,94.29000091552734,94.30290222167969,3369
2026-04-21 17:35:00+00:00,94.28500366210938,94.29499816894531,94.25499725341797,94.27999877929688,3457
2026-04-21 17:36:00+00:00,94.26000213623047,94.31999969482422,94.26000213623047,94.27140045166016,1387
2026-04-21 17:37:00+00:00,94.31999969482422,94.36000061035156,94.29000091552734,94.33499908447266,3750
2026-04-21 17:38:00+00:00,94.35990142822266,94.74230194091797,94.31999969482422,94.62999725341797,15116
2026-04-21 17:39:00+00:00,94.7300033569336,94.76499938964844,94.5999984741211,94.72000122070312,13079
2026-04-21 17:40:00+00:00,94.58000183105469,94.82499694824219,94.58000183105469,94.68000030517578,15707
2026-04-21 17:41:00+00:00,94.70449829101562,94.80999755859375,94.69000244140625,94.76000213623047,8593
2026-04-21 17:42:00+00:00,94.77999877929688,94.79949951171875,94.70999908447266,94.79530334472656,4299
2026-04-21 17:43:00+00:00,94.79000091552734,94.9800033569336,94.62000274658203,94.66000366210938,29367
2026-04-21 17:44:00+00:00,94.62999725341797,94.76000213623047,94.52999877929688,94.72000122070312,10856
2026-04-21 17:45:00+00:00,94.6500015258789,94.6500015258789,94.54499816894531,94.54499816894531,1861
2026-04-21 17:46:00+00:00,94.48999786376953,94.48999786376953,94.30999755859375,94.4000015258789,6770
2026-04-21 17:47:00+00:00,94.31500244140625,94.33999633789062,94.30000305175781,94.33999633789062,2909
2026-04-21 17:48:00+00:00,94.26080322265625,94.44999694824219,94.26080322265625,94.43499755859375,3218
2026-04-21 17:49:00+00:00,94.3949966430664,94.41999816894531,94.39009857177734,94.41999816894531,1156
2026-04-21 17:50:00+00:00,94.31999969482422,94.31999969482422,94.2750015258789,94.2750015258789,5449
2026-04-21 17:51:00+00:00,94.26000213623047,94.29499816894531,94.23500061035156,94.23500061035156,1953
2026-04-21 17:52:00+00:00,94.25,94.41999816894531,94.25,94.41999816894531,3803
2026-04-21 17:53:00+00:00,94.41000366210938,94.41000366210938,94.23500061035156,94.25,4365
2026-04-21 17:54:00+00:00,94.1802978515625,94.20999908447266,94.0999984741211,94.0999984741211,6028
2026-04-21 17:55:00+00:00,94.0999984741211,94.0999984741211,93.94999694824219,93.94999694824219,29227
2026-04-21 17:56:00+00:00,94.04000091552734,94.12999725341797,94.00360107421875,94.0999984741211,2329
2026-04-21 17:57:00+00:00,94.12999725341797,94.19999694824219,94.12000274658203,94.16999816894531,2671
2026-04-21 17:58:00+00:00,94.19999694824219,94.19999694824219,94.18000030517578,94.19999694824219,3509
2026-04-21 17:59:00+00:00,94.16500091552734,94.22000122070312,94.16500091552734,94.22000122070312,771
2026-04-21 18:00:00+00:00,94.27999877929688,94.37000274658203,94.26499938964844,94.37000274658203,17769
2026-04-21 18:01:00+00:00,94.44999694824219,94.44999694824219,94.42500305175781,94.42500305175781,1163
2026-04-21 18:02:00+00:00,94.4000015258789,94.4000015258789,94.31999969482422,94.38500213623047,10828
2026-04-21 18:03:00+00:00,94.31999969482422,94.31999969482422,94.24250030517578,94.24250030517578,760
2026-04-21 18:04:00+00:00,94.24909973144531,94.29000091552734,94.21499633789062,94.21499633789062,1954
2026-04-21 18:05:00+00:00,94.18000030517578,94.37999725341797,94.12000274658203,94.37830352783203,3666
2026-04-21 18:06:00+00:00,94.31009674072266,94.41999816894531,94.31009674072266,94.41000366210938,1300
2026-04-21 18:07:00+00:00,94.42250061035156,94.46910095214844,94.42250061035156,94.43990325927734,3613
2026-04-21 18:08:00+00:00,94.4749984741211,94.48989868164062,94.4749984741211,94.48989868164062,1629
2026-04-21 18:09:00+00:00,94.47000122070312,94.47000122070312,94.41999816894531,94.41999816894531,2409
2026-04-21 18:10:00+00:00,94.4000015258789,94.41999816894531,94.375,94.38999938964844,6460
2026-04-21 18:11:00+00:00,94.33000183105469,94.51499938964844,94.33000183105469,94.5,28868
2026-04-21 18:12:00+00:00,94.58000183105469,94.69000244140625,94.55999755859375,94.63999938964844,2858
2026-04-21 18:13:00+00:00,94.6449966430664,94.66000366210938,94.5999984741211,94.6050033569336,1828
2026-04-21 18:14:00+00:00,94.61499786376953,94.62999725341797,94.58999633789062,94.62999725341797,2506
2026-04-21 18:15:00+00:00,94.68499755859375,94.71199798583984,94.65499877929688,94.71199798583984,2067
2026-04-21 18:16:00+00:00,94.7499008178711,94.7699966430664,94.24500274658203,94.58999633789062,50852
2026-04-21 18:17:00+00:00,94.55999755859375,94.57990264892578,94.42500305175781,94.54000091552734,7584
2026-04-21 18:18:00+00:00,94.58999633789062,94.58999633789062,94.41999816894531,94.41999816894531,7468
2026-04-21 18:19:00+00:00,94.38999938964844,94.41999816894531,94.38999938964844,94.41999816894531,1718
2026-04-21 18:20:00+00:00,94.45500183105469,94.4800033569336,94.42500305175781,94.4800033569336,3399
2026-04-21 18:21:00+00:00,94.51000213623047,94.53839874267578,94.4800033569336,94.53839874267578,1244
2026-04-21 18:22:00+00:00,94.4800033569336,94.4800033569336,94.2699966430664,94.2780990600586,10031
2026-04-21 18:23:00+00:00,94.37000274658203,94.43000030517578,94.37000274658203,94.3949966430664,2235
2026-04-21 18:24:00+00:00,94.4198989868164,94.4198989868164,94.40170288085938,94.40170288085938,3305
2026-04-21 18:25:00+00:00,94.29000091552734,94.40699768066406,94.29000091552734,94.40699768066406,2517
2026-04-21 18:26:00+00:00,94.45999908447266,94.45999908447266,94.4000015258789,94.4000015258789,7874
2026-04-21 18:27:00+00:00,94.45500183105469,94.45500183105469,94.44000244140625,94.44000244140625,1404
2026-04-21 18:28:00+00:00,94.41000366210938,94.41000366210938,94.36000061035156,94.4000015258789,8106
2026-04-21 18:29:00+00:00,94.43000030517578,94.55000305175781,94.42500305175781,94.55000305175781,1327
2026-04-21 18:30:00+00:00,94.58000183105469,94.70500183105469,94.58000183105469,94.65499877929688,7916
2026-04-21 18:31:00+00:00,94.69999694824219,94.70999908447266,94.69999694824219,94.70999908447266,742
2026-04-21 18:32:00+00:00,94.73989868164062,94.76000213623047,94.71499633789062,94.73100280761719,3252
2026-04-21 18:33:00+00:00,94.77999877929688,94.79000091552734,94.7699966430664,94.77999877929688,1965
2026-04-21 18:34:00+00:00,94.7750015258789,94.80000305175781,94.70999908447266,94.7166976928711,1861
2026-04-21 18:35:00+00:00,94.70500183105469,94.72000122070312,94.69010162353516,94.72000122070312,4428
2026-04-21 18:36:00+00:00,94.70999908447266,94.70999908447266,94.66010284423828,94.70999908447266,3627
2026-04-21 18:37:00+00:00,94.66000366210938,94.66000366210938,94.66000366210938,94.66000366210938,892
2026-04-21 18:38:00+00:00,94.70999908447266,94.81990051269531,94.70999908447266,94.81990051269531,9624
2026-04-21 18:39:00+00:00,94.80999755859375,94.9000015258789,94.80999755859375,94.9000015258789,10248
2026-04-21 18:40:00+00:00,94.91999816894531,94.94000244140625,94.9000015258789,94.94000244140625,4904
2026-04-21 18:41:00+00:00,94.94999694824219,95.08999633789062,94.94000244140625,95.05000305175781,18462
2026-04-21 18:42:00+00:00,94.99939727783203,95.05000305175781,94.99939727783203,95.05000305175781,6392
2026-04-21 18:43:00+00:00,94.9800033569336,95.0,94.97010040283203,94.99500274658203,1706
2026-04-21 18:44:00+00:00,95.00499725341797,95.00499725341797,94.95500183105469,94.95500183105469,2810
2026-04-21 18:45:00+00:00,94.97000122070312,94.9800033569336,94.97000122070312,94.9800033569336,3033
2026-04-21 18:46:00+00:00,95.0,95.05000305175781,95.0,95.05000305175781,4042
2026-04-21 18:47:00+00:00,95.0999984741211,95.13999938964844,95.0448989868164,95.08000183105469,9926
2026-04-21 18:48:00+00:00,95.08000183105469,95.08999633789062,94.9749984741211,94.97640228271484,2855
2026-04-21 18:49:00+00:00,94.95500183105469,95.03980255126953,94.95500183105469,94.9749984741211,2508
2026-04-21 18:50:00+00:00,94.86489868164062,94.91510009765625,94.86489868164062,94.91000366210938,12635
2026-04-21 18:51:00+00:00,94.86000061035156,94.91239929199219,94.81500244140625,94.87120056152344,10174
2026-04-21 18:52:00+00:00,94.9000015258789,94.91889953613281,94.87750244140625,94.87999725341797,7134
2026-04-21 18:53:00+00:00,94.86499786376953,94.93000030517578,94.86009979248047,94.88999938964844,4162
2026-04-21 18:54:00+00:00,94.91999816894531,95.37999725341797,94.91999816894531,95.27999877929688,32585
2026-04-21 18:55:00+00:00,95.2603988647461,95.4000015258789,95.11499786376953,95.13500213623047,17182
2026-04-21 18:56:00+00:00,95.04000091552734,95.05999755859375,94.9800033569336,95.03009796142578,5845
2026-04-21 18:57:00+00:00,95.04000091552734,95.19100189208984,95.02100372314453,95.16500091552734,5884
2026-04-21 18:58:00+00:00,95.08999633789062,95.0999984741211,95.08000183105469,95.08000183105469,3896
2026-04-21 18:59:00+00:00,95.19000244140625,95.23739624023438,95.1500015258789,95.23739624023438,2700
2026-04-21 19:00:00+00:00,95.31500244140625,95.37999725341797,95.24500274658203,95.24500274658203,6645
2026-04-21 19:01:00+00:00,95.2699966430664,95.2699966430664,95.23660278320312,95.26000213623047,4625
2026-04-21 19:02:00+00:00,95.25499725341797,95.2959976196289,95.22000122070312,95.25499725341797,5640
2026-04-21 19:03:00+00:00,95.29000091552734,95.29000091552734,95.12000274658203,95.19000244140625,2609
2026-04-21 19:04:00+00:00,95.21499633789062,95.30000305175781,95.19499969482422,95.30000305175781,3766
2026-04-21 19:05:00+00:00,95.28500366210938,95.37999725341797,95.28500366210938,95.33999633789062,4230
2026-04-21 19:06:00+00:00,95.23999786376953,95.27999877929688,95.23999786376953,95.27999877929688,1318
2026-04-21 19:07:00+00:00,95.23999786376953,95.25,95.19000244140625,95.25,1747
2026-04-21 19:08:00+00:00,95.25,95.25,95.22010040283203,95.22010040283203,605
2026-04-21 19:09:00+00:00,95.29000091552734,95.29000091552734,95.22000122070312,95.22000122070312,2211
2026-04-21 19:10:00+00:00,95.18000030517578,95.18000030517578,95.16999816894531,95.17500305175781,889
2026-04-21 19:11:00+00:00,95.19999694824219,95.19999694824219,95.19999694824219,95.19999694824219,618
2026-04-21 19:12:00+00:00,95.24500274658203,95.29000091552734,95.23500061035156,95.26000213623047,3211
2026-04-21 19:13:00+00:00,95.29000091552734,95.30000305175781,95.25,95.25,822
2026-04-21 19:14:00+00:00,95.2300033569336,95.33000183105469,94.95500183105469,95.01000213623047,22196
2026-04-21 19:15:00+00:00,95.12999725341797,95.16999816894531,94.9800033569336,95.08999633789062,11356
2026-04-21 19:16:00+00:00,95.11000061035156,95.23989868164062,95.11000061035156,95.16010284423828,4103
2026-04-21 19:17:00+00:00,95.11000061035156,95.11000061035156,94.97000122070312,95.02999877929688,6314
2026-04-21 19:18:00+00:00,95.00800323486328,95.125,94.9988021850586,95.125,4466
2026-04-21 19:19:00+00:00,95.1050033569336,95.1050033569336,95.1050033569336,95.1050033569336,3347
2026-04-21 19:20:00+00:00,95.12000274658203,95.13990020751953,95.11000061035156,95.13990020751953,2605
2026-04-21 19:21:00+00:00,95.09369659423828,95.2699966430664,95.09369659423828,95.09500122070312,9876
2026-04-21 19:22:00+00:00,95.1500015258789,95.1500015258789,95.08999633789062,95.09500122070312,1438
2026-04-21 19:23:00+00:00,95.13999938964844,95.19999694824219,95.13999938964844,95.19999694824219,469
2026-04-21 19:24:00+00:00,95.22000122070312,95.2300033569336,95.20999908447266,95.22000122070312,3858
2026-04-21 19:25:00+00:00,95.26000213623047,95.28500366210938,95.23500061035156,95.28500366210938,4125
2026-04-21 19:26:00+00:00,95.35320281982422,95.44989776611328,95.29769897460938,95.44000244140625,4426
2026-04-21 19:27:00+00:00,95.43949890136719,95.44000244140625,95.37999725341797,95.37999725341797,2855
2026-04-21 19:28:00+00:00,95.44999694824219,95.51499938964844,95.44999694824219,95.47000122070312,7835
2026-04-21 19:29:00+00:00,95.42009735107422,95.4800033569336,95.42009735107422,95.46499633789062,3318
2026-04-21 19:30:00+00:00,95.52999877929688,95.64420318603516,95.52999877929688,95.63999938964844,6637
2026-04-21 19:31:00+00:00,95.65039825439453,95.69989776611328,95.5999984741211,95.63749694824219,6957
2026-04-21 19:32:00+00:00,95.62000274658203,95.67990112304688,95.62000274658203,95.67990112304688,11841
2026-04-21 19:33:00+00:00,95.62000274658203,95.65699768066406,95.52999877929688,95.56999969482422,10172
2026-04-21 19:34:00+00:00,95.45030212402344,95.51000213623047,95.44010162353516,95.50800323486328,12285
2026-04-21 19:35:00+00:00,95.5166015625,95.5531997680664,95.36000061035156,95.3949966430664,10322
2026-04-21 19:36:00+00:00,95.33910369873047,95.38999938964844,95.33000183105469,95.34500122070312,6896
2026-04-21 19:37:00+00:00,95.36750030517578,95.36750030517578,95.22350311279297,95.22350311279297,8800
2026-04-21 19:38:00+00:00,95.27999877929688,95.27999877929688,94.98999786376953,94.99800109863281,12213
2026-04-21 19:39:00+00:00,95.06999969482422,95.10919952392578,95.0199966430664,95.08999633789062,7189
2026-04-21 19:40:00+00:00,95.13999938964844,95.19999694824219,95.0,95.03500366210938,8048
2026-04-21 19:41:00+00:00,95.1698989868164,95.1698989868164,94.79720306396484,94.80500030517578,8025
2026-04-21 19:42:00+00:00,94.80000305175781,94.80000305175781,94.30000305175781,94.30000305175781,29451
2026-04-21 19:43:00+00:00,94.33999633789062,94.37000274658203,94.0,94.0999984741211,68110
2026-04-21 19:44:00+00:00,94.05000305175781,94.05000305175781,93.80999755859375,93.9800033569336,16153
2026-04-21 19:45:00+00:00,94.04000091552734,94.27999877929688,94.04000091552734,94.19999694824219,15809
2026-04-21 19:46:00+00:00,94.30000305175781,94.30000305175781,94.05010223388672,94.25,3760
2026-04-21 19:47:00+00:00,94.24500274658203,94.5199966430664,94.24500274658203,94.5199966430664,6777
2026-04-21 19:48:00+00:00,94.4260025024414,94.4260025024414,94.20999908447266,94.35399627685547,7804
2026-04-21 19:49:00+00:00,94.31999969482422,94.39779663085938,94.16999816894531,94.39779663085938,9367
2026-04-21 19:50:00+00:00,94.41999816894531,94.6500015258789,94.38999938964844,94.456298828125,13675
2026-04-21 19:51:00+00:00,94.30000305175781,94.41000366210938,94.26260375976562,94.41000366210938,7570
2026-04-21 19:52:00+00:00,94.33999633789062,94.37999725341797,94.15499877929688,94.27999877929688,9071
2026-04-21 19:53:00+00:00,94.21009826660156,94.23999786376953,94.18499755859375,94.23999786376953,2622
2026-04-21 19:54:00+00:00,94.27429962158203,94.31999969482422,94.0999984741211,94.0999984741211,11956
2026-04-21 19:55:00+00:00,93.9800033569336,94.29000091552734,93.91999816894531,94.29000091552734,9754
2026-04-21 19:56:00+00:00,94.23500061035156,94.23719787597656,94.16999816894531,94.19509887695312,1680
2026-04-21 19:57:00+00:00,94.19000244140625,94.36000061035156,94.19000244140625,94.36000061035156,5915
2026-04-21 19:58:00+00:00,94.41000366210938,94.5250015258789,94.39640045166016,94.5,11222
2026-04-21 19:59:00+00:00,94.5,94.58999633789062,94.36000061035156,94.55999755859375,81034
2026-04-22 13:30:00+00:00,95.62989807128906,95.62999725341797,94.75,94.80999755859375,290273
2026-04-22 13:31:00+00:00,94.7699966430664,95.01499938964844,94.72000122070312,94.81999969482422,41421
2026-04-22 13:32:00+00:00,94.86000061035156,95.58989715576172,94.86000061035156,95.2249984741211,26415
2026-04-22 13:33:00+00:00,95.19000244140625,95.19000244140625,94.94000244140625,94.95999908447266,13180
2026-04-22 13:34:00+00:00,95.04000091552734,95.09989929199219,94.87999725341797,95.03500366210938,15655
2026-04-22 13:35:00+00:00,94.99500274658203,95.1050033569336,94.94000244140625,95.05000305175781,9475
2026-04-22 13:36:00+00:00,95.06999969482422,95.16000366210938,95.0,95.01499938964844,15907
2026-04-22 13:37:00+00:00,95.0999984741211,95.20210266113281,95.04000091552734,95.04900360107422,6801
2026-04-22 13:38:00+00:00,94.9800033569336,94.98999786376953,94.66500091552734,94.89900207519531,62194
2026-04-22 13:39:00+00:00,94.84989929199219,94.84989929199219,94.58999633789062,94.59020233154297,40605
2026-04-22 13:40:00+00:00,94.58499908447266,94.88500213623047,94.55460357666016,94.78009796142578,29784
2026-04-22 13:41:00+00:00,94.81999969482422,94.87000274658203,94.6801986694336,94.87000274658203,8264
2026-04-22 13:42:00+00:00,94.98500061035156,95.0,94.8760986328125,94.92500305175781,17922
2026-04-22 13:43:00+00:00,94.91000366210938,95.02999877929688,94.81999969482422,94.81999969482422,16467
2026-04-22 13:44:00+00:00,94.79000091552734,95.13999938964844,94.79000091552734,95.01010131835938,21422
2026-04-22 13:45:00+00:00,95.02999877929688,95.08499908447266,94.91000366210938,94.91000366210938,7252
2026-04-22 13:46:00+00:00,94.94999694824219,95.05500030517578,94.90499877929688,94.99870300292969,13221
2026-04-22 13:47:00+00:00,95.00800323486328,95.16500091552734,94.875,94.875,54840
2026-04-22 13:48:00+00:00,94.8541030883789,94.87000274658203,94.41200256347656,94.44000244140625,50265
2026-04-22 13:49:00+00:00,94.47969818115234,94.56990051269531,94.36969757080078,94.43000030517578,17173
2026-04-22 13:50:00+00:00,94.56500244140625,94.5999984741211,94.26000213623047,94.375,17300
2026-04-22 13:51:00+00:00,94.37000274658203,94.38729858398438,94.18489837646484,94.38729858398438,34093
2026-04-22 13:52:00+00:00,94.38999938964844,94.47000122070312,94.38999938964844,94.44999694824219,20190
2026-04-22 13:53:00+00:00,94.47000122070312,94.47989654541016,94.375,94.38999938964844,19909
2026-04-22 13:54:00+00:00,94.4800033569336,94.69000244140625,94.4800033569336,94.61000061035156,12727
2026-04-22 13:55:00+00:00,94.67500305175781,94.69989776611328,94.55000305175781,94.56999969482422,11418
2026-04-22 13:56:00+00:00,94.55000305175781,94.56999969482422,94.38999938964844,94.4209976196289,23735
2026-04-22 13:57:00+00:00,94.4198989868164,94.4198989868164,94.12000274658203,94.34010314941406,41942
2026-04-22 13:58:00+00:00,94.33000183105469,94.52999877929688,94.33000183105469,94.37000274658203,33002
2026-04-22 13:59:00+00:00,94.31999969482422,94.5,94.24500274658203,94.44999694824219,8101
2026-04-22 14:00:00+00:00,94.51499938964844,94.58999633789062,94.48999786376953,94.51499938964844,19346
2026-04-22 14:01:00+00:00,94.3949966430664,94.45500183105469,94.37000274658203,94.42500305175781,4317
2026-04-22 14:02:00+00:00,94.37999725341797,94.37999725341797,94.19999694824219,94.19999694824219,14244
2026-04-22 14:03:00+00:00,94.20999908447266,94.22989654541016,94.0199966430664,94.19999694824219,57390
2026-04-22 14:04:00+00:00,94.18000030517578,94.3499984741211,94.18000030517578,94.28279876708984,32026
2026-04-22 14:05:00+00:00,94.21499633789062,94.21499633789062,94.10379791259766,94.10379791259766,5526
2026-04-22 14:06:00+00:00,94.07990264892578,94.23500061035156,93.96199798583984,94.19000244140625,25379
2026-04-22 14:07:00+00:00,94.19499969482422,94.4000015258789,94.19499969482422,94.37000274658203,14646
2026-04-22 14:08:00+00:00,94.37310028076172,94.38990020751953,94.3145980834961,94.36000061035156,5982
2026-04-22 14:09:00+00:00,94.43000030517578,94.43000030517578,94.34200286865234,94.34200286865234,9189
2026-04-22 14:10:00+00:00,94.30999755859375,94.50499725341797,94.30999755859375,94.50499725341797,16707
2026-04-22 14:11:00+00:00,94.41999816894531,94.48770141601562,94.36000061035156,94.44000244140625,9726
2026-04-22 14:12:00+00:00,94.41000366210938,94.44999694824219,94.38500213623047,94.41000366210938,6024
2026-04-22 14:13:00+00:00,94.44000244140625,94.59989929199219,94.44000244140625,94.59989929199219,14981
2026-04-22 14:14:00+00:00,94.55500030517578,94.71910095214844,94.55480194091797,94.71910095214844,8748
2026-04-22 14:15:00+00:00,94.69999694824219,94.87809753417969,94.69999694824219,94.80000305175781,26060
2026-04-22 14:16:00+00:00,94.77999877929688,94.80000305175781,94.63999938964844,94.6592025756836,6252
2026-04-22 14:17:00+00:00,94.6323013305664,94.6488037109375,94.52999877929688,94.55500030517578,21702
2026-04-22 14:18:00+00:00,94.5,94.56999969482422,94.45999908447266,94.54000091552734,11394
2026-04-22 14:19:00+00:00,94.54989624023438,94.6449966430664,94.54989624023438,94.55000305175781,5756
2026-04-22 14:20:00+00:00,94.66000366210938,94.78500366210938,94.66000366210938,94.78500366210938,12399
2026-04-22 14:21:00+00:00,94.7699966430664,94.98999786376953,94.7699966430664,94.98999786376953,19603
2026-04-22 14:22:00+00:00,94.80999755859375,94.94999694824219,94.70999908447266,94.9000015258789,37117
2026-04-22 14:23:00+00:00,94.76000213623047,94.9000015258789,94.76000213623047,94.8936996459961,22012
2026-04-22 14:24:00+00:00,94.83999633789062,94.90550231933594,94.83999633789062,94.83999633789062,7316
2026-04-22 14:25:00+00:00,94.80500030517578,95.01499938964844,94.80500030517578,95.00499725341797,14737
2026-04-22 14:26:00+00:00,94.90499877929688,95.05000305175781,94.87000274658203,94.95999908447266,7017
2026-04-22 14:27:00+00:00,94.96499633789062,94.96499633789062,94.81999969482422,94.81999969482422,6326
2026-04-22 14:28:00+00:00,94.79000091552734,94.88159942626953,94.78009796142578,94.88159942626953,4291
2026-04-22 14:29:00+00:00,94.8499984741211,94.94999694824219,94.81999969482422,94.94999694824219,7086
2026-04-22 14:30:00+00:00,94.9800033569336,95.06999969482422,94.93000030517578,94.97000122070312,10885
2026-04-22 14:31:00+00:00,94.98709869384766,95.21499633789062,94.94110107421875,95.20999908447266,18890
2026-04-22 14:32:00+00:00,95.21630096435547,95.33000183105469,94.95999908447266,95.04000091552734,39120
2026-04-22 14:33:00+00:00,94.94999694824219,95.04000091552734,94.86499786376953,95.0353012084961,8480
2026-04-22 14:34:00+00:00,95.08999633789062,95.2699966430664,95.08999633789062,95.19879913330078,26210
2026-04-22 14:35:00+00:00,95.11000061035156,95.12989807128906,95.05999755859375,95.08999633789062,5196
2026-04-22 14:36:00+00:00,95.12000274658203,95.30989837646484,95.12000274658203,95.29630279541016,73572
2026-04-22 14:37:00+00:00,95.3499984741211,95.43000030517578,95.31999969482422,95.37000274658203,23760
2026-04-22 14:38:00+00:00,95.35009765625,95.45500183105469,95.33499908447266,95.44000244140625,23109
2026-04-22 14:39:00+00:00,95.44999694824219,95.5,95.38500213623047,95.43000030517578,38921
2026-04-22 14:40:00+00:00,95.41999816894531,95.43499755859375,95.4000015258789,95.4000015258789,9188
2026-04-22 14:41:00+00:00,95.36000061035156,95.37999725341797,95.27999877929688,95.36000061035156,34959
2026-04-22 14:42:00+00:00,95.33000183105469,95.38500213623047,95.31620025634766,95.38500213623047,5725
2026-04-22 14:43:00+00:00,95.4000015258789,95.4000015258789,95.29000091552734,95.29499816894531,25518
2026-04-22 14:44:00+00:00,95.30480194091797,95.41000366210938,95.30480194091797,95.41000366210938,6328
2026-04-22 14:45:00+00:00,95.40799713134766,95.7699966430664,95.40799713134766,95.73999786376953,54000
2026-04-22 14:46:00+00:00,95.83499908447266,95.98989868164062,95.73500061035156,95.91500091552734,15322
2026-04-22 14:47:00+00:00,95.94000244140625,95.97689819335938,95.83000183105469,95.87999725341797,16802
2026-04-22 14:48:00+00:00,95.90869903564453,95.98999786376953,95.9000015258789,95.92500305175781,14249
2026-04-22 14:49:00+00:00,95.8499984741211,95.86000061035156,95.76000213623047,95.82779693603516,8730
2026-04-22 14:50:00+00:00,95.80000305175781,95.86499786376953,95.7699966430664,95.86499786376953,6042
2026-04-22 14:51:00+00:00,95.87850189208984,95.9000015258789,95.80999755859375,95.9000015258789,4549
2026-04-22 14:52:00+00:00,95.80999755859375,95.83999633789062,95.66000366210938,95.7300033569336,6620
2026-04-22 14:53:00+00:00,95.73709869384766,95.76000213623047,95.62999725341797,95.7134017944336,10790
2026-04-22 14:54:00+00:00,95.73999786376953,95.9000015258789,95.73999786376953,95.88999938964844,3682
2026-04-22 14:55:00+00:00,95.90499877929688,95.9749984741211,95.9000015258789,95.9000015258789,3655
2026-04-22 14:56:00+00:00,95.81999969482422,95.95500183105469,95.81999969482422,95.93499755859375,9576
2026-04-22 14:57:00+00:00,95.9800033569336,95.9800033569336,95.84619903564453,95.87580108642578,21306
2026-04-22 14:58:00+00:00,95.83999633789062,95.83999633789062,95.68009948730469,95.68009948730469,8081
2026-04-22 14:59:00+00:00,95.69999694824219,95.77999877929688,95.69999694824219,95.77999877929688,1753
2026-04-22 15:00:00+00:00,95.68000030517578,95.69010162353516,95.5199966430664,95.5199966430664,17592
2026-04-22 15:01:00+00:00,95.5,95.64630126953125,95.5,95.64630126953125,8162
2026-04-22 15:02:00+00:00,95.76000213623047,95.79989624023438,95.76000213623047,95.77989959716797,2597
2026-04-22 15:03:00+00:00,95.69999694824219,95.73989868164062,95.65010070800781,95.65010070800781,2880
2026-04-22 15:04:00+00:00,95.70010375976562,95.70010375976562,95.59049987792969,95.6458969116211,5910
2026-04-22 15:06:00+00:00,95.75,95.77999877929688,95.73999786376953,95.75,18641
2026-04-22 15:07:00+00:00,95.8499984741211,95.86499786376953,95.80999755859375,95.80999755859375,15621
2026-04-22 15:08:00+00:00,95.83000183105469,95.95999908447266,95.83000183105469,95.92990112304688,7319
2026-04-22 15:09:00+00:00,95.8499984741211,95.9000015258789,95.81999969482422,95.83999633789062,2870
2026-04-22 15:10:00+00:00,95.87999725341797,95.94999694824219,95.81999969482422,95.94999694824219,12406
2026-04-22 15:11:00+00:00,95.91999816894531,95.9697036743164,95.9000015258789,95.93920135498047,8471
2026-04-22 15:12:00+00:00,95.91999816894531,95.94989776611328,95.83999633789062,95.83999633789062,2347
2026-04-22 15:13:00+00:00,95.87000274658203,95.94999694824219,95.87000274658203,95.93499755859375,3592
2026-04-22 15:14:00+00:00,95.94999694824219,95.94999694824219,95.87000274658203,95.87000274658203,8646
2026-04-22 15:15:00+00:00,95.8499984741211,95.9000015258789,95.75499725341797,95.87000274658203,15183
2026-04-22 15:16:00+00:00,95.9000015258789,96.12000274658203,95.9000015258789,96.11299896240234,58267
2026-04-22 15:17:00+00:00,96.12000274658203,96.17990112304688,96.07679748535156,96.07679748535156,16327
2026-04-22 15:18:00+00:00,96.12000274658203,96.12000274658203,95.85009765625,96.11000061035156,5999
2026-04-22 15:19:00+00:00,96.04000091552734,96.0697021484375,95.99749755859375,95.99919891357422,4738
2026-04-22 15:20:00+00:00,96.02980041503906,96.02989959716797,95.97000122070312,95.97000122070312,22891
2026-04-22 15:21:00+00:00,96.0250015258789,96.11000061035156,96.0250015258789,96.08999633789062,19618
2026-04-22 15:22:00+00:00,96.01000213623047,96.03679656982422,95.92169952392578,95.92169952392578,6446
2026-04-22 15:23:00+00:00,95.92500305175781,96.06999969482422,95.92500305175781,96.06999969482422,3582
2026-04-22 15:24:00+00:00,96.05999755859375,96.12999725341797,96.05999755859375,96.09660339355469,8991
2026-04-22 15:25:00+00:00,96.12000274658203,96.19000244140625,96.06600189208984,96.1449966430664,8947
2026-04-22 15:26:00+00:00,96.12000274658203,96.20500183105469,96.11000061035156,96.19000244140625,9093
2026-04-22 15:27:00+00:00,96.2052993774414,96.23999786376953,96.1449966430664,96.15010070800781,8338
2026-04-22 15:28:00+00:00,96.14009857177734,96.25,96.12010192871094,96.25,35159
2026-04-22 15:29:00+00:00,96.2699966430664,96.31999969482422,96.12000274658203,96.12000274658203,20704
2026-04-22 15:30:00+00:00,96.06999969482422,96.16000366210938,96.06009674072266,96.16000366210938,2146
2026-04-22 15:31:00+00:00,96.02999877929688,96.02999877929688,95.88899993896484,95.88899993896484,8133
2026-04-22 15:32:00+00:00,95.95760345458984,95.95760345458984,95.81009674072266,95.82499694824219,3510
2026-04-22 15:33:00+00:00,95.83000183105469,95.8949966430664,95.83000183105469,95.8949966430664,3348
2026-04-22 15:34:00+00:00,95.91280364990234,95.98999786376953,95.87999725341797,95.98999786376953,6482
2026-04-22 15:35:00+00:00,96.01000213623047,96.01000213623047,95.87000274658203,95.87000274658203,3005
2026-04-22 15:36:00+00:00,95.91999816894531,95.91999816894531,95.83499908447266,95.84500122070312,8852
2026-04-22 15:37:00+00:00,95.88500213623047,95.94200134277344,95.84010314941406,95.94200134277344,2610
2026-04-22 15:38:00+00:00,96.0,96.0,95.9000015258789,95.9000015258789,2994
2026-04-22 15:39:00+00:00,95.94000244140625,95.94999694824219,95.91000366210938,95.94999694824219,2197
2026-04-22 15:40:00+00:00,95.94000244140625,95.95500183105469,95.88590240478516,95.95500183105469,3752
2026-04-22 15:41:00+00:00,95.95999908447266,95.95999908447266,95.95999908447266,95.95999908447266,1035
2026-04-22 15:42:00+00:00,95.91999816894531,95.91999816894531,95.77999877929688,95.79000091552734,21590
2026-04-22 15:43:00+00:00,95.75,95.81999969482422,95.73999786376953,95.75,9642
2026-04-22 15:44:00+00:00,95.6500015258789,95.66490173339844,95.55999755859375,95.55999755859375,5717
2026-04-22 15:45:00+00:00,95.55000305175781,95.6500015258789,95.4800033569336,95.59629821777344,7738
2026-04-22 15:46:00+00:00,95.69989776611328,95.75,95.6500015258789,95.72139739990234,6157
2026-04-22 15:47:00+00:00,95.63999938964844,95.75,95.63999938964844,95.66999816894531,1955
2026-04-22 15:48:00+00:00,95.74009704589844,95.76000213623047,95.74009704589844,95.74449920654297,2317
2026-04-22 15:49:00+00:00,95.81099700927734,95.81999969482422,95.7500991821289,95.78500366210938,5065
2026-04-22 15:50:00+00:00,95.79499816894531,95.79499816894531,95.7699966430664,95.77989959716797,3640
2026-04-22 15:51:00+00:00,95.72010040283203,95.7249984741211,95.72000122070312,95.72000122070312,2137
2026-04-22 15:52:00+00:00,95.75,95.75,95.65239715576172,95.69499969482422,2732
2026-04-22 15:53:00+00:00,95.64019775390625,95.64019775390625,95.64019775390625,95.64019775390625,3000
2026-04-22 15:54:00+00:00,95.83489990234375,95.86499786376953,95.83489990234375,95.84010314941406,5106
2026-04-22 15:55:00+00:00,95.92500305175781,96.0199966430664,95.91999816894531,96.0199966430664,8852
2026-04-22 15:56:00+00:00,95.98500061035156,95.98500061035156,95.91999816894531,95.93499755859375,2336
2026-04-22 15:57:00+00:00,95.94000244140625,95.94000244140625,95.80000305175781,95.80000305175781,2495
2026-04-22 15:58:00+00:00,95.77999877929688,95.77999877929688,95.69999694824219,95.7155990600586,3996
2026-04-22 15:59:00+00:00,95.76750183105469,95.76750183105469,95.72000122070312,95.73999786376953,5650
2026-04-22 16:00:00+00:00,95.7699966430664,95.81999969482422,95.63999938964844,95.63999938964844,4286
2026-04-22 16:01:00+00:00,95.66010284423828,95.68699645996094,95.62999725341797,95.67500305175781,5715
2026-04-22 16:02:00+00:00,95.69010162353516,95.7874984741211,95.69000244140625,95.7874984741211,2998
2026-04-22 16:03:00+00:00,95.79000091552734,95.80000305175781,95.74559783935547,95.74559783935547,6535
2026-04-22 16:04:00+00:00,95.80000305175781,95.86100006103516,95.80000305175781,95.83000183105469,4733
2026-04-22 16:05:00+00:00,95.86000061035156,95.87000274658203,95.8499984741211,95.86009979248047,2917
2026-04-22 16:06:00+00:00,95.87999725341797,95.87999725341797,95.79010009765625,95.81999969482422,2132
2026-04-22 16:07:00+00:00,95.79000091552734,95.79000091552734,95.75990295410156,95.75990295410156,448
2026-04-22 16:08:00+00:00,95.7300033569336,95.7300033569336,95.72000122070312,95.72000122070312,12277
2026-04-22 16:10:00+00:00,95.77999877929688,95.77999877929688,95.77999877929688,95.77999877929688,458
2026-04-22 16:11:00+00:00,95.7699966430664,95.7699966430664,95.7699966430664,95.7699966430664,4010
2026-04-22 16:12:00+00:00,95.7750015258789,95.7750015258789,95.70500183105469,95.7300033569336,2131
2026-04-22 16:13:00+00:00,95.7499008178711,95.75990295410156,95.69049835205078,95.75990295410156,3599
2026-04-22 16:14:00+00:00,95.66999816894531,95.68000030517578,95.66999816894531,95.68000030517578,814
2026-04-22 16:15:00+00:00,95.69000244140625,95.69000244140625,95.69000244140625,95.69000244140625,394
2026-04-22 16:16:00+00:00,95.69999694824219,95.7698974609375,95.56999969482422,95.56999969482422,6142
2026-04-22 16:17:00+00:00,95.59500122070312,95.63999938964844,95.59500122070312,95.63999938964844,1003
2026-04-22 16:18:00+00:00,95.75,95.75,95.58000183105469,95.58000183105469,2771
2026-04-22 16:19:00+00:00,95.5,95.52660369873047,95.47000122070312,95.47000122070312,31240
2026-04-22 16:20:00+00:00,95.51000213623047,95.63990020751953,95.5,95.6052017211914,4714
2026-04-22 16:21:00+00:00,95.6500015258789,95.79000091552734,95.6500015258789,95.79000091552734,4093
2026-04-22 16:22:00+00:00,95.7699966430664,95.7699966430664,95.73999786376953,95.73999786376953,6538
2026-04-22 16:23:00+00:00,95.7699966430664,95.79499816894531,95.76010131835938,95.79000091552734,9038
2026-04-22 16:24:00+00:00,95.78500366210938,95.80000305175781,95.76000213623047,95.76000213623047,2017
2026-04-22 16:25:00+00:00,95.75,95.75,95.7249984741211,95.7249984741211,1054
2026-04-22 16:26:00+00:00,95.69000244140625,95.69000244140625,95.65010070800781,95.67500305175781,613
2026-04-22 16:27:00+00:00,95.7300033569336,95.76000213623047,95.70010375976562,95.76000213623047,839
2026-04-22 16:28:00+00:00,95.7698974609375,95.7698974609375,95.73999786376953,95.73999786376953,1386
2026-04-22 16:29:00+00:00,95.63999938964844,95.69000244140625,95.5999984741211,95.60320281982422,2197
2026-04-22 16:30:00+00:00,95.53070068359375,95.62689971923828,95.4800033569336,95.62689971923828,7262
2026-04-22 16:31:00+00:00,95.62000274658203,95.7300033569336,95.62000274658203,95.66680145263672,5204
2026-04-22 16:32:00+00:00,95.69999694824219,95.73999786376953,95.69010162353516,95.69010162353516,2372
2026-04-22 16:33:00+00:00,95.68499755859375,95.68499755859375,95.68499755859375,95.68499755859375,1068
2026-04-22 16:34:00+00:00,95.69999694824219,95.69999694824219,95.61000061035156,95.63500213623047,2012
2026-04-22 16:35:00+00:00,95.5999984741211,95.61499786376953,95.56999969482422,95.5790023803711,1399
2026-04-22 16:36:00+00:00,95.56999969482422,95.58999633789062,95.55000305175781,95.55999755859375,3567
2026-04-22 16:37:00+00:00,95.54000091552734,95.57350158691406,95.5199966430664,95.57350158691406,2650
2026-04-22 16:39:00+00:00,95.62000274658203,95.62000274658203,95.61499786376953,95.61499786376953,1170
2026-04-22 16:40:00+00:00,95.56999969482422,95.63990020751953,95.56999969482422,95.5999984741211,3717
2026-04-22 16:41:00+00:00,95.63500213623047,95.68000030517578,95.63500213623047,95.6500015258789,4136
2026-04-22 16:42:00+00:00,95.69999694824219,95.69999694824219,95.4800033569336,95.4800033569336,10867
2026-04-22 16:43:00+00:00,95.57990264892578,95.6239013671875,95.54000091552734,95.6239013671875,11839
2026-04-22 16:44:00+00:00,95.6500015258789,95.66000366210938,95.61000061035156,95.61009979248047,5481
2026-04-22 16:45:00+00:00,95.56009674072266,95.56009674072266,95.56009674072266,95.56009674072266,1010
2026-04-22 16:46:00+00:00,95.625,95.625,95.625,95.625,1629
2026-04-22 16:48:00+00:00,95.62999725341797,95.62999725341797,95.62000274658203,95.62000274658203,2714
2026-04-22 16:49:00+00:00,95.62000274658203,95.62000274658203,95.60009765625,95.60009765625,3757
2026-04-22 16:50:00+00:00,95.63999938964844,95.69999694824219,95.63999938964844,95.69000244140625,2159
2026-04-22 16:51:00+00:00,95.68499755859375,95.72000122070312,95.68000030517578,95.69999694824219,3453
2026-04-22 16:52:00+00:00,95.69499969482422,95.70989990234375,95.66909790039062,95.66909790039062,916
2026-04-22 16:53:00+00:00,95.69999694824219,95.75,95.69999694824219,95.73999786376953,6968
2026-04-22 16:54:00+00:00,95.7699966430664,95.7699966430664,95.7655029296875,95.7655029296875,528
2026-04-22 16:55:00+00:00,95.7300033569336,95.7300033569336,95.68499755859375,95.68499755859375,3254
2026-04-22 16:56:00+00:00,95.63500213623047,95.63500213623047,95.5999984741211,95.5999984741211,561
2026-04-22 16:57:00+00:00,95.68499755859375,95.70500183105469,95.64070129394531,95.68000030517578,1492
2026-04-22 16:58:00+00:00,95.66999816894531,95.66999816894531,95.58000183105469,95.58000183105469,1432
2026-04-22 16:59:00+00:00,95.58000183105469,95.58000183105469,95.58000183105469,95.58000183105469,1657
2026-04-22 17:00:00+00:00,95.67510223388672,95.86000061035156,95.67510223388672,95.86000061035156,17026
2026-04-22 17:01:00+00:00,95.83999633789062,96.0,95.79010009765625,95.91500091552734,23011
2026-04-22 17:02:00+00:00,96.0199966430664,96.0199966430664,95.88999938964844,95.93499755859375,7767
2026-04-22 17:03:00+00:00,95.95999908447266,95.96800231933594,95.95999908447266,95.96050262451172,2239
2026-04-22 17:04:00+00:00,95.98999786376953,96.02999877929688,95.97509765625,96.0250015258789,38117
2026-04-22 17:05:00+00:00,96.05000305175781,96.11000061035156,96.03009796142578,96.03009796142578,3519
2026-04-22 17:06:00+00:00,95.97000122070312,96.00499725341797,95.94000244140625,95.95999908447266,7075
2026-04-22 17:07:00+00:00,95.95999908447266,95.99909973144531,95.95999908447266,95.99909973144531,714
2026-04-22 17:08:00+00:00,95.95999908447266,96.05999755859375,95.95999908447266,96.05010223388672,7263
2026-04-22 17:09:00+00:00,96.06500244140625,96.0999984741211,96.05999755859375,96.05999755859375,1349
2026-04-22 17:10:00+00:00,96.11000061035156,96.2699966430664,96.11000061035156,96.2249984741211,24157
2026-04-22 17:11:00+00:00,96.19499969482422,96.2300033569336,96.19499969482422,96.2300033569336,1123
2026-04-22 17:12:00+00:00,96.26000213623047,96.32499694824219,96.26000213623047,96.32499694824219,14768
2026-04-22 17:13:00+00:00,96.3499984741211,96.36000061035156,96.22000122070312,96.22000122070312,9259
2026-04-22 17:14:00+00:00,96.21869659423828,96.21869659423828,96.13999938964844,96.16500091552734,4569
2026-04-22 17:15:00+00:00,96.19999694824219,96.29000091552734,96.19999694824219,96.28500366210938,5309
2026-04-22 17:16:00+00:00,96.27300262451172,96.27300262451172,96.16999816894531,96.19999694824219,17732
2026-04-22 17:17:00+00:00,96.22000122070312,96.2699966430664,96.19059753417969,96.2699966430664,14949
2026-04-22 17:18:00+00:00,96.26000213623047,96.2699966430664,96.19999694824219,96.19999694824219,6667
2026-04-22 17:19:00+00:00,96.20379638671875,96.20379638671875,96.11540222167969,96.16500091552734,4870
2026-04-22 17:20:00+00:00,96.20580291748047,96.26000213623047,96.17369842529297,96.26000213623047,2012
2026-04-22 17:21:00+00:00,96.27999877929688,96.39070129394531,96.27999877929688,96.36499786376953,13894
2026-04-22 17:22:00+00:00,96.3499984741211,96.44989776611328,96.31999969482422,96.44989776611328,12105
2026-04-22 17:23:00+00:00,96.41999816894531,96.43920135498047,96.37999725341797,96.37999725341797,4188
2026-04-22 17:24:00+00:00,96.38990020751953,96.3949966430664,96.375,96.375,2366
2026-04-22 17:25:00+00:00,96.37750244140625,96.37750244140625,96.31289672851562,96.32499694824219,3274
2026-04-22 17:26:00+00:00,96.3667984008789,96.4000015258789,96.3667984008789,96.39009857177734,1173
2026-04-22 17:27:00+00:00,96.38999938964844,96.41000366210938,96.38999938964844,96.38999938964844,2542
2026-04-22 17:28:00+00:00,96.3551025390625,96.3551025390625,96.29000091552734,96.29000091552734,3573
2026-04-22 17:29:00+00:00,96.26439666748047,96.26439666748047,96.2300033569336,96.23500061035156,2533
2026-04-22 17:30:00+00:00,96.2300033569336,96.2300033569336,96.2300033569336,96.2300033569336,1736
2026-04-22 17:31:00+00:00,96.34500122070312,96.36000061035156,96.33000183105469,96.33499908447266,2135
2026-04-22 17:32:00+00:00,96.33000183105469,96.36000061035156,96.22010040283203,96.22010040283203,5829
2026-04-22 17:33:00+00:00,96.29499816894531,96.31999969482422,96.27999877929688,96.30000305175781,5298
2026-04-22 17:34:00+00:00,96.31559753417969,96.31559753417969,96.31559753417969,96.31559753417969,1766
2026-04-22 17:35:00+00:00,96.25,96.25309753417969,96.25,96.25309753417969,2824
2026-04-22 17:36:00+00:00,96.29499816894531,96.31999969482422,96.29499816894531,96.31999969482422,1620
2026-04-22 17:37:00+00:00,96.2605972290039,96.29000091552734,96.2605972290039,96.29000091552734,2014
2026-04-22 17:38:00+00:00,96.37999725341797,96.4000015258789,96.36499786376953,96.4000015258789,2659
2026-04-22 17:39:00+00:00,96.41999816894531,96.5,96.41999816894531,96.44290161132812,51678
2026-04-22 17:40:00+00:00,96.5,96.55000305175781,96.48999786376953,96.51730346679688,33982
2026-04-22 17:41:00+00:00,96.52449798583984,96.52449798583984,96.48999786376953,96.50499725341797,22768
2026-04-22 17:42:00+00:00,96.55000305175781,96.63719940185547,96.55000305175781,96.63500213623047,11242
2026-04-22 17:43:00+00:00,96.62999725341797,96.62999725341797,96.51499938964844,96.5199966430664,2780
2026-04-22 17:44:00+00:00,96.52999877929688,96.52999877929688,96.44999694824219,96.5,1832
2026-04-22 17:45:00+00:00,96.5,96.5199966430664,96.44000244140625,96.45500183105469,10560
2026-04-22 17:46:00+00:00,96.42440032958984,96.4800033569336,96.38999938964844,96.41000366210938,1993
2026-04-22 17:47:00+00:00,96.3499984741211,96.42459869384766,96.29000091552734,96.41500091552734,9818
2026-04-22 17:48:00+00:00,96.39990234375,96.39990234375,96.27999877929688,96.33000183105469,2656
2026-04-22 17:50:00+00:00,96.45999908447266,96.47509765625,96.43499755859375,96.43499755859375,5500
2026-04-22 17:51:00+00:00,96.44000244140625,96.56500244140625,96.43000030517578,96.56500244140625,3173
2026-04-22 17:52:00+00:00,96.56500244140625,96.69999694824219,96.56500244140625,96.66999816894531,36129
2026-04-22 17:53:00+00:00,96.69999694824219,96.75,96.68060302734375,96.69010162353516,14472
2026-04-22 17:54:00+00:00,96.72540283203125,96.72550201416016,96.68000030517578,96.69999694824219,6448
2026-04-22 17:55:00+00:00,96.75,96.7699966430664,96.70999908447266,96.76000213623047,13849
2026-04-22 17:56:00+00:00,96.7750015258789,96.80000305175781,96.7219009399414,96.74030303955078,10918
2026-04-22 17:57:00+00:00,96.77989959716797,96.78929901123047,96.72010040283203,96.78929901123047,3122
2026-04-22 17:58:00+00:00,96.7699966430664,96.83000183105469,96.7699966430664,96.80850219726562,7048
2026-04-22 17:59:00+00:00,96.81999969482422,96.81999969482422,96.7300033569336,96.7300033569336,2468
2026-04-22 18:00:00+00:00,96.69010162353516,96.75499725341797,96.68000030517578,96.75499725341797,6450
2026-04-22 18:01:00+00:00,96.7750015258789,96.7750015258789,96.69999694824219,96.7697982788086,2494
2026-04-22 18:02:00+00:00,96.83059692382812,96.90499877929688,96.83059692382812,96.85070037841797,21105
2026-04-22 18:03:00+00:00,96.86499786376953,96.8949966430664,96.8550033569336,96.87010192871094,3073
2026-04-22 18:04:00+00:00,96.9000015258789,96.90850067138672,96.76180267333984,96.7750015258789,5560
2026-04-22 18:05:00+00:00,96.80500030517578,96.8593978881836,96.80000305175781,96.8499984741211,2966
2026-04-22 18:06:00+00:00,96.87999725341797,96.87999725341797,96.66000366210938,96.66000366210938,3841
2026-04-22 18:07:00+00:00,96.6968002319336,96.7499008178711,96.65450286865234,96.69999694824219,6939
2026-04-22 18:08:00+00:00,96.69999694824219,96.69999694824219,96.6449966430664,96.6449966430664,3615
2026-04-22 18:09:00+00:00,96.62999725341797,96.66000366210938,96.62999725341797,96.66000366210938,9031
2026-04-22 18:10:00+00:00,96.56999969482422,96.61219787597656,96.56999969482422,96.61219787597656,6286
2026-04-22 18:11:00+00:00,96.58499908447266,96.61000061035156,96.55039978027344,96.56999969482422,8853
2026-04-22 18:12:00+00:00,96.61000061035156,96.6500015258789,96.6050033569336,96.6050033569336,3049
2026-04-22 18:13:00+00:00,96.6050033569336,96.66999816894531,96.6050033569336,96.66999816894531,8122
2026-04-22 18:14:00+00:00,96.62000274658203,96.62000274658203,96.58809661865234,96.62000274658203,3379
2026-04-22 18:15:00+00:00,96.60050201416016,96.60050201416016,96.55000305175781,96.55000305175781,4277
2026-04-22 18:16:00+00:00,96.54219818115234,96.54219818115234,96.41500091552734,96.41500091552734,4935
2026-04-22 18:17:00+00:00,96.41999816894531,96.43000030517578,96.30419921875,96.30419921875,3924
2026-04-22 18:18:00+00:00,96.30999755859375,96.43499755859375,96.30999755859375,96.43499755859375,1414
2026-04-22 18:19:00+00:00,96.38999938964844,96.38999938964844,96.38999938964844,96.38999938964844,606
2026-04-22 18:20:00+00:00,96.29000091552734,96.29000091552734,96.18170166015625,96.23999786376953,3981
2026-04-22 18:21:00+00:00,96.2699966430664,96.2699966430664,96.16329956054688,96.20999908447266,12421
2026-04-22 18:22:00+00:00,96.1500015258789,96.19999694824219,96.13500213623047,96.19999694824219,3119
2026-04-22 18:23:00+00:00,96.1500015258789,96.2300033569336,96.1500015258789,96.17009735107422,1969
2026-04-22 18:24:00+00:00,96.19000244140625,96.33999633789062,96.19000244140625,96.33999633789062,3322
2026-04-22 18:25:00+00:00,96.31610107421875,96.35990142822266,96.27999877929688,96.27999877929688,13940
2026-04-22 18:27:00+00:00,96.30000305175781,96.30000305175781,96.26000213623047,96.26000213623047,18168
2026-04-22 18:28:00+00:00,96.27010345458984,96.28500366210938,96.27010345458984,96.28500366210938,6266
2026-04-22 18:29:00+00:00,96.23999786376953,96.23999786376953,96.1449966430664,96.1449966430664,3663
2026-04-22 18:30:00+00:00,96.0999984741211,96.0999984741211,96.08999633789062,96.08999633789062,1413
2026-04-22 18:31:00+00:00,96.13999938964844,96.16439819335938,96.13059997558594,96.16000366210938,4673
2026-04-22 18:32:00+00:00,96.1500015258789,96.16500091552734,96.08999633789062,96.0999984741211,5658
2026-04-22 18:33:00+00:00,96.0071029663086,96.10440063476562,96.0,96.10440063476562,4767
2026-04-22 18:34:00+00:00,96.13500213623047,96.16000366210938,96.10009765625,96.12999725341797,5025
2026-04-22 18:35:00+00:00,96.11009979248047,96.21839904785156,96.11009979248047,96.21839904785156,1446
2026-04-22 18:36:00+00:00,96.22000122070312,96.25,96.20999908447266,96.25,1352
2026-04-22 18:37:00+00:00,96.28589630126953,96.30000305175781,96.25019836425781,96.29000091552734,5171
2026-04-22 18:38:00+00:00,96.36000061035156,96.37799835205078,96.3550033569336,96.3550033569336,677
2026-04-22 18:39:00+00:00,96.33499908447266,96.33499908447266,96.30000305175781,96.30000305175781,832
2026-04-22 18:40:00+00:00,96.3550033569336,96.37000274658203,96.33000183105469,96.3499984741211,4913
2026-04-22 18:41:00+00:00,96.42990112304688,96.42990112304688,96.36499786376953,96.36499786376953,3126
2026-04-22 18:42:00+00:00,96.37909698486328,96.37909698486328,96.33000183105469,96.33000183105469,2178
2026-04-22 18:43:00+00:00,96.36000061035156,96.38990020751953,96.36000061035156,96.38990020751953,4500
2026-04-22 18:44:00+00:00,96.30000305175781,96.30000305175781,96.30000305175781,96.30000305175781,1072
2026-04-22 18:45:00+00:00,96.29000091552734,96.31999969482422,96.2699966430664,96.29000091552734,3122
2026-04-22 18:46:00+00:00,96.30999755859375,96.33989715576172,96.29000091552734,96.29000091552734,1979
2026-04-22 18:47:00+00:00,96.30500030517578,96.30500030517578,96.30500030517578,96.30500030517578,1133
2026-04-22 18:48:00+00:00,96.33409881591797,96.33409881591797,96.23999786376953,96.23999786376953,9839
2026-04-22 18:49:00+00:00,96.2874984741211,96.31999969482422,96.2874984741211,96.29499816894531,1109
2026-04-22 18:50:00+00:00,96.30999755859375,96.30999755859375,96.30999755859375,96.30999755859375,511
2026-04-22 18:51:00+00:00,96.41000366210938,96.41000366210938,96.37999725341797,96.37999725341797,1365
2026-04-22 18:52:00+00:00,96.41500091552734,96.41500091552734,96.41500091552734,96.41500091552734,851
2026-04-22 18:53:00+00:00,96.44999694824219,96.48989868164062,96.43000030517578,96.44999694824219,11684
2026-04-22 18:54:00+00:00,96.43769836425781,96.43769836425781,96.43769836425781,96.43769836425781,814
2026-04-22 18:55:00+00:00,96.34960174560547,96.34960174560547,96.2428970336914,96.2428970336914,3659
2026-04-22 18:56:00+00:00,96.26000213623047,96.26000213623047,96.20999908447266,96.21499633789062,12126
2026-04-22 18:57:00+00:00,96.13059997558594,96.16999816894531,96.06009674072266,96.08999633789062,14187
2026-04-22 18:58:00+00:00,96.13999938964844,96.15630340576172,96.0801010131836,96.15630340576172,5563
2026-04-22 18:59:00+00:00,96.12000274658203,96.12000274658203,96.07209777832031,96.07209777832031,6474
2026-04-22 19:00:00+00:00,96.05999755859375,96.05999755859375,95.80000305175781,95.83000183105469,46858
2026-04-22 19:01:00+00:00,95.81999969482422,95.86000061035156,95.79000091552734,95.86000061035156,41230
2026-04-22 19:02:00+00:00,95.93000030517578,95.96440124511719,95.78559875488281,95.85700225830078,4495
2026-04-22 19:03:00+00:00,95.9092025756836,95.9092025756836,95.7699966430664,95.83599853515625,5009
2026-04-22 19:04:00+00:00,95.83999633789062,95.91500091552734,95.80999755859375,95.8644027709961,3325
2026-04-22 19:05:00+00:00,95.89579772949219,96.0,95.8499984741211,96.0,8635
2026-04-22 19:06:00+00:00,96.02999877929688,96.13999938964844,96.01100158691406,96.125,3777
2026-04-22 19:07:00+00:00,96.13700103759766,96.2300033569336,96.11419677734375,96.22000122070312,7341
2026-04-22 19:08:00+00:00,96.23100280761719,96.23100280761719,96.1500015258789,96.16000366210938,6300
2026-04-22 19:09:00+00:00,96.16459655761719,96.16459655761719,96.12000274658203,96.12000274658203,1244
2026-04-22 19:10:00+00:00,96.17990112304688,96.19000244140625,96.16010284423828,96.18270111083984,7551
2026-04-22 19:11:00+00:00,96.19000244140625,96.19999694824219,96.16999816894531,96.18000030517578,2919
2026-04-22 19:12:00+00:00,96.22000122070312,96.2300033569336,96.0999984741211,96.0999984741211,3041
2026-04-22 19:13:00+00:00,96.05999755859375,96.10910034179688,96.05999755859375,96.08000183105469,1128
2026-04-22 19:14:00+00:00,96.16500091552734,96.22000122070312,96.16500091552734,96.22000122070312,3631
2026-04-22 19:15:00+00:00,96.2300033569336,96.27989959716797,96.2300033569336,96.2699966430664,3547
2026-04-22 19:16:00+00:00,96.26000213623047,96.26360321044922,96.26000213623047,96.26360321044922,1920
2026-04-22 19:17:00+00:00,96.29000091552734,96.30000305175781,96.26640319824219,96.26640319824219,2287
2026-04-22 19:18:00+00:00,96.26010131835938,96.31990051269531,96.26010131835938,96.31990051269531,1888
2026-04-22 19:19:00+00:00,96.33999633789062,96.4000015258789,96.33999633789062,96.3949966430664,10764
2026-04-22 19:20:00+00:00,96.43000030517578,96.43000030517578,96.4041976928711,96.41000366210938,4115
2026-04-22 19:21:00+00:00,96.4229965209961,96.43060302734375,96.4229965209961,96.43000030517578,1145
2026-04-22 19:22:00+00:00,96.44000244140625,96.44000244140625,96.30500030517578,96.30500030517578,2842
2026-04-22 19:23:00+00:00,96.30000305175781,96.30000305175781,96.25499725341797,96.2699966430664,5044
2026-04-22 19:24:00+00:00,96.30000305175781,96.30000305175781,96.26000213623047,96.26000213623047,2279
2026-04-22 19:25:00+00:00,96.2699966430664,96.36530303955078,96.2699966430664,96.30719757080078,3209
2026-04-22 19:26:00+00:00,96.37979888916016,96.37979888916016,96.30010223388672,96.30010223388672,2496
2026-04-22 19:27:00+00:00,96.26709747314453,96.26709747314453,96.19999694824219,96.23400115966797,1035
2026-04-22 19:28:00+00:00,96.20330047607422,96.22570037841797,96.18689727783203,96.22570037841797,3890
2026-04-22 19:29:00+00:00,96.2300033569336,96.2300033569336,96.1050033569336,96.18000030517578,5348
2026-04-22 19:30:00+00:00,96.06999969482422,96.12999725341797,96.06999969482422,96.12640380859375,2784
2026-04-22 19:31:00+00:00,96.13670349121094,96.1500015258789,96.13670349121094,96.1500015258789,1846
2026-04-22 19:32:00+00:00,96.24500274658203,96.24500274658203,96.2300033569336,96.2300033569336,1139
2026-04-22 19:33:00+00:00,96.16000366210938,96.16000366210938,96.16000366210938,96.16000366210938,585
2026-04-22 19:34:00+00:00,96.2301025390625,96.2699966430664,96.2301025390625,96.2699966430664,3221
2026-04-22 19:35:00+00:00,96.2699966430664,96.29000091552734,96.2699966430664,96.29000091552734,2436
2026-04-22 19:36:00+00:00,96.2750015258789,96.2750015258789,96.24009704589844,96.24009704589844,3092
2026-04-22 19:37:00+00:00,96.30500030517578,96.31800079345703,96.26000213623047,96.31800079345703,4090
2026-04-22 19:38:00+00:00,96.31990051269531,96.33000183105469,96.27999877929688,96.27999877929688,4431
2026-04-22 19:39:00+00:00,96.28500366210938,96.28500366210938,96.24600219726562,96.25,3609
2026-04-22 19:40:00+00:00,96.20359802246094,96.20359802246094,96.20069885253906,96.20069885253906,2612
2026-04-22 19:42:00+00:00,96.25499725341797,96.25499725341797,96.22000122070312,96.22000122070312,6245
2026-04-22 19:43:00+00:00,96.22000122070312,96.25,96.20999908447266,96.25,9274
2026-04-22 19:44:00+00:00,96.20999908447266,96.22000122070312,96.0999984741211,96.0999984741211,7262
2026-04-22 19:45:00+00:00,96.11000061035156,96.11000061035156,96.0999984741211,96.0999984741211,12401
2026-04-22 19:46:00+00:00,96.17009735107422,96.17050170898438,96.12999725341797,96.12999725341797,3801
2026-04-22 19:47:00+00:00,96.16000366210938,96.20999908447266,96.16000366210938,96.16999816894531,30356
2026-04-22 19:48:00+00:00,96.16999816894531,96.16999816894531,96.11000061035156,96.11000061035156,7674
2026-04-22 19:49:00+00:00,96.1500015258789,96.20999908447266,96.12059783935547,96.20999908447266,7638
2026-04-22 19:50:00+00:00,96.30000305175781,96.47000122070312,96.30000305175781,96.45999908447266,32938
2026-04-22 19:51:00+00:00,96.41999816894531,96.50499725341797,96.41999816894531,96.45670318603516,33885
2026-04-22 19:52:00+00:00,96.45999908447266,96.45999908447266,96.37000274658203,96.4000015258789,3468
2026-04-22 19:53:00+00:00,96.44999694824219,96.58000183105469,96.44999694824219,96.55000305175781,33832
2026-04-22 19:54:00+00:00,96.5999984741211,96.7208023071289,96.5530014038086,96.58000183105469,15487
2026-04-22 19:55:00+00:00,96.73999786376953,96.8499984741211,96.69000244140625,96.80000305175781,45148
2026-04-22 19:56:00+00:00,96.81999969482422,96.87000274658203,96.76000213623047,96.87000274658203,9514
2026-04-22 19:57:00+00:00,96.86000061035156,96.86000061035156,96.77999877929688,96.77999877929688,20134
2026-04-22 19:58:00+00:00,96.77999877929688,96.80999755859375,96.7406997680664,96.76499938964844,25022
2026-04-22 19:59:00+00:00,96.76000213623047,96.91000366210938,96.76000213623047,96.83999633789062,125281
2026-04-23 13:30:00+00:00,96.86000061035156,97.27989959716797,96.0999984741211,96.5999984741211,338237
2026-04-23 13:31:00+00:00,96.61000061035156,96.69499969482422,96.12000274658203,96.12000274658203,32611
2026-04-23 13:32:00+00:00,96.19999694824219,96.3550033569336,95.93499755859375,96.16999816894531,45968
2026-04-23 13:33:00+00:00,96.13990020751953,96.2136001586914,95.91000366210938,95.95999908447266,61384
2026-04-23 13:34:00+00:00,95.93000030517578,95.93000030517578,95.61000061035156,95.71499633789062,20186
2026-04-23 13:35:00+00:00,95.80000305175781,96.30000305175781,95.80000305175781,96.19499969482422,20903
2026-04-23 13:36:00+00:00,96.18000030517578,96.2300033569336,95.94999694824219,96.02999877929688,12720
2026-04-23 13:37:00+00:00,96.02999877929688,96.19999694824219,96.01000213623047,96.06999969482422,7229
2026-04-23 13:38:00+00:00,96.08000183105469,96.32499694824219,96.01000213623047,96.30000305175781,12381
2026-04-23 13:39:00+00:00,96.2699966430664,96.33999633789062,96.13009643554688,96.33999633789062,7019
2026-04-23 13:40:00+00:00,96.375,96.5999984741211,96.2750015258789,96.58000183105469,34577
2026-04-23 13:41:00+00:00,96.58000183105469,96.7699966430664,96.54000091552734,96.76000213623047,34872
2026-04-23 13:42:00+00:00,96.76119995117188,97.30000305175781,96.75599670410156,97.30000305175781,34072
2026-04-23 13:43:00+00:00,97.33000183105469,97.5,97.13999938964844,97.13999938964844,50207
2026-04-23 13:44:00+00:00,97.16000366210938,97.23989868164062,96.96070098876953,97.05000305175781,13882
2026-04-23 13:45:00+00:00,97.11000061035156,97.30999755859375,97.06999969482422,97.19999694824219,48261
2026-04-23 13:46:00+00:00,97.2300033569336,97.66000366210938,97.2300033569336,97.59989929199219,38501
2026-04-23 13:47:00+00:00,97.63500213623047,97.9448013305664,97.58000183105469,97.86000061035156,38641
2026-04-23 13:48:00+00:00,97.86070251464844,98.09929656982422,97.83000183105469,97.94000244140625,58227
2026-04-23 13:49:00+00:00,97.94499969482422,98.16510009765625,97.86499786376953,98.16000366210938,49282
2026-04-23 13:50:00+00:00,98.12999725341797,98.15599822998047,97.56710052490234,97.62999725341797,70805
2026-04-23 13:51:00+00:00,97.69000244140625,98.03260040283203,97.58000183105469,97.95999908447266,18553
2026-04-23 13:52:00+00:00,97.93000030517578,98.14939880371094,97.86000061035156,98.0999984741211,15134
2026-04-23 13:53:00+00:00,98.07990264892578,98.0905990600586,98.0,98.04000091552734,18009
2026-04-23 13:54:00+00:00,98.08000183105469,98.08000183105469,97.8499984741211,97.97000122070312,10487
2026-04-23 13:55:00+00:00,97.94000244140625,97.94000244140625,97.71600341796875,97.7699966430664,14352
2026-04-23 13:56:00+00:00,97.80000305175781,97.80000305175781,97.56999969482422,97.63999938964844,21405
2026-04-23 13:57:00+00:00,97.69000244140625,97.82440185546875,97.58699798583984,97.625,11877
2026-04-23 13:58:00+00:00,97.59500122070312,97.59500122070312,97.30000305175781,97.37999725341797,20303
2026-04-23 13:59:00+00:00,97.41999816894531,97.47000122070312,97.33000183105469,97.44499969482422,14454
2026-04-23 14:00:00+00:00,97.42500305175781,97.44400024414062,97.05000305175781,97.06999969482422,22391
2026-04-23 14:01:00+00:00,97.08000183105469,97.15499877929688,96.73999786376953,96.86940002441406,26020
2026-04-23 14:02:00+00:00,96.8499984741211,97.05999755859375,96.66000366210938,97.05000305175781,34788
2026-04-23 14:03:00+00:00,97.08000183105469,97.30999755859375,97.0199966430664,97.2699966430664,14468
2026-04-23 14:04:00+00:00,97.2927017211914,97.47489929199219,97.25,97.35230255126953,13680
2026-04-23 14:05:00+00:00,97.3499984741211,97.54170227050781,97.26000213623047,97.54170227050781,20907
2026-04-23 14:06:00+00:00,97.56500244140625,97.56999969482422,97.30750274658203,97.33000183105469,22159
2026-04-23 14:07:00+00:00,97.36000061035156,97.36000061035156,97.18499755859375,97.26000213623047,4439
2026-04-23 14:08:00+00:00,97.27970123291016,97.4000015258789,97.2428970336914,97.30000305175781,2973
2026-04-23 14:09:00+00:00,97.38420104980469,97.5,97.20079803466797,97.2300033569336,23914
2026-04-23 14:10:00+00:00,97.2249984741211,97.2249984741211,96.875,96.97000122070312,11567
2026-04-23 14:11:00+00:00,96.92500305175781,96.9480972290039,96.80999755859375,96.9000015258789,8842
2026-04-23 14:12:00+00:00,96.81999969482422,96.88089752197266,96.81999969482422,96.88089752197266,1043
2026-04-23 14:13:00+00:00,96.77999877929688,96.83499908447266,96.5999984741211,96.5999984741211,16780
2026-04-23 14:14:00+00:00,96.56289672851562,96.69840240478516,96.4749984741211,96.66649627685547,12403
2026-04-23 14:15:00+00:00,96.72000122070312,96.93000030517578,96.72000122070312,96.90499877929688,11491
2026-04-23 14:16:00+00:00,96.87999725341797,96.94329833984375,96.7699966430664,96.79499816894531,9336
2026-04-23 14:17:00+00:00,96.9000015258789,97.22979736328125,96.86160278320312,97.21499633789062,21000
2026-04-23 14:18:00+00:00,97.25,97.30000305175781,96.91000366210938,96.91000366210938,19604
2026-04-23 14:19:00+00:00,96.86990356445312,96.88999938964844,96.58499908447266,96.58499908447266,9086
2026-04-23 14:20:00+00:00,96.62000274658203,96.71179962158203,96.58999633789062,96.63999938964844,6067
2026-04-23 14:21:00+00:00,96.63500213623047,96.70500183105469,96.56999969482422,96.60649871826172,2757
2026-04-23 14:22:00+00:00,96.68000030517578,96.68000030517578,96.37000274658203,96.42389678955078,13697
2026-04-23 14:23:00+00:00,96.4845962524414,96.55999755859375,96.45999908447266,96.55999755859375,11023
2026-04-23 14:24:00+00:00,96.56999969482422,96.56999969482422,96.43250274658203,96.50499725341797,5281
2026-04-23 14:25:00+00:00,96.41069793701172,96.4749984741211,96.41069793701172,96.44000244140625,3395
2026-04-23 14:26:00+00:00,96.45500183105469,96.65270233154297,96.45500183105469,96.55999755859375,9337
2026-04-23 14:27:00+00:00,96.56500244140625,96.56500244140625,96.38999938964844,96.3949966430664,17016
2026-04-23 14:28:00+00:00,96.2750015258789,96.2750015258789,96.16999816894531,96.23040008544922,6476
2026-04-23 14:29:00+00:00,96.19000244140625,96.23999786376953,96.0999984741211,96.23999786376953,7347
2026-04-23 14:30:00+00:00,96.25,96.35990142822266,96.25,96.35990142822266,6795
2026-04-23 14:31:00+00:00,96.36000061035156,96.43000030517578,96.28620147705078,96.3499984741211,15605
2026-04-23 14:32:00+00:00,96.33000183105469,96.625,96.31999969482422,96.55000305175781,20314
2026-04-23 14:33:00+00:00,96.51200103759766,96.73999786376953,96.4800033569336,96.69999694824219,12373
2026-04-23 14:34:00+00:00,96.625,96.62999725341797,96.4800033569336,96.48989868164062,7977
2026-04-23 14:35:00+00:00,96.5199966430664,96.68000030517578,96.5000991821289,96.66000366210938,8553
2026-04-23 14:36:00+00:00,96.66000366210938,96.8499984741211,96.66000366210938,96.7750015258789,18664
2026-04-23 14:37:00+00:00,96.80000305175781,96.9000015258789,96.7300033569336,96.80500030517578,17833
2026-04-23 14:38:00+00:00,96.70490264892578,96.70490264892578,96.37000274658203,96.4000015258789,10554
2026-04-23 14:39:00+00:00,96.32499694824219,96.44000244140625,96.30000305175781,96.44000244140625,5911
2026-04-23 14:40:00+00:00,96.4800033569336,96.54499816894531,96.47899627685547,96.52999877929688,8429
2026-04-23 14:41:00+00:00,96.55000305175781,96.55000305175781,96.47000122070312,96.51000213623047,3271
2026-04-23 14:42:00+00:00,96.46499633789062,96.47000122070312,96.31990051269531,96.31999969482422,10950
2026-04-23 14:43:00+00:00,96.29979705810547,96.4489974975586,96.2500991821289,96.4489974975586,3001
2026-04-23 14:44:00+00:00,96.44999694824219,96.51499938964844,96.4457015991211,96.47000122070312,7131
2026-04-23 14:45:00+00:00,96.4800033569336,96.72010040283203,96.4800033569336,96.72000122070312,6895
2026-04-23 14:46:00+00:00,96.69000244140625,96.69999694824219,96.61000061035156,96.625,5888
2026-04-23 14:47:00+00:00,96.62000274658203,96.77999877929688,96.62000274658203,96.77999877929688,7900
2026-04-23 14:48:00+00:00,96.74949645996094,96.74949645996094,96.62999725341797,96.62999725341797,8104
2026-04-23 14:49:00+00:00,96.58999633789062,96.58999633789062,96.47000122070312,96.47000122070312,4678
2026-04-23 14:50:00+00:00,96.41850280761719,96.41850280761719,96.2300033569336,96.3218994140625,5310
2026-04-23 14:51:00+00:00,96.4000015258789,96.51679992675781,96.4000015258789,96.49819946289062,3713
2026-04-23 14:52:00+00:00,96.51000213623047,96.66000366210938,96.51000213623047,96.6500015258789,5173
2026-04-23 14:53:00+00:00,96.7300033569336,96.7300033569336,96.66000366210938,96.66500091552734,3844
2026-04-23 14:54:00+00:00,96.66000366210938,96.69999694824219,96.60749816894531,96.69999694824219,4682
2026-04-23 14:55:00+00:00,96.75,96.91110229492188,96.7345962524414,96.9000015258789,35516
2026-04-23 14:56:00+00:00,96.87000274658203,96.91780090332031,96.80000305175781,96.91780090332031,14536
2026-04-23 14:57:00+00:00,96.93000030517578,97.16799926757812,96.93000030517578,97.1449966430664,21200
2026-04-23 14:58:00+00:00,97.16000366210938,97.16560363769531,96.98500061035156,97.02010345458984,21348
2026-04-23 14:59:00+00:00,97.01010131835938,97.01010131835938,96.94000244140625,96.95010375976562,5420
2026-04-23 15:00:00+00:00,97.0199966430664,97.22000122070312,96.98999786376953,97.13999938964844,10435
2026-04-23 15:01:00+00:00,97.20999908447266,97.20999908447266,97.18499755859375,97.19010162353516,16638
2026-04-23 15:02:00+00:00,97.16999816894531,97.24500274658203,97.12010192871094,97.20999908447266,15575
2026-04-23 15:03:00+00:00,97.29000091552734,97.45130157470703,97.29000091552734,97.45130157470703,14341
2026-04-23 15:04:00+00:00,97.41000366210938,97.45999908447266,97.2699966430664,97.30919647216797,19349
2026-04-23 15:05:00+00:00,97.34010314941406,97.41999816894531,97.34010314941406,97.4000015258789,10254
2026-04-23 15:06:00+00:00,97.38899993896484,97.38990020751953,97.26000213623047,97.28500366210938,12529
2026-04-23 15:07:00+00:00,97.2699966430664,97.30999755859375,97.13999938964844,97.15499877929688,12135
2026-04-23 15:08:00+00:00,97.16999816894531,97.27999877929688,97.13999938964844,97.27999877929688,10143
2026-04-23 15:09:00+00:00,97.33989715576172,97.41000366210938,97.33499908447266,97.4000015258789,6160
2026-04-23 15:10:00+00:00,97.4000015258789,97.43000030517578,97.37000274658203,97.37000274658203,13034
2026-04-23 15:11:00+00:00,97.33999633789062,97.44000244140625,97.33999633789062,97.43009948730469,17086
2026-04-23 15:12:00+00:00,97.4800033569336,97.4800033569336,97.37000274658203,97.38999938964844,7893
2026-04-23 15:13:00+00:00,97.34339904785156,97.4000015258789,97.33000183105469,97.36000061035156,6846
2026-04-23 15:14:00+00:00,97.30000305175781,97.43000030517578,97.29000091552734,97.43000030517578,7310
2026-04-23 15:15:00+00:00,97.30000305175781,97.32830047607422,97.2699966430664,97.30999755859375,5566
2026-04-23 15:16:00+00:00,97.30999755859375,97.32019805908203,97.22000122070312,97.31999969482422,11172
2026-04-23 15:17:00+00:00,97.3488998413086,97.37989807128906,97.34500122070312,97.37989807128906,6686
2026-04-23 15:18:00+00:00,97.34439849853516,97.36840057373047,97.29090118408203,97.29090118408203,13472
2026-04-23 15:19:00+00:00,97.32029724121094,97.42900085449219,97.29499816894531,97.38999938964844,6889
2026-04-23 15:20:00+00:00,97.41500091552734,97.43000030517578,97.37000274658203,97.37000274658203,4226
2026-04-23 15:21:00+00:00,97.37999725341797,97.37999725341797,97.32009887695312,97.36000061035156,2647
2026-04-23 15:22:00+00:00,97.37010192871094,97.4000015258789,97.30000305175781,97.30000305175781,17638
2026-04-23 15:23:00+00:00,97.38500213623047,97.5,97.38500213623047,97.46929931640625,32801
2026-04-23 15:24:00+00:00,97.43049621582031,97.4655990600586,97.43049621582031,97.45999908447266,13372
2026-04-23 15:25:00+00:00,97.29000091552734,97.33499908447266,97.19999694824219,97.33499908447266,8079
2026-04-23 15:26:00+00:00,97.16000366210938,97.16000366210938,97.16000366210938,97.16000366210938,3373
2026-04-23 15:27:00+00:00,97.07640075683594,97.16899871826172,97.05000305175781,97.15989685058594,6562
2026-04-23 15:28:00+00:00,97.12999725341797,97.13999938964844,97.08999633789062,97.10900115966797,4339
2026-04-23 15:29:00+00:00,97.05000305175781,97.06999969482422,96.94490051269531,96.94490051269531,5156
2026-04-23 15:30:00+00:00,96.93000030517578,96.94999694824219,96.72059631347656,96.80000305175781,8588
2026-04-23 15:31:00+00:00,96.76000213623047,96.88999938964844,96.76000213623047,96.88999938964844,4721
2026-04-23 15:32:00+00:00,96.87519836425781,97.01909637451172,96.87519836425781,96.94499969482422,6461
2026-04-23 15:33:00+00:00,97.0,97.15789794921875,97.0,97.05220031738281,3381
2026-04-23 15:34:00+00:00,97.0,97.0,96.89340209960938,96.89340209960938,2420
2026-04-23 15:35:00+00:00,96.8949966430664,96.8949966430664,96.77870178222656,96.77870178222656,1517
2026-04-23 15:36:00+00:00,96.7750015258789,96.81800079345703,96.74500274658203,96.77999877929688,4188
2026-04-23 15:37:00+00:00,96.77999877929688,96.79000091552734,96.69010162353516,96.69010162353516,3886
2026-04-23 15:38:00+00:00,96.76300048828125,96.7699966430664,96.69999694824219,96.69999694824219,1626
2026-04-23 15:39:00+00:00,96.76399993896484,96.83000183105469,96.76399993896484,96.79000091552734,3152
2026-04-23 15:40:00+00:00,96.7699966430664,96.7699966430664,96.69499969482422,96.7229995727539,2788
2026-04-23 15:41:00+00:00,96.78500366210938,96.86930084228516,96.74500274658203,96.83999633789062,4744
2026-04-23 15:42:00+00:00,96.80000305175781,96.87000274658203,96.80000305175781,96.80000305175781,1509
2026-04-23 15:43:00+00:00,96.76930236816406,96.76930236816406,96.66999816894531,96.66999816894531,1959
2026-04-23 15:44:00+00:00,96.68000030517578,96.72000122070312,96.55000305175781,96.5604019165039,4570
2026-04-23 15:45:00+00:00,96.55500030517578,96.55500030517578,96.3949966430664,96.4136962890625,15162
2026-04-23 15:46:00+00:00,96.40899658203125,96.44999694824219,96.25090026855469,96.29000091552734,4192
2026-04-23 15:47:00+00:00,96.30000305175781,96.36000061035156,96.2699966430664,96.31999969482422,6288
2026-04-23 15:48:00+00:00,96.2699966430664,96.2865982055664,96.08999633789062,96.15570068359375,13057
2026-04-23 15:49:00+00:00,96.19999694824219,96.25,96.0,96.0199966430664,15051
2026-04-23 15:50:00+00:00,96.01499938964844,96.0999984741211,95.9000015258789,95.9000015258789,9895
2026-04-23 15:51:00+00:00,95.92500305175781,95.98999786376953,95.73500061035156,95.77999877929688,28219
2026-04-23 15:52:00+00:00,95.87000274658203,95.9000015258789,95.8550033569336,95.88999938964844,5223
2026-04-23 15:53:00+00:00,95.8499984741211,95.85230255126953,95.72000122070312,95.72000122070312,2406
2026-04-23 15:54:00+00:00,95.73999786376953,95.80999755859375,95.69999694824219,95.69999694824219,4322
2026-04-23 15:55:00+00:00,95.69999694824219,96.0,95.69999694824219,95.94329833984375,53953
2026-04-23 15:56:00+00:00,95.94499969482422,96.01000213623047,95.94499969482422,95.98500061035156,26645
2026-04-23 15:57:00+00:00,95.98999786376953,96.00679779052734,95.87999725341797,95.87999725341797,11547
2026-04-23 15:58:00+00:00,95.9000015258789,96.02999877929688,95.9000015258789,95.94000244140625,2924
2026-04-23 15:59:00+00:00,95.94999694824219,95.94999694824219,95.94999694824219,95.94999694824219,1153
2026-04-23 16:00:00+00:00,95.97000122070312,96.02999877929688,95.9198989868164,95.94000244140625,14647
2026-04-23 16:01:00+00:00,96.04000091552734,96.125,96.04000091552734,96.08999633789062,7989
2026-04-23 16:02:00+00:00,96.0199966430664,96.07499694824219,96.0199966430664,96.07499694824219,5909
2026-04-23 16:03:00+00:00,96.02999877929688,96.03790283203125,95.79499816894531,95.79499816894531,6838
2026-04-23 16:04:00+00:00,95.81999969482422,95.81999969482422,95.60060119628906,95.60060119628906,11101
2026-04-23 16:05:00+00:00,95.60140228271484,95.66999816894531,95.49500274658203,95.63009643554688,26333
2026-04-23 16:06:00+00:00,95.60399627685547,95.72010040283203,95.55999755859375,95.72010040283203,5143
2026-04-23 16:07:00+00:00,95.72000122070312,95.72979736328125,95.57959747314453,95.69999694824219,4115
2026-04-23 16:08:00+00:00,95.75,95.79000091552734,95.5801010131836,95.5801010131836,4515
2026-04-23 16:09:00+00:00,95.58000183105469,95.62000274658203,95.58000183105469,95.58000183105469,3711
2026-04-23 16:10:00+00:00,95.68000030517578,95.68000030517578,95.68000030517578,95.68000030517578,4405
2026-04-23 16:11:00+00:00,95.6500015258789,95.65699768066406,95.50029754638672,95.51000213623047,35822
2026-04-23 16:12:00+00:00,95.53079986572266,95.7156982421875,95.53079986572266,95.70500183105469,3206
2026-04-23 16:13:00+00:00,95.6500015258789,95.70929718017578,95.6500015258789,95.69999694824219,2758
2026-04-23 16:14:00+00:00,95.81950378417969,95.81999969482422,95.68000030517578,95.70980072021484,3043
2026-04-23 16:15:00+00:00,95.83000183105469,95.95999908447266,95.7925033569336,95.9000015258789,12917
2026-04-23 16:16:00+00:00,95.9000015258789,95.93000030517578,95.7300033569336,95.7300033569336,3922
2026-04-23 16:17:00+00:00,95.76000213623047,95.76899719238281,95.63999938964844,95.63999938964844,2266
2026-04-23 16:18:00+00:00,95.72319793701172,95.73999786376953,95.72000122070312,95.72000122070312,2869
2026-04-23 16:19:00+00:00,95.6449966430664,95.69999694824219,95.62999725341797,95.69999694824219,1731
2026-04-23 16:20:00+00:00,95.69999694824219,95.69999694824219,95.61000061035156,95.61000061035156,5682
2026-04-23 16:21:00+00:00,95.55000305175781,95.55000305175781,95.4800033569336,95.5,20394
2026-04-23 16:22:00+00:00,95.53910064697266,95.53910064697266,95.47000122070312,95.4800033569336,1897
2026-04-23 16:23:00+00:00,95.52010345458984,95.61499786376953,95.52010345458984,95.58999633789062,3065
2026-04-23 16:24:00+00:00,95.54000091552734,95.54000091552734,95.54000091552734,95.54000091552734,956
2026-04-23 16:25:00+00:00,95.69999694824219,95.75499725341797,95.69999694824219,95.73999786376953,3268
2026-04-23 16:26:00+00:00,95.77999877929688,95.77999877929688,95.73999786376953,95.76000213623047,1067
2026-04-23 16:27:00+00:00,95.76000213623047,95.81999969482422,95.69999694824219,95.70999908447266,25976
2026-04-23 16:28:00+00:00,95.72010040283203,95.77839660644531,95.69999694824219,95.77839660644531,4228
2026-04-23 16:29:00+00:00,95.56999969482422,95.56999969482422,95.5199966430664,95.5199966430664,2211
2026-04-23 16:30:00+00:00,95.58000183105469,95.6500015258789,95.58000183105469,95.6500015258789,523
2026-04-23 16:31:00+00:00,95.70500183105469,95.70500183105469,95.70500183105469,95.70500183105469,5875
2026-04-23 16:32:00+00:00,95.80000305175781,95.85639953613281,95.80000305175781,95.85639953613281,5983
2026-04-23 16:33:00+00:00,95.9000015258789,96.05000305175781,95.9000015258789,96.05000305175781,5793
2026-04-23 16:34:00+00:00,96.04010009765625,96.09010314941406,96.04000091552734,96.09010314941406,8697
2026-04-23 16:35:00+00:00,96.0999984741211,96.1500015258789,96.0999984741211,96.1449966430664,2603
2026-04-23 16:36:00+00:00,96.16999816894531,96.17500305175781,96.05999755859375,96.12000274658203,12461
2026-04-23 16:37:00+00:00,96.1050033569336,96.1050033569336,95.97000122070312,96.01200103759766,6597
2026-04-23 16:38:00+00:00,96.02999877929688,96.0999984741211,96.02999877929688,96.0999984741211,3517
2026-04-23 16:39:00+00:00,96.11499786376953,96.1500015258789,96.08000183105469,96.08000183105469,2470
2026-04-23 16:40:00+00:00,96.12999725341797,96.13500213623047,96.0999984741211,96.0999984741211,1667
2026-04-23 16:41:00+00:00,96.09010314941406,96.0999984741211,96.09010314941406,96.0999984741211,1259
2026-04-23 16:42:00+00:00,96.11920166015625,96.11920166015625,96.11920166015625,96.11920166015625,268
2026-04-23 16:43:00+00:00,96.09220123291016,96.09220123291016,96.09220123291016,96.09220123291016,731
2026-04-23 16:44:00+00:00,96.07009887695312,96.12000274658203,96.07009887695312,96.12000274658203,2219
2026-04-23 16:45:00+00:00,96.08999633789062,96.20999908447266,96.08999633789062,96.19000244140625,3741
2026-04-23 16:46:00+00:00,96.06999969482422,96.08999633789062,96.06999969482422,96.08999633789062,1084
2026-04-23 16:47:00+00:00,96.08000183105469,96.08000183105469,95.93190002441406,95.97000122070312,1531
2026-04-23 16:48:00+00:00,95.9749984741211,96.04000091552734,95.9749984741211,96.0250015258789,6308
2026-04-23 16:49:00+00:00,95.98999786376953,96.05000305175781,95.98999786376953,96.05000305175781,1783
2026-04-23 16:50:00+00:00,96.07499694824219,96.14179992675781,96.05000305175781,96.0999984741211,2142
2026-04-23 16:51:00+00:00,96.16000366210938,96.23999786376953,96.16000366210938,96.23999786376953,3821
2026-04-23 16:52:00+00:00,96.24199676513672,96.2699966430664,96.18009948730469,96.2699966430664,4038
2026-04-23 16:53:00+00:00,96.30000305175781,96.36000061035156,96.22000122070312,96.23999786376953,7126
2026-04-23 16:54:00+00:00,96.27420043945312,96.27420043945312,96.1449966430664,96.1449966430664,1582
2026-04-23 16:55:00+00:00,96.12999725341797,96.12999725341797,96.11699676513672,96.11699676513672,589
2026-04-23 16:56:00+00:00,96.1500015258789,96.1500015258789,96.05999755859375,96.09700012207031,9244
2026-04-23 16:57:00+00:00,96.12660217285156,96.2156982421875,96.12660217285156,96.2156982421875,1525
2026-04-23 16:58:00+00:00,96.13990020751953,96.13990020751953,95.90499877929688,95.90499877929688,2759
2026-04-23 16:59:00+00:00,95.97000122070312,95.98999786376953,95.95999908447266,95.95999908447266,1157
2026-04-23 17:00:00+00:00,96.02980041503906,96.04000091552734,96.02980041503906,96.04000091552734,23084
2026-04-23 17:01:00+00:00,96.04000091552734,96.04000091552734,95.4800033569336,95.54499816894531,29040
2026-04-23 17:02:00+00:00,95.54810333251953,95.63999938964844,95.5199966430664,95.58999633789062,12342
2026-04-23 17:03:00+00:00,95.63999938964844,95.63999938964844,95.5,95.57499694824219,10107
2026-04-23 17:04:00+00:00,95.6500015258789,95.6511001586914,95.2699966430664,95.3499984741211,10688
2026-04-23 17:05:00+00:00,95.32499694824219,95.33999633789062,95.05000305175781,95.23999786376953,20681
2026-04-23 17:06:00+00:00,95.23500061035156,95.26499938964844,95.17500305175781,95.18499755859375,4238
2026-04-23 17:07:00+00:00,95.19010162353516,95.30000305175781,95.18070220947266,95.23860168457031,2137
2026-04-23 17:08:00+00:00,95.22000122070312,95.25,95.0999984741211,95.0999984741211,4985
2026-04-23 17:09:00+00:00,95.02999877929688,95.0999984741211,94.7300033569336,94.76000213623047,45964
2026-04-23 17:10:00+00:00,94.69999694824219,94.69999694824219,94.4800033569336,94.60990142822266,20900
2026-04-23 17:11:00+00:00,94.74500274658203,94.74500274658203,94.55500030517578,94.66500091552734,13144
2026-04-23 17:12:00+00:00,94.6270980834961,94.84989929199219,94.58999633789062,94.58999633789062,66474
2026-04-23 17:13:00+00:00,94.5999984741211,94.5999984741211,94.44999694824219,94.51000213623047,5843
2026-04-23 17:14:00+00:00,94.58000183105469,94.69999694824219,94.58000183105469,94.66000366210938,7428
2026-04-23 17:15:00+00:00,94.62359619140625,94.62359619140625,94.4718017578125,94.4718017578125,4134
2026-04-23 17:16:00+00:00,94.4800033569336,94.59500122070312,94.1500015258789,94.19999694824219,24279
2026-04-23 17:17:00+00:00,94.0999984741211,94.25,94.05999755859375,94.22010040283203,15098
2026-04-23 17:18:00+00:00,94.25,94.25,94.05010223388672,94.08499908447266,13986
2026-04-23 17:19:00+00:00,94.1449966430664,94.1500015258789,93.80999755859375,93.93000030517578,26598
2026-04-23 17:20:00+00:00,94.0,94.0,93.90799713134766,93.91000366210938,2774
2026-04-23 17:21:00+00:00,94.12010192871094,94.25199890136719,94.12010192871094,94.19100189208984,9040
2026-04-23 17:22:00+00:00,94.19989776611328,94.19989776611328,93.94999694824219,94.05999755859375,3555
2026-04-23 17:23:00+00:00,94.06500244140625,94.29000091552734,94.06500244140625,94.28500366210938,12053
2026-04-23 17:24:00+00:00,94.34049987792969,94.375,94.05000305175781,94.06999969482422,7970
2026-04-23 17:25:00+00:00,93.91999816894531,94.1050033569336,93.91999816894531,94.1050033569336,8788
2026-04-23 17:26:00+00:00,94.18000030517578,94.5199966430664,94.18000030517578,94.41999816894531,21165
2026-04-23 17:27:00+00:00,94.30000305175781,94.37999725341797,94.2344970703125,94.25990295410156,10269
2026-04-23 17:28:00+00:00,94.30000305175781,94.30000305175781,94.0250015258789,94.12000274658203,8947
2026-04-23 17:29:00+00:00,94.06999969482422,94.12999725341797,93.93160247802734,93.93160247802734,8366
2026-04-23 17:30:00+00:00,93.91500091552734,94.12000274658203,93.91500091552734,94.00499725341797,15925
2026-04-23 17:31:00+00:00,93.80000305175781,93.85009765625,93.62000274658203,93.81999969482422,12540
2026-04-23 17:32:00+00:00,93.81500244140625,94.0199966430664,93.79010009765625,93.87000274658203,13023
2026-04-23 17:33:00+00:00,93.88990020751953,94.0999984741211,93.8499984741211,94.0999984741211,4689
2026-04-23 17:34:00+00:00,94.18499755859375,94.4000015258789,94.18499755859375,94.4000015258789,7186
2026-04-23 17:35:00+00:00,94.67990112304688,94.67990112304688,94.4800033569336,94.4800033569336,5081
2026-04-23 17:36:00+00:00,94.4999008178711,94.4999008178711,93.91999816894531,93.91999816894531,8150
2026-04-23 17:37:00+00:00,93.98989868164062,93.98989868164062,93.81999969482422,93.94999694824219,6747
2026-04-23 17:38:00+00:00,93.94000244140625,93.94000244140625,93.8550033569336,93.8550033569336,2356
2026-04-23 17:39:00+00:00,93.8550033569336,93.85890197753906,93.83000183105469,93.83000183105469,1962
2026-04-23 17:40:00+00:00,93.86000061035156,93.86000061035156,93.3550033569336,93.43000030517578,43979
2026-04-23 17:41:00+00:00,93.34500122070312,93.3499984741211,92.95999908447266,93.01000213623047,45622
2026-04-23 17:42:00+00:00,92.96759796142578,93.0,92.61000061035156,92.8550033569336,50640
2026-04-23 17:43:00+00:00,92.76499938964844,92.81500244140625,92.71499633789062,92.81500244140625,8889
2026-04-23 17:44:00+00:00,92.8499984741211,92.8499984741211,92.66310119628906,92.79499816894531,17170
2026-04-23 17:45:00+00:00,92.72000122070312,92.72000122070312,92.22000122070312,92.48999786376953,25939
2026-04-23 17:46:00+00:00,92.44999694824219,92.44999694824219,91.91000366210938,92.00499725341797,55485
2026-04-23 17:47:00+00:00,92.05000305175781,92.66999816894531,91.98999786376953,92.6500015258789,65748
2026-04-23 17:48:00+00:00,92.51499938964844,92.7750015258789,92.49089813232422,92.5250015258789,59911
2026-04-23 17:49:00+00:00,92.56500244140625,92.6500015258789,92.40499877929688,92.62000274658203,26312
2026-04-23 17:50:00+00:00,92.53520202636719,92.53520202636719,92.10369873046875,92.37000274658203,33910
2026-04-23 17:51:00+00:00,92.4000015258789,92.45999908447266,92.30000305175781,92.45999908447266,28107
2026-04-23 17:52:00+00:00,92.4000015258789,92.41000366210938,92.12000274658203,92.19000244140625,21308
2026-04-23 17:53:00+00:00,92.25550079345703,93.4000015258789,92.25550079345703,92.87999725341797,72450
2026-04-23 17:54:00+00:00,92.87999725341797,93.05999755859375,92.2300033569336,92.94999694824219,578066
2026-04-23 17:55:00+00:00,92.91999816894531,93.24469757080078,92.8499984741211,93.23500061035156,28842
2026-04-23 17:56:00+00:00,93.2750015258789,93.493896484375,93.26499938964844,93.29669952392578,48228
2026-04-23 17:57:00+00:00,93.29000091552734,93.50340270996094,93.20140075683594,93.25160217285156,25785
2026-04-23 17:58:00+00:00,93.30999755859375,93.30999755859375,93.15499877929688,93.23500061035156,5183
2026-04-23 17:59:00+00:00,93.29000091552734,93.5,93.2750015258789,93.44850158691406,18053
2026-04-23 18:00:00+00:00,93.44000244140625,93.56500244140625,93.31999969482422,93.31999969482422,19509
2026-04-23 18:01:00+00:00,93.3499984741211,93.94999694824219,93.27999877929688,93.94999694824219,17131
2026-04-23 18:02:00+00:00,93.68499755859375,93.80500030517578,93.62999725341797,93.76000213623047,21802
2026-04-23 18:03:00+00:00,93.83000183105469,93.87000274658203,93.6500015258789,93.6500015258789,14945
2026-04-23 18:04:00+00:00,93.6010971069336,93.61000061035156,93.5999984741211,93.5999984741211,1044
2026-04-23 18:05:00+00:00,93.55999755859375,93.77999877929688,93.45500183105469,93.77999877929688,8428
2026-04-23 18:06:00+00:00,93.77999877929688,93.80999755859375,93.77999877929688,93.80999755859375,8682
2026-04-23 18:07:00+00:00,93.86000061035156,93.87000274658203,93.67009735107422,93.80999755859375,3730
2026-04-23 18:08:00+00:00,93.8499984741211,93.8499984741211,93.73999786376953,93.74009704589844,10130
2026-04-23 18:09:00+00:00,93.76000213623047,93.83999633789062,93.69999694824219,93.71800231933594,4796
2026-04-23 18:10:00+00:00,93.68000030517578,94.0,93.68000030517578,93.94000244140625,50923
2026-04-23 18:11:00+00:00,93.83499908447266,93.94999694824219,93.66000366210938,93.66000366210938,28720
2026-04-23 18:12:00+00:00,93.68489837646484,93.8270034790039,93.62000274658203,93.72000122070312,12085
2026-04-23 18:13:00+00:00,93.72000122070312,93.77130126953125,93.697998046875,93.73500061035156,3365
2026-04-23 18:14:00+00:00,93.76499938964844,93.78500366210938,93.73999786376953,93.75,5446
2026-04-23 18:15:00+00:00,93.73999786376953,93.73999786376953,93.63999938964844,93.66999816894531,2505
2026-04-23 18:16:00+00:00,93.65010070800781,93.73500061035156,93.65010070800781,93.73500061035156,2586
2026-04-23 18:17:00+00:00,93.82499694824219,93.84190368652344,93.70999908447266,93.70999908447266,2508
2026-04-23 18:18:00+00:00,93.63999938964844,93.81999969482422,93.61499786376953,93.73999786376953,29308
2026-04-23 18:19:00+00:00,93.71990203857422,93.79000091552734,93.68000030517578,93.68000030517578,4311
2026-04-23 18:20:00+00:00,93.6449966430664,93.66239929199219,93.52010345458984,93.5999984741211,9889
2026-04-23 18:21:00+00:00,93.63400268554688,93.63999938964844,93.37000274658203,93.63680267333984,12934
2026-04-23 18:22:00+00:00,93.58999633789062,93.6500015258789,93.55000305175781,93.6500015258789,3517
2026-04-23 18:23:00+00:00,93.5999984741211,93.69999694824219,93.5999984741211,93.69999694824219,5144
2026-04-23 18:24:00+00:00,93.75499725341797,93.75499725341797,93.66169738769531,93.66169738769531,350
2026-04-23 18:25:00+00:00,93.62999725341797,93.62999725341797,93.57499694824219,93.57499694824219,1539
2026-04-23 18:26:00+00:00,93.58999633789062,93.58999633789062,93.55500030517578,93.55500030517578,3628
2026-04-23 18:27:00+00:00,93.58599853515625,93.58599853515625,93.53450012207031,93.55999755859375,3897
2026-04-23 18:28:00+00:00,93.58999633789062,93.66000366210938,93.55999755859375,93.6500015258789,4467
2026-04-23 18:29:00+00:00,93.54499816894531,93.68000030517578,93.54499816894531,93.68000030517578,2992
2026-04-23 18:30:00+00:00,93.73999786376953,93.85990142822266,93.73999786376953,93.83999633789062,7396
2026-04-23 18:31:00+00:00,93.88999938964844,93.95500183105469,93.88999938964844,93.88999938964844,6128
2026-04-23 18:32:00+00:00,93.80999755859375,93.80999755859375,93.80999755859375,93.80999755859375,3024
2026-04-23 18:33:00+00:00,93.8489990234375,94.01000213623047,93.8364028930664,93.97000122070312,6018
2026-04-23 18:34:00+00:00,93.95999908447266,93.95999908447266,93.88009643554688,93.88009643554688,1885
2026-04-23 18:35:00+00:00,94.01000213623047,94.13999938964844,94.01000213623047,94.11499786376953,4224
2026-04-23 18:36:00+00:00,94.125,94.16999816894531,94.118896484375,94.13500213623047,6287
2026-04-23 18:37:00+00:00,94.12000274658203,94.16999816894531,94.11499786376953,94.1500015258789,5726
2026-04-23 18:38:00+00:00,94.16999816894531,94.19000244140625,94.0199966430664,94.0199966430664,12849
2026-04-23 18:39:00+00:00,93.98999786376953,93.98999786376953,93.94000244140625,93.96499633789062,1555
2026-04-23 18:40:00+00:00,93.96499633789062,93.96499633789062,93.96499633789062,93.96499633789062,1462
2026-04-23 18:41:00+00:00,93.88999938964844,93.91799926757812,93.87000274658203,93.91799926757812,5470
2026-04-23 18:42:00+00:00,93.90989685058594,93.91000366210938,93.7699966430664,93.7699966430664,6561
2026-04-23 18:43:00+00:00,93.7300033569336,93.73999786376953,93.7300033569336,93.73999786376953,1357
2026-04-23 18:44:00+00:00,93.79000091552734,93.94000244140625,93.77999877929688,93.94000244140625,10104
2026-04-23 18:45:00+00:00,93.9000015258789,93.93789672851562,93.9000015258789,93.9000015258789,338
2026-04-23 18:46:00+00:00,93.875,93.875,93.875,93.875,768
2026-04-23 18:47:00+00:00,93.9000015258789,93.9000015258789,93.81999969482422,93.81999969482422,3114
2026-04-23 18:48:00+00:00,93.85160064697266,93.85160064697266,93.77400207519531,93.8499984741211,3344
2026-04-23 18:49:00+00:00,93.84230041503906,93.84230041503906,93.62000274658203,93.62000274658203,3159
2026-04-23 18:50:00+00:00,93.52200317382812,93.52200317382812,93.2300033569336,93.32009887695312,8967
2026-04-23 18:51:00+00:00,93.27999877929688,93.41999816894531,93.26000213623047,93.41999816894531,38206
2026-04-23 18:52:00+00:00,93.38500213623047,93.5,93.36000061035156,93.5,12003
2026-04-23 18:53:00+00:00,93.51000213623047,93.51000213623047,93.43499755859375,93.5093994140625,754
2026-04-23 18:54:00+00:00,93.4749984741211,93.4749984741211,93.36000061035156,93.36000061035156,1782
2026-04-23 18:55:00+00:00,93.37000274658203,93.44000244140625,93.37000274658203,93.3949966430664,2890
2026-04-23 18:56:00+00:00,93.30000305175781,93.31999969482422,93.2699966430664,93.2699966430664,4256
2026-04-23 18:57:00+00:00,93.26249694824219,93.26699829101562,93.26249694824219,93.26699829101562,1177
2026-04-23 18:58:00+00:00,93.2249984741211,93.2249984741211,93.12999725341797,93.12999725341797,2729
2026-04-23 18:59:00+00:00,93.12000274658203,93.12000274658203,92.8550033569336,92.9800033569336,26929
2026-04-23 19:00:00+00:00,92.94400024414062,93.06999969482422,92.94000244140625,93.06999969482422,10719
2026-04-23 19:01:00+00:00,93.06999969482422,93.12000274658203,92.95500183105469,93.12000274658203,8807
2026-04-23 19:02:00+00:00,92.97000122070312,92.97000122070312,92.80000305175781,92.87000274658203,2295
2026-04-23 19:03:00+00:00,92.94000244140625,93.0,92.9386978149414,92.95989990234375,2386
2026-04-23 19:04:00+00:00,92.94999694824219,93.0,92.8499984741211,93.0,5429
2026-04-23 19:05:00+00:00,93.08000183105469,93.16000366210938,93.05999755859375,93.16000366210938,5184
2026-04-23 19:06:00+00:00,93.2699966430664,93.37000274658203,93.26000213623047,93.31990051269531,22036
2026-04-23 19:07:00+00:00,93.28500366210938,93.41000366210938,93.21269989013672,93.41000366210938,3175
2026-04-23 19:08:00+00:00,93.36000061035156,93.447998046875,93.3550033569336,93.44000244140625,3447
2026-04-23 19:09:00+00:00,93.47000122070312,93.4749984741211,93.41999816894531,93.45989990234375,9480
2026-04-23 19:10:00+00:00,93.42500305175781,93.43499755859375,93.30999755859375,93.30999755859375,3928
2026-04-23 19:11:00+00:00,93.29499816894531,93.37999725341797,93.29029846191406,93.37999725341797,3683
2026-04-23 19:12:00+00:00,93.29499816894531,93.29679870605469,93.25270080566406,93.25270080566406,3279
2026-04-23 19:13:00+00:00,93.31500244140625,93.31500244140625,93.31500244140625,93.31500244140625,634
2026-04-23 19:14:00+00:00,93.33499908447266,93.4000015258789,93.31999969482422,93.4000015258789,824
2026-04-23 19:15:00+00:00,93.39720153808594,93.5,93.39720153808594,93.46209716796875,3803
2026-04-23 19:16:00+00:00,93.52410125732422,93.61000061035156,93.52410125732422,93.61000061035156,3932
2026-04-23 19:17:00+00:00,93.64949798583984,93.6500015258789,93.5999984741211,93.6050033569336,1369
2026-04-23 19:18:00+00:00,93.51000213623047,93.56500244140625,93.51000213623047,93.56500244140625,2443
2026-04-23 19:19:00+00:00,93.58989715576172,93.61000061035156,93.58989715576172,93.61000061035156,1182
2026-04-23 19:20:00+00:00,93.55000305175781,93.57990264892578,93.4800033569336,93.54399871826172,6385
2026-04-23 19:21:00+00:00,93.63990020751953,93.63999938964844,93.58000183105469,93.58999633789062,5690
2026-04-23 19:22:00+00:00,93.58999633789062,93.76000213623047,93.58999633789062,93.76000213623047,3260
2026-04-23 19:23:00+00:00,93.66000366210938,93.7698974609375,93.66000366210938,93.7698974609375,6297
2026-04-23 19:24:00+00:00,93.7699966430664,93.77989959716797,93.74009704589844,93.77989959716797,2433
2026-04-23 19:25:00+00:00,93.76000213623047,93.76000213623047,93.7300033569336,93.7300033569336,2037
2026-04-23 19:26:00+00:00,93.81999969482422,93.81999969482422,93.80000305175781,93.80000305175781,1328
2026-04-23 19:29:00+00:00,93.69999694824219,93.70500183105469,93.67559814453125,93.70500183105469,2165
2026-04-23 19:30:00+00:00,93.70500183105469,93.79000091552734,93.70500183105469,93.79000091552734,3857
2026-04-23 19:32:00+00:00,93.98999786376953,93.98999786376953,93.98999786376953,93.98999786376953,3089
2026-04-23 19:33:00+00:00,93.98500061035156,93.98500061035156,93.87999725341797,93.9000015258789,1548
2026-04-23 19:34:00+00:00,93.83000183105469,93.83000183105469,93.625,93.66000366210938,1559
2026-04-23 19:35:00+00:00,93.59500122070312,93.59500122070312,93.3499984741211,93.41000366210938,15789
2026-04-23 19:36:00+00:00,93.41000366210938,93.48999786376953,93.41000366210938,93.48999786376953,1710
2026-04-23 19:38:00+00:00,93.27999877929688,93.5260009765625,93.27999877929688,93.5260009765625,3103
2026-04-23 19:39:00+00:00,93.5199966430664,93.5199966430664,93.46900177001953,93.51000213623047,7551
2026-04-23 19:40:00+00:00,93.54000091552734,93.69000244140625,93.54000091552734,93.66999816894531,10933
2026-04-23 19:42:00+00:00,93.69999694824219,93.71499633789062,93.6500015258789,93.69499969482422,2439
2026-04-23 19:43:00+00:00,93.70999908447266,93.70999908447266,93.66000366210938,93.69000244140625,4814
2026-04-23 19:44:00+00:00,93.66000366210938,93.66000366210938,93.55010223388672,93.55010223388672,2376
2026-04-23 19:45:00+00:00,93.62010192871094,93.75,93.62010192871094,93.7301025390625,5575
2026-04-23 19:46:00+00:00,93.75,93.97000122070312,93.69999694824219,93.91000366210938,12269
2026-04-23 19:47:00+00:00,93.88999938964844,93.9000015258789,93.8499984741211,93.88999938964844,5075
2026-04-23 19:49:00+00:00,93.92500305175781,93.9800033569336,93.92500305175781,93.9800033569336,5116
2026-04-23 19:50:00+00:00,93.83999633789062,93.86000061035156,93.30999755859375,93.66000366210938,73510
2026-04-23 19:51:00+00:00,93.5999984741211,93.67990112304688,93.5199966430664,93.67990112304688,21393
2026-04-23 19:52:00+00:00,93.7300033569336,93.8550033569336,93.7300033569336,93.83999633789062,5787
2026-04-23 19:53:00+00:00,93.91999816894531,93.98999786376953,93.91999816894531,93.9800033569336,9363
2026-04-23 19:54:00+00:00,93.83999633789062,93.9800033569336,93.80999755859375,93.93000030517578,20901
2026-04-23 19:55:00+00:00,93.88999938964844,94.0199966430664,93.88999938964844,93.98999786376953,13184
2026-04-23 19:56:00+00:00,94.04910278320312,94.16999816894531,94.04910278320312,94.12000274658203,59807
2026-04-23 19:57:00+00:00,94.09539794921875,94.13009643554688,94.02999877929688,94.13009643554688,19660
2026-04-23 19:58:00+00:00,94.12000274658203,94.2300033569336,94.12000274658203,94.18000030517578,22752
2026-04-23 19:59:00+00:00,94.19000244140625,94.23999786376953,94.13999938964844,94.23999786376953,76056
2026-04-24 13:30:00+00:00,94.41000366210938,94.97000122070312,94.31999969482422,94.44999694824219,688825
2026-04-24 13:31:00+00:00,94.49500274658203,95.80000305175781,94.4800033569336,95.73500061035156,45057
2026-04-24 13:32:00+00:00,95.74500274658203,96.52999877929688,95.74500274658203,96.52100372314453,123641
2026-04-24 13:33:00+00:00,96.55819702148438,97.0,96.5,96.80999755859375,69840
2026-04-24 13:34:00+00:00,96.80010223388672,97.44000244140625,96.7750015258789,97.3499984741211,102850
2026-04-24 13:35:00+00:00,97.4000015258789,97.47000122070312,96.06500244140625,96.06500244140625,59482
2026-04-24 13:36:00+00:00,96.06009674072266,96.79000091552734,96.04000091552734,96.41000366210938,39026
2026-04-24 13:37:00+00:00,96.1500015258789,96.61669921875,96.02999877929688,96.4800033569336,23161
2026-04-24 13:38:00+00:00,96.43000030517578,97.2156982421875,96.4000015258789,97.18000030517578,79422
2026-04-24 13:39:00+00:00,97.25,97.4655990600586,97.19999694824219,97.21160125732422,92021
2026-04-24 13:40:00+00:00,97.16999816894531,97.4000015258789,96.90599822998047,97.08000183105469,46477
2026-04-24 13:41:00+00:00,97.06999969482422,97.26499938964844,96.91000366210938,97.1343002319336,57946
2026-04-24 13:42:00+00:00,97.1500015258789,97.1500015258789,96.44999694824219,96.44999694824219,45715
2026-04-24 13:43:00+00:00,96.51750183105469,96.5999984741211,96.30999755859375,96.30999755859375,28826
2026-04-24 13:44:00+00:00,96.23500061035156,96.3949966430664,95.9800033569336,96.08000183105469,33580
2026-04-24 13:45:00+00:00,96.19000244140625,96.50499725341797,96.125,96.48970031738281,22277
2026-04-24 13:46:00+00:00,96.38990020751953,96.39430236816406,96.19000244140625,96.24500274658203,6692
2026-04-24 13:47:00+00:00,96.2300033569336,96.31999969482422,96.16999816894531,96.29280090332031,15869
2026-04-24 13:48:00+00:00,96.38990020751953,96.74009704589844,96.38990020751953,96.66010284423828,44496
2026-04-24 13:49:00+00:00,96.73269653320312,97.0,96.625,97.0,19428
2026-04-24 13:50:00+00:00,97.01000213623047,97.27999877929688,96.86000061035156,96.86000061035156,43554
2026-04-24 13:51:00+00:00,96.77999877929688,96.8375015258789,96.5199966430664,96.54499816894531,20816
2026-04-24 13:52:00+00:00,96.5199966430664,96.66000366210938,96.44000244140625,96.51000213623047,93669
2026-04-24 13:53:00+00:00,96.49009704589844,96.54499816894531,96.38009643554688,96.43000030517578,25647
2026-04-24 13:54:00+00:00,96.43000030517578,96.4800033569336,96.20999908447266,96.27110290527344,18494
2026-04-24 13:55:00+00:00,96.3499984741211,96.40789794921875,95.95999908447266,95.95999908447266,37712
2026-04-24 13:56:00+00:00,96.1072006225586,96.1072006225586,95.58000183105469,95.81999969482422,17733
2026-04-24 13:57:00+00:00,95.8550033569336,96.33999633789062,95.8550033569336,96.33399963378906,22916
2026-04-24 13:58:00+00:00,96.32499694824219,96.49669647216797,96.19000244140625,96.36219787597656,18625
2026-04-24 13:59:00+00:00,96.41999816894531,96.55000305175781,96.33000183105469,96.41999816894531,35603
2026-04-24 14:00:00+00:00,96.31999969482422,96.55000305175781,96.30110168457031,96.55000305175781,65248
2026-04-24 14:01:00+00:00,96.54989624023438,96.90869903564453,96.39959716796875,96.83000183105469,34856
2026-04-24 14:02:00+00:00,96.84500122070312,96.84500122070312,96.72010040283203,96.72010040283203,8797
2026-04-24 14:03:00+00:00,96.75559997558594,96.75559997558594,96.39209747314453,96.55000305175781,25406
2026-04-24 14:04:00+00:00,96.37999725341797,96.67870330810547,96.3499984741211,96.631103515625,15032
2026-04-24 14:05:00+00:00,96.62999725341797,96.68000030517578,96.46499633789062,96.5,19489
2026-04-24 14:06:00+00:00,96.51000213623047,96.7029037475586,96.49250030517578,96.61000061035156,23326
2026-04-24 14:07:00+00:00,96.6520004272461,96.72599792480469,96.42500305175781,96.67289733886719,10501
2026-04-24 14:08:00+00:00,96.69000244140625,97.0009994506836,96.5999984741211,96.86000061035156,45431
2026-04-24 14:09:00+00:00,97.0,97.15499877929688,96.96499633789062,97.09500122070312,45934
2026-04-24 14:10:00+00:00,97.04499816894531,97.04499816894531,96.91010284423828,96.97000122070312,15907
2026-04-24 14:11:00+00:00,96.93000030517578,97.1500015258789,96.93000030517578,97.0999984741211,14223
2026-04-24 14:12:00+00:00,97.12989807128906,97.33000183105469,97.12989807128906,97.31999969482422,41452
2026-04-24 14:13:00+00:00,97.28970336914062,97.29000091552734,96.72000122070312,96.91200256347656,33686
2026-04-24 14:14:00+00:00,96.92500305175781,97.05000305175781,96.69999694824219,96.7477035522461,8624
2026-04-24 14:15:00+00:00,96.68000030517578,97.03500366210938,96.65989685058594,96.98729705810547,10347
2026-04-24 14:16:00+00:00,96.99109649658203,97.23500061035156,96.98999786376953,97.11499786376953,11932
2026-04-24 14:17:00+00:00,97.08499908447266,97.08999633789062,96.93579864501953,97.01000213623047,8705
2026-04-24 14:18:00+00:00,96.80599975585938,96.94000244140625,96.80599975585938,96.86000061035156,7834
2026-04-24 14:19:00+00:00,97.0020980834961,97.06990051269531,96.91500091552734,96.91500091552734,14124
2026-04-24 14:20:00+00:00,96.88999938964844,97.01000213623047,96.86000061035156,96.94999694824219,9125
2026-04-24 14:21:00+00:00,96.87999725341797,96.88960266113281,96.56999969482422,96.80989837646484,16689
2026-04-24 14:22:00+00:00,96.80000305175781,96.91310119628906,96.80000305175781,96.89679718017578,2302
2026-04-24 14:23:00+00:00,96.9749984741211,97.00499725341797,96.8949966430664,96.8949966430664,14539
2026-04-24 14:24:00+00:00,96.91000366210938,97.11000061035156,96.91000366210938,97.0999984741211,8291
2026-04-24 14:25:00+00:00,97.052001953125,97.16999816894531,97.04000091552734,97.16999816894531,6631
2026-04-24 14:26:00+00:00,97.16000366210938,97.16000366210938,96.73909759521484,96.81400299072266,6232
2026-04-24 14:27:00+00:00,96.91000366210938,96.91000366210938,96.7750015258789,96.81999969482422,5158
2026-04-24 14:28:00+00:00,96.8499984741211,97.0,96.8499984741211,97.0,7409
2026-04-24 14:29:00+00:00,97.04989624023438,97.04989624023438,96.8364028930664,96.8364028930664,5581
2026-04-24 14:30:00+00:00,96.9749984741211,97.05000305175781,96.83000183105469,96.83000183105469,13821
2026-04-24 14:31:00+00:00,96.95570373535156,97.01000213623047,96.91999816894531,96.91999816894531,6943
2026-04-24 14:32:00+00:00,96.80999755859375,97.17150115966797,96.80500030517578,97.17150115966797,13846
2026-04-24 14:33:00+00:00,97.1500015258789,97.3499984741211,97.097900390625,97.3499984741211,17681
2026-04-24 14:34:00+00:00,97.3499984741211,97.7699966430664,97.3427963256836,97.66999816894531,188091
2026-04-24 14:35:00+00:00,97.60399627685547,97.80000305175781,97.55999755859375,97.80000305175781,17988
2026-04-24 14:36:00+00:00,97.77999877929688,98.2300033569336,97.7300033569336,98.16999816894531,99221
2026-04-24 14:37:00+00:00,98.20439910888672,98.20439910888672,97.9800033569336,98.0250015258789,26430
2026-04-24 14:38:00+00:00,98.04499816894531,98.5,98.03500366210938,98.5,58915
2026-04-24 14:39:00+00:00,98.51000213623047,98.94999694824219,98.48989868164062,98.92990112304688,93845
2026-04-24 14:40:00+00:00,98.90499877929688,99.15499877929688,98.87999725341797,99.06500244140625,81331
2026-04-24 14:41:00+00:00,99.03500366210938,99.5,98.95500183105469,99.45999908447266,81100
2026-04-24 14:42:00+00:00,99.40850067138672,99.61000061035156,99.19999694824219,99.19999694824219,58749
2026-04-24 14:43:00+00:00,99.21990203857422,99.95099639892578,99.19499969482422,99.93000030517578,49821
2026-04-24 14:44:00+00:00,99.87999725341797,100.32820129394531,99.87999725341797,100.32820129394531,225461
2026-04-24 14:45:00+00:00,100.33499908447266,100.6229019165039,100.25,100.56999969482422,90681
2026-04-24 14:46:00+00:00,100.54499816894531,101.18990325927734,100.52999877929688,101.1500015258789,90428
2026-04-24 14:47:00+00:00,101.12999725341797,101.16999816894531,100.5281982421875,100.69499969482422,101470
2026-04-24 14:48:00+00:00,100.6771011352539,100.88990020751953,100.41999816894531,100.54000091552734,68379
2026-04-24 14:49:00+00:00,100.51000213623047,101.0999984741211,100.5,101.03019714355469,61829
2026-04-24 14:50:00+00:00,101.03500366210938,101.39459991455078,101.0,101.12000274658203,134916
2026-04-24 14:51:00+00:00,101.08999633789062,101.13999938964844,100.81999969482422,101.11000061035156,51465
2026-04-24 14:52:00+00:00,101.11499786376953,101.22000122070312,101.0,101.18009948730469,39444
2026-04-24 14:53:00+00:00,101.16999816894531,101.43000030517578,101.13999938964844,101.15499877929688,62330
2026-04-24 14:54:00+00:00,101.12999725341797,101.27999877929688,100.98200225830078,101.03990173339844,35895
2026-04-24 14:55:00+00:00,101.0199966430664,101.47000122070312,101.0199966430664,101.41500091552734,92245
2026-04-24 14:56:00+00:00,101.5,101.91000366210938,101.49909973144531,101.91000366210938,96415
2026-04-24 14:57:00+00:00,101.93000030517578,102.3499984741211,101.93000030517578,102.22000122070312,117640
2026-04-24 14:58:00+00:00,102.20999908447266,102.48999786376953,102.1500015258789,102.45999908447266,90127
2026-04-24 14:59:00+00:00,102.5,102.8499984741211,102.46369934082031,102.68000030517578,74363
2026-04-24 15:00:00+00:00,102.70999908447266,102.72000122070312,102.2300033569336,102.55000305175781,58074
2026-04-24 15:01:00+00:00,102.6156005859375,102.9000015258789,102.52999877929688,102.80989837646484,72194
2026-04-24 15:02:00+00:00,102.625,102.65499877929688,102.27010345458984,102.43000030517578,177584
2026-04-24 15:03:00+00:00,102.43000030517578,102.72789764404297,102.37999725341797,102.62000274658203,38780
2026-04-24 15:04:00+00:00,102.5999984741211,102.61150360107422,102.29000091552734,102.5154037475586,63685
2026-04-24 15:05:00+00:00,102.4800033569336,102.77570343017578,102.47000122070312,102.63999938964844,50067
2026-04-24 15:06:00+00:00,102.7322998046875,102.7322998046875,102.45999908447266,102.46499633789062,51772
2026-04-24 15:07:00+00:00,102.5,103.08999633789062,102.5,102.80030059814453,137019
2026-04-24 15:08:00+00:00,102.87999725341797,103.15989685058594,102.87999725341797,102.9136962890625,47611
2026-04-24 15:09:00+00:00,102.96009826660156,103.3499984741211,102.96009826660156,103.16500091552734,46830
2026-04-24 15:10:00+00:00,103.1500015258789,103.42500305175781,103.1500015258789,103.19999694824219,53132
2026-04-24 15:11:00+00:00,103.1500015258789,103.2699966430664,103.08000183105469,103.2699966430664,34642
2026-04-24 15:12:00+00:00,103.3499984741211,103.54000091552734,103.13999938964844,103.1624984741211,127996
2026-04-24 15:13:00+00:00,103.19000244140625,103.51499938964844,103.13500213623047,103.43000030517578,32979
2026-04-24 15:14:00+00:00,103.4000015258789,103.56999969482422,103.2699966430664,103.51000213623047,63178
2026-04-24 15:15:00+00:00,103.5,103.5999984741211,103.24500274658203,103.24500274658203,70441
2026-04-24 15:16:00+00:00,103.322998046875,103.37329864501953,103.1449966430664,103.33000183105469,40845
2026-04-24 15:17:00+00:00,103.31500244140625,103.39990234375,103.0199966430664,103.05010223388672,41304
2026-04-24 15:18:00+00:00,103.04000091552734,103.04000091552734,102.51000213623047,102.55500030517578,91175
2026-04-24 15:19:00+00:00,102.55000305175781,102.8333969116211,102.55000305175781,102.59500122070312,35359
2026-04-24 15:20:00+00:00,102.59919738769531,102.59919738769531,102.29720306396484,102.3550033569336,63139
2026-04-24 15:21:00+00:00,102.41000366210938,102.54000091552734,102.2300033569336,102.2300033569336,57885
2026-04-24 15:22:00+00:00,102.23999786376953,102.45659637451172,102.23999786376953,102.33450317382812,35267
2026-04-24 15:23:00+00:00,102.33999633789062,102.5,102.22000122070312,102.22000122070312,27307
2026-04-24 15:24:00+00:00,102.26000213623047,102.44989776611328,102.26000213623047,102.44989776611328,24674
2026-04-24 15:25:00+00:00,102.5,102.5,102.0,102.01370239257812,71619
2026-04-24 15:26:00+00:00,102.01010131835938,102.15160369873047,101.87000274658203,102.1052017211914,64929
2026-04-24 15:27:00+00:00,102.09500122070312,102.28620147705078,102.05999755859375,102.2699966430664,29204
2026-04-24 15:28:00+00:00,102.26000213623047,102.69999694824219,102.2571029663086,102.625,47498
2026-04-24 15:29:00+00:00,102.69000244140625,102.85990142822266,102.5999984741211,102.85990142822266,38228
2026-04-24 15:30:00+00:00,102.84500122070312,103.0199966430664,102.75,102.98380279541016,45051
2026-04-24 15:31:00+00:00,102.93000030517578,103.25309753417969,102.93000030517578,103.05139923095703,26209
2026-04-24 15:32:00+00:00,103.197998046875,103.19999694824219,103.01000213623047,103.04019927978516,35187
2026-04-24 15:33:00+00:00,103.11000061035156,103.56430053710938,103.0470962524414,103.56169891357422,55549
2026-04-24 15:34:00+00:00,103.51000213623047,103.79989624023438,103.51000213623047,103.64749908447266,60872
2026-04-24 15:35:00+00:00,103.61000061035156,103.79000091552734,103.51599884033203,103.71499633789062,30449
2026-04-24 15:36:00+00:00,103.73999786376953,103.7603988647461,103.61499786376953,103.69999694824219,26129
2026-04-24 15:37:00+00:00,103.70559692382812,103.70559692382812,103.41999816894531,103.41999816894531,45618
2026-04-24 15:38:00+00:00,103.36009979248047,103.36009979248047,103.1593017578125,103.26000213623047,23349
2026-04-24 15:39:00+00:00,103.18000030517578,103.18499755859375,102.94999694824219,103.14800262451172,26131
2026-04-24 15:40:00+00:00,103.125,103.55500030517578,103.08999633789062,103.55000305175781,61097
2026-04-24 15:41:00+00:00,103.58999633789062,103.58999633789062,103.33000183105469,103.38410186767578,16507
2026-04-24 15:42:00+00:00,103.43000030517578,103.43000030517578,103.16000366210938,103.16999816894531,13655
2026-04-24 15:43:00+00:00,103.12000274658203,103.13500213623047,102.94000244140625,102.94339752197266,24123
2026-04-24 15:44:00+00:00,103.05999755859375,103.62000274658203,102.97000122070312,103.56999969482422,64770
2026-04-24 15:45:00+00:00,103.6500015258789,103.69999694824219,103.16999816894531,103.19000244140625,33525
2026-04-24 15:46:00+00:00,103.11750030517578,103.11750030517578,102.72000122070312,102.94000244140625,34826
2026-04-24 15:47:00+00:00,102.95999908447266,103.27989959716797,102.95999908447266,103.2300033569336,17967
2026-04-24 15:48:00+00:00,103.16999816894531,103.21369934082031,102.9749984741211,102.9749984741211,17557
2026-04-24 15:49:00+00:00,102.94000244140625,103.16999816894531,102.94000244140625,103.09500122070312,14641
2026-04-24 15:50:00+00:00,103.08000183105469,103.24500274658203,103.0000991821289,103.16819763183594,21818
2026-04-24 15:51:00+00:00,103.22699737548828,103.5,103.1500015258789,103.47000122070312,19026
2026-04-24 15:52:00+00:00,103.45999908447266,103.52999877929688,103.38999938964844,103.45999908447266,14070
2026-04-24 15:53:00+00:00,103.45999908447266,103.48500061035156,103.29000091552734,103.30000305175781,10981
2026-04-24 15:54:00+00:00,103.2750015258789,103.37000274658203,103.0250015258789,103.04000091552734,13898
2026-04-24 15:55:00+00:00,103.0999984741211,103.20999908447266,102.9000015258789,103.0999984741211,28802
2026-04-24 15:56:00+00:00,103.0,103.06990051269531,102.97000122070312,103.0199966430664,7911
2026-04-24 15:57:00+00:00,103.03720092773438,103.05000305175781,102.86000061035156,102.91010284423828,8026
2026-04-24 15:58:00+00:00,102.8949966430664,103.04340362548828,102.85009765625,103.04340362548828,18758
2026-04-24 15:59:00+00:00,102.91470336914062,103.08300018310547,102.91470336914062,103.02999877929688,9953
2026-04-24 16:00:00+00:00,103.04660034179688,103.2426986694336,103.04660034179688,103.2300033569336,23661
2026-04-24 16:01:00+00:00,103.2300033569336,103.34249877929688,103.19000244140625,103.30870056152344,16481
2026-04-24 16:02:00+00:00,103.27559661865234,103.34989929199219,103.21009826660156,103.30000305175781,23857
2026-04-24 16:03:00+00:00,103.19999694824219,103.2300033569336,103.0801010131836,103.15499877929688,11915
2026-04-24 16:04:00+00:00,103.13999938964844,103.19999694824219,103.06999969482422,103.08000183105469,16644
2026-04-24 16:05:00+00:00,103.12999725341797,103.2300033569336,103.05000305175781,103.2300033569336,10670
2026-04-24 16:06:00+00:00,103.25,103.32949829101562,103.2300033569336,103.32949829101562,10576
2026-04-24 16:07:00+00:00,103.23999786376953,103.23999786376953,102.78079986572266,102.78079986572266,22653
2026-04-24 16:08:00+00:00,102.77999877929688,102.78009796142578,102.30000305175781,102.33000183105469,102746
2026-04-24 16:09:00+00:00,102.44000244140625,102.56800079345703,102.43009948730469,102.51499938964844,24152
2026-04-24 16:10:00+00:00,102.54000091552734,102.62000274658203,102.4749984741211,102.62000274658203,17860
2026-04-24 16:11:00+00:00,102.65750122070312,102.79000091552734,102.6500015258789,102.69999694824219,16395
2026-04-24 16:12:00+00:00,102.7698974609375,102.80000305175781,102.69000244140625,102.70050048828125,12285
2026-04-24 16:13:00+00:00,102.62470245361328,102.94000244140625,102.62470245361328,102.94000244140625,12414
2026-04-24 16:14:00+00:00,102.94999694824219,102.94999694824219,102.61090087890625,102.6498031616211,6911
2026-04-24 16:15:00+00:00,102.625,102.62999725341797,102.3499984741211,102.38999938964844,31028
2026-04-24 16:16:00+00:00,102.3949966430664,102.73059844970703,102.3949966430664,102.73059844970703,8281
2026-04-24 16:17:00+00:00,102.69499969482422,102.87000274658203,102.69499969482422,102.77400207519531,20595
2026-04-24 16:18:00+00:00,102.8499984741211,103.05999755859375,102.8499984741211,102.97000122070312,21301
2026-04-24 16:19:00+00:00,102.96800231933594,103.0999984741211,102.95500183105469,103.0999984741211,16139
2026-04-24 16:20:00+00:00,103.1500015258789,103.48999786376953,103.12999725341797,103.4000015258789,27644
2026-04-24 16:21:00+00:00,103.39749908447266,103.59510040283203,103.3499984741211,103.59510040283203,23284
2026-04-24 16:22:00+00:00,103.56330108642578,103.66999816894531,103.54000091552734,103.62999725341797,23497
2026-04-24 16:23:00+00:00,103.65499877929688,103.73999786376953,103.4990005493164,103.58000183105469,91024
2026-04-24 16:24:00+00:00,103.59989929199219,103.76000213623047,103.56999969482422,103.76000213623047,19593
2026-04-24 16:25:00+00:00,103.76000213623047,103.91000366210938,103.61000061035156,103.75,68877
2026-04-24 16:26:00+00:00,103.69499969482422,103.7605972290039,103.45999908447266,103.58000183105469,5559
2026-04-24 16:27:00+00:00,103.57499694824219,103.5999984741211,103.5,103.55999755859375,15918
2026-04-24 16:28:00+00:00,103.6500015258789,103.7300033569336,103.55500030517578,103.58999633789062,22716
2026-04-24 16:29:00+00:00,103.55000305175781,103.58999633789062,103.40010070800781,103.51000213623047,22944
2026-04-24 16:30:00+00:00,103.54630279541016,103.63999938964844,103.51000213623047,103.59629821777344,18353
2026-04-24 16:31:00+00:00,103.61000061035156,103.9000015258789,103.61000061035156,103.83999633789062,19964
2026-04-24 16:32:00+00:00,103.875,104.05999755859375,103.81999969482422,103.8499984741211,94920
2026-04-24 16:33:00+00:00,103.83999633789062,104.05500030517578,103.83999633789062,104.02120208740234,13416
2026-04-24 16:34:00+00:00,104.04989624023438,104.19999694824219,103.94000244140625,104.13999938964844,32017
2026-04-24 16:35:00+00:00,104.20999908447266,104.34500122070312,104.16999816894531,104.23600006103516,32364
2026-04-24 16:36:00+00:00,104.2249984741211,104.34480285644531,104.13300323486328,104.33999633789062,11079
2026-04-24 16:37:00+00:00,104.30000305175781,104.7499008178711,104.30000305175781,104.68499755859375,51047
2026-04-24 16:38:00+00:00,104.66999816894531,104.69999694824219,104.5,104.58699798583984,30986
2026-04-24 16:39:00+00:00,104.66000366210938,104.76000213623047,104.63249969482422,104.66000366210938,30438
2026-04-24 16:40:00+00:00,104.69000244140625,104.69000244140625,104.4800033569336,104.5,16276
2026-04-24 16:41:00+00:00,104.55999755859375,104.55999755859375,104.375,104.43000030517578,14710
2026-04-24 16:42:00+00:00,104.44999694824219,104.4749984741211,104.29000091552734,104.30000305175781,22193
2026-04-24 16:43:00+00:00,104.30000305175781,104.33999633789062,104.0479965209961,104.0479965209961,19969
2026-04-24 16:44:00+00:00,104.04499816894531,104.09989929199219,103.9000015258789,103.93730163574219,30636
2026-04-24 16:45:00+00:00,104.0,104.20069885253906,104.0,104.16999816894531,8563
2026-04-24 16:46:00+00:00,104.1500015258789,104.31999969482422,104.1011962890625,104.31999969482422,21136
2026-04-24 16:47:00+00:00,104.30999755859375,104.30999755859375,104.15599822998047,104.15599822998047,10014
2026-04-24 16:48:00+00:00,104.21199798583984,104.37999725341797,104.21199798583984,104.28990173339844,6811
2026-04-24 16:49:00+00:00,104.22000122070312,104.22000122070312,103.97000122070312,104.0,18522
2026-04-24 16:50:00+00:00,104.02999877929688,104.26000213623047,104.02999877929688,104.26000213623047,5487
2026-04-24 16:51:00+00:00,104.22000122070312,104.22000122070312,104.11000061035156,104.19999694824219,5699
2026-04-24 16:52:00+00:00,104.27999877929688,104.30000305175781,104.14550018310547,104.14550018310547,7461
2026-04-24 16:53:00+00:00,104.16999816894531,104.20469665527344,103.98999786376953,103.98999786376953,9802
2026-04-24 16:54:00+00:00,103.95999908447266,103.95999908447266,103.79499816894531,103.79499816894531,6351
2026-04-24 16:55:00+00:00,103.79000091552734,103.9000015258789,103.69000244140625,103.73999786376953,22355
2026-04-24 16:56:00+00:00,103.70999908447266,103.72000122070312,103.42579650878906,103.55000305175781,47247
2026-04-24 16:57:00+00:00,103.50499725341797,103.69000244140625,103.50499725341797,103.66000366210938,22377
2026-04-24 16:58:00+00:00,103.73359680175781,103.87999725341797,103.66000366210938,103.76000213623047,104356
2026-04-24 16:59:00+00:00,103.84500122070312,103.8499984741211,103.55000305175781,103.57990264892578,8220
2026-04-24 17:00:00+00:00,103.53720092773438,103.68000030517578,103.53720092773438,103.68000030517578,8899
2026-04-24 17:01:00+00:00,103.61000061035156,103.66000366210938,103.41999816894531,103.42009735107422,14925
2026-04-24 17:02:00+00:00,103.37999725341797,103.41999816894531,103.16500091552734,103.30999755859375,28201
2026-04-24 17:03:00+00:00,103.3949966430664,103.6050033569336,103.37000274658203,103.58000183105469,14392
2026-04-24 17:04:00+00:00,103.55999755859375,103.55999755859375,103.42990112304688,103.5000991821289,13543
2026-04-24 17:05:00+00:00,103.52999877929688,103.62650299072266,103.52999877929688,103.62000274658203,10019
2026-04-24 17:06:00+00:00,103.6500015258789,103.6500015258789,103.53500366210938,103.62999725341797,5314
2026-04-24 17:07:00+00:00,103.64550018310547,103.64550018310547,103.52999877929688,103.58999633789062,8710
2026-04-24 17:08:00+00:00,103.61000061035156,103.66999816894531,103.58999633789062,103.65499877929688,26893
2026-04-24 17:09:00+00:00,103.56900024414062,103.64659881591797,103.56900024414062,103.63999938964844,8584
2026-04-24 17:10:00+00:00,103.56999969482422,103.66000366210938,103.56500244140625,103.66000366210938,5019
2026-04-24 17:11:00+00:00,103.69499969482422,103.69499969482422,103.54560089111328,103.68890380859375,3105
2026-04-24 17:12:00+00:00,103.58999633789062,103.72000122070312,103.54499816894531,103.72000122070312,5580
2026-04-24 17:13:00+00:00,103.72000122070312,103.83000183105469,103.72000122070312,103.80000305175781,7811
2026-04-24 17:14:00+00:00,103.84500122070312,103.8594970703125,103.80000305175781,103.83000183105469,3808
2026-04-24 17:15:00+00:00,103.81999969482422,103.85289764404297,103.69000244140625,103.75,7258
2026-04-24 17:16:00+00:00,103.625,103.63700103759766,103.58689880371094,103.60359954833984,4116
2026-04-24 17:17:00+00:00,103.66500091552734,103.66500091552734,103.54460144042969,103.55000305175781,3566
2026-04-24 17:18:00+00:00,103.56999969482422,103.62000274658203,103.54060363769531,103.62000274658203,16705
2026-04-24 17:19:00+00:00,103.58999633789062,103.62999725341797,103.58999633789062,103.5999984741211,3335
2026-04-24 17:20:00+00:00,103.63999938964844,103.66999816894531,103.58499908447266,103.66999816894531,4029
2026-04-24 17:21:00+00:00,103.56999969482422,103.56999969482422,103.3949966430664,103.3949966430664,18779
2026-04-24 17:22:00+00:00,103.4000015258789,103.41000366210938,103.34089660644531,103.34500122070312,15670
2026-04-24 17:23:00+00:00,103.29000091552734,103.29000091552734,103.0,103.18000030517578,52774
2026-04-24 17:24:00+00:00,103.18000030517578,103.43000030517578,103.16510009765625,103.40119934082031,23474
2026-04-24 17:25:00+00:00,103.43000030517578,103.43000030517578,103.31999969482422,103.4000015258789,4328
2026-04-24 17:26:00+00:00,103.43499755859375,103.5198974609375,103.43000030517578,103.43000030517578,5496
2026-04-24 17:27:00+00:00,103.48970031738281,103.48970031738281,103.33999633789062,103.37999725341797,11975
2026-04-24 17:28:00+00:00,103.41999816894531,103.41999816894531,103.2699966430664,103.32499694824219,13401
2026-04-24 17:29:00+00:00,103.34459686279297,103.37999725341797,103.2699966430664,103.2699966430664,7543
2026-04-24 17:30:00+00:00,103.16000366210938,103.18000030517578,103.04000091552734,103.11000061035156,15834
2026-04-24 17:31:00+00:00,103.12000274658203,103.16380310058594,102.9800033569336,102.9800033569336,44560
2026-04-24 17:32:00+00:00,102.98500061035156,103.02999877929688,102.9800033569336,103.02999877929688,10811
2026-04-24 17:33:00+00:00,103.08000183105469,103.0999984741211,103.01000213623047,103.08999633789062,7168
2026-04-24 17:34:00+00:00,103.05999755859375,103.4000015258789,103.01010131835938,103.31729888916016,28494
2026-04-24 17:35:00+00:00,103.2699966430664,103.4800033569336,103.22000122070312,103.38999938964844,21467
2026-04-24 17:36:00+00:00,103.4000015258789,103.44000244140625,103.38999938964844,103.44000244140625,17935
2026-04-24 17:37:00+00:00,103.5,103.55000305175781,103.44999694824219,103.44999694824219,10984
2026-04-24 17:38:00+00:00,103.43000030517578,103.44989776611328,103.36000061035156,103.44989776611328,16146
2026-04-24 17:39:00+00:00,103.41999816894531,103.41999816894531,103.19999694824219,103.23999786376953,8543
2026-04-24 17:40:00+00:00,103.31999969482422,103.36000061035156,103.27999877929688,103.36000061035156,2732
2026-04-24 17:41:00+00:00,103.31500244140625,103.56700134277344,103.31500244140625,103.54000091552734,10134
2026-04-24 17:42:00+00:00,103.55000305175781,103.55000305175781,103.19499969482422,103.27999877929688,11615
2026-04-24 17:43:00+00:00,103.36000061035156,103.44999694824219,103.36000061035156,103.38860321044922,2330
2026-04-24 17:44:00+00:00,103.44999694824219,103.5,103.44999694824219,103.5,3731
2026-04-24 17:45:00+00:00,103.51480102539062,103.61000061035156,103.36000061035156,103.36699676513672,11397
2026-04-24 17:46:00+00:00,103.41000366210938,103.4800033569336,103.30999755859375,103.33679962158203,9635
2026-04-24 17:47:00+00:00,103.27999877929688,103.27999877929688,103.12999725341797,103.18000030517578,9035
2026-04-24 17:48:00+00:00,103.16000366210938,103.23999786376953,103.13999938964844,103.1449966430664,14099
2026-04-24 17:49:00+00:00,103.1500015258789,103.21849822998047,103.12999725341797,103.18499755859375,7162
2026-04-24 17:50:00+00:00,103.1541976928711,103.23500061035156,103.06999969482422,103.08000183105469,30302
2026-04-24 17:51:00+00:00,103.13999938964844,103.13999938964844,103.06999969482422,103.12999725341797,7004
2026-04-24 17:52:00+00:00,103.13999938964844,103.13999938964844,103.03800201416016,103.04979705810547,4120
2026-04-24 17:53:00+00:00,103.05999755859375,103.26000213623047,103.05999755859375,103.26000213623047,7199
2026-04-24 17:54:00+00:00,103.25499725341797,103.56999969482422,103.23999786376953,103.33499908447266,31746
2026-04-24 17:55:00+00:00,103.30000305175781,103.4000015258789,103.29000091552734,103.3499984741211,17093
2026-04-24 17:56:00+00:00,103.36000061035156,103.40499877929688,103.31009674072266,103.31009674072266,6472
2026-04-24 17:57:00+00:00,103.30000305175781,103.36000061035156,103.25250244140625,103.25759887695312,8433
2026-04-24 17:58:00+00:00,103.19999694824219,103.23999786376953,103.18009948730469,103.2249984741211,8427
2026-04-24 17:59:00+00:00,103.19999694824219,103.2136001586914,103.12999725341797,103.18499755859375,6331
2026-04-24 18:00:00+00:00,103.25,103.25,103.04499816894531,103.04499816894531,16156
2026-04-24 18:01:00+00:00,103.06999969482422,103.25,103.06999969482422,103.25,7512
2026-04-24 18:02:00+00:00,103.2500991821289,103.25499725341797,103.19000244140625,103.20030212402344,4367
2026-04-24 18:03:00+00:00,103.2300033569336,103.2300033569336,103.1500015258789,103.1500015258789,9305
2026-04-24 18:04:00+00:00,103.0999984741211,103.11000061035156,103.07499694824219,103.08000183105469,7743
2026-04-24 18:05:00+00:00,103.05000305175781,103.05000305175781,102.77999877929688,102.77999877929688,11081
2026-04-24 18:06:00+00:00,102.76499938964844,102.77999877929688,102.62000274658203,102.76000213623047,13046
2026-04-24 18:07:00+00:00,102.90339660644531,103.0968017578125,102.90339660644531,103.09210205078125,10754
2026-04-24 18:08:00+00:00,103.12000274658203,103.19999694824219,103.08000183105469,103.10890197753906,7708
2026-04-24 18:09:00+00:00,103.03500366210938,103.17500305175781,103.03500366210938,103.17500305175781,9881
2026-04-24 18:10:00+00:00,103.16010284423828,103.19999694824219,103.08000183105469,103.08000183105469,3273
2026-04-24 18:11:00+00:00,103.08499908447266,103.13999938964844,103.08000183105469,103.11180114746094,2614
2026-04-24 18:12:00+00:00,103.14630126953125,103.22000122070312,103.0999984741211,103.0999984741211,3329
2026-04-24 18:13:00+00:00,103.09870147705078,103.10990142822266,103.05000305175781,103.08000183105469,1682
2026-04-24 18:14:00+00:00,103.05000305175781,103.05999755859375,102.9000015258789,102.93000030517578,5584
2026-04-24 18:15:00+00:00,102.95500183105469,102.95500183105469,102.9000015258789,102.90519714355469,14810
2026-04-24 18:16:00+00:00,102.90499877929688,102.90499877929688,102.75389862060547,102.8134994506836,9941
2026-04-24 18:17:00+00:00,102.7750015258789,102.7750015258789,102.75,102.76499938964844,3567
2026-04-24 18:18:00+00:00,102.66500091552734,102.76000213623047,102.55000305175781,102.72989654541016,22480
2026-04-24 18:19:00+00:00,102.73999786376953,102.73999786376953,102.60189819335938,102.60189819335938,2408
2026-04-24 18:20:00+00:00,102.65010070800781,102.65010070800781,102.51000213623047,102.51000213623047,15465
2026-04-24 18:21:00+00:00,102.5,102.5,102.38009643554688,102.43000030517578,26259
2026-04-24 18:22:00+00:00,102.37429809570312,102.4800033569336,102.3499984741211,102.39679718017578,37932
2026-04-24 18:23:00+00:00,102.44999694824219,102.44999694824219,102.33000183105469,102.36000061035156,22696
2026-04-24 18:24:00+00:00,102.3550033569336,102.4645004272461,102.25,102.4645004272461,27018
2026-04-24 18:25:00+00:00,102.44499969482422,102.53900146484375,102.44000244140625,102.53900146484375,17046
2026-04-24 18:26:00+00:00,102.56999969482422,102.63999938964844,102.54000091552734,102.61000061035156,11451
2026-04-24 18:27:00+00:00,102.48999786376953,102.59390258789062,102.4800033569336,102.5199966430664,10156
2026-04-24 18:28:00+00:00,102.45999908447266,102.48999786376953,102.22550201416016,102.2300033569336,21986
2026-04-24 18:29:00+00:00,102.19999694824219,102.2699966430664,102.1500015258789,102.20999908447266,42173
2026-04-24 18:30:00+00:00,102.17009735107422,102.25,102.08999633789062,102.16000366210938,18275
2026-04-24 18:31:00+00:00,102.15950012207031,102.30999755859375,102.11000061035156,102.29989624023438,18072
2026-04-24 18:32:00+00:00,102.31680297851562,102.51000213623047,102.31680297851562,102.4800033569336,9645
2026-04-24 18:33:00+00:00,102.40499877929688,102.40499877929688,102.32499694824219,102.37010192871094,3801
2026-04-24 18:34:00+00:00,102.42500305175781,102.51000213623047,102.41999816894531,102.47000122070312,2878
2026-04-24 18:35:00+00:00,102.5199966430664,102.52999877929688,102.44879913330078,102.44999694824219,2994
2026-04-24 18:36:00+00:00,102.44999694824219,102.44999694824219,102.36740112304688,102.36740112304688,2470
2026-04-24 18:37:00+00:00,102.31999969482422,102.36990356445312,102.25,102.2500991821289,5774
2026-04-24 18:38:00+00:00,102.375,102.41500091552734,102.375,102.37999725341797,3312
2026-04-24 18:39:00+00:00,102.37999725341797,102.44000244140625,102.3499984741211,102.41999816894531,4223
2026-04-24 18:40:00+00:00,102.37000274658203,102.49810028076172,102.37000274658203,102.49810028076172,6651
2026-04-24 18:41:00+00:00,102.5199966430664,102.55850219726562,102.4000015258789,102.4000015258789,8571
2026-04-24 18:42:00+00:00,102.38500213623047,102.38500213623047,102.31999969482422,102.37000274658203,9378
2026-04-24 18:43:00+00:00,102.26000213623047,102.30000305175781,102.04010009765625,102.04010009765625,9490
2026-04-24 18:44:00+00:00,102.04450225830078,102.08999633789062,102.03600311279297,102.05500030517578,7941
2026-04-24 18:45:00+00:00,102.04000091552734,102.09980010986328,101.81999969482422,101.91500091552734,32066
2026-04-24 18:46:00+00:00,101.92009735107422,102.0,101.81999969482422,101.81999969482422,7581
2026-04-24 18:47:00+00:00,101.83000183105469,101.94999694824219,101.7750015258789,101.93000030517578,7036
2026-04-24 18:48:00+00:00,101.94999694824219,101.94999694824219,101.8499984741211,101.86000061035156,5823
2026-04-24 18:49:00+00:00,101.92510223388672,101.97000122070312,101.91000366210938,101.97000122070312,3874
2026-04-24 18:50:00+00:00,101.80000305175781,101.94999694824219,101.76000213623047,101.91999816894531,4697
2026-04-24 18:51:00+00:00,101.93000030517578,101.9531021118164,101.8949966430664,101.94989776611328,5843
2026-04-24 18:52:00+00:00,102.0,102.06990051269531,101.95390319824219,101.98999786376953,5041
2026-04-24 18:53:00+00:00,101.94999694824219,102.06990051269531,101.91999816894531,101.9800033569336,4393
2026-04-24 18:54:00+00:00,101.95999908447266,101.98999786376953,101.83000183105469,101.83000183105469,4200
2026-04-24 18:55:00+00:00,101.86530303955078,101.86530303955078,101.7300033569336,101.80999755859375,5525
2026-04-24 18:56:00+00:00,101.90499877929688,101.93350219726562,101.87000274658203,101.91999816894531,31110
2026-04-24 18:57:00+00:00,101.96499633789062,101.96499633789062,101.9000015258789,101.90869903564453,6558
2026-04-24 18:58:00+00:00,101.8010025024414,101.8499984741211,101.80000305175781,101.8499984741211,3375
2026-04-24 18:59:00+00:00,102.01000213623047,102.22000122070312,102.01000213623047,102.22000122070312,20316
2026-04-24 19:00:00+00:00,102.19999694824219,102.27999877929688,102.19999694824219,102.19999694824219,8370
2026-04-24 19:01:00+00:00,102.27999877929688,102.29499816894531,102.1500015258789,102.19100189208984,11627
2026-04-24 19:02:00+00:00,102.20999908447266,102.2699966430664,102.16500091552734,102.26000213623047,2997
2026-04-24 19:03:00+00:00,102.2300033569336,102.2300033569336,102.0999984741211,102.12000274658203,6802
2026-04-24 19:04:00+00:00,102.21099853515625,102.21900177001953,102.16100311279297,102.16100311279297,2389
2026-04-24 19:05:00+00:00,102.19999694824219,102.19999694824219,102.18000030517578,102.19000244140625,650
2026-04-24 19:06:00+00:00,102.18000030517578,102.3499984741211,102.18000030517578,102.30999755859375,13379
2026-04-24 19:07:00+00:00,102.33000183105469,102.5,102.33000183105469,102.5,14082
2026-04-24 19:08:00+00:00,102.5999984741211,102.8501968383789,102.5999984741211,102.67990112304688,19036
2026-04-24 19:09:00+00:00,102.66000366210938,102.7750015258789,102.59500122070312,102.7750015258789,6890
2026-04-24 19:10:00+00:00,102.76499938964844,102.77999877929688,102.69999694824219,102.77999877929688,13659
2026-04-24 19:11:00+00:00,102.80000305175781,102.8489990234375,102.72000122070312,102.8489990234375,38967
2026-04-24 19:12:00+00:00,102.80999755859375,102.91000366210938,102.75,102.86940002441406,19655
2026-04-24 19:13:00+00:00,102.88500213623047,103.06999969482422,102.81999969482422,103.04499816894531,29799
2026-04-24 19:14:00+00:00,103.0199966430664,103.12000274658203,103.0199966430664,103.08580017089844,18180
2026-04-24 19:15:00+00:00,103.08989715576172,103.13999938964844,103.05999755859375,103.11029815673828,14550
2026-04-24 19:16:00+00:00,103.0199966430664,103.09500122070312,103.0199966430664,103.09500122070312,6398
2026-04-24 19:17:00+00:00,103.1500015258789,103.19999694824219,103.05999755859375,103.1500015258789,4042
2026-04-24 19:18:00+00:00,103.18000030517578,103.18000030517578,102.9800033569336,103.02999877929688,6143
2026-04-24 19:19:00+00:00,103.06999969482422,103.0999984741211,103.06999969482422,103.0999984741211,1622
2026-04-24 19:20:00+00:00,103.04900360107422,103.04900360107422,102.79000091552734,102.88059997558594,12923
2026-04-24 19:21:00+00:00,102.9303970336914,102.9303970336914,102.86000061035156,102.86499786376953,2869
2026-04-24 19:22:00+00:00,102.83999633789062,102.88500213623047,102.76000213623047,102.76000213623047,5850
2026-04-24 19:23:00+00:00,102.81500244140625,102.89189910888672,102.80249786376953,102.89189910888672,10511
2026-04-24 19:24:00+00:00,102.87000274658203,102.87000274658203,102.69090270996094,102.76000213623047,3300
2026-04-24 19:25:00+00:00,102.79000091552734,102.83000183105469,102.66500091552734,102.68000030517578,16107
2026-04-24 19:26:00+00:00,102.6050033569336,102.63169860839844,102.48999786376953,102.5199966430664,4735
2026-04-24 19:27:00+00:00,102.52999877929688,102.5999984741211,102.50499725341797,102.51010131835938,7578
2026-04-24 19:28:00+00:00,102.55500030517578,102.56999969482422,102.55010223388672,102.55010223388672,3276
2026-04-24 19:29:00+00:00,102.66000366210938,102.66000366210938,102.5199966430664,102.5199966430664,3484
2026-04-24 19:30:00+00:00,102.42019653320312,102.44999694824219,102.29000091552734,102.38999938964844,10958
2026-04-24 19:31:00+00:00,102.31999969482422,102.31999969482422,102.02999877929688,102.2041015625,14568
2026-04-24 19:32:00+00:00,102.16000366210938,102.33000183105469,102.12000274658203,102.27999877929688,15275
2026-04-24 19:33:00+00:00,102.26000213623047,102.46009826660156,102.26000213623047,102.46009826660156,4767
2026-04-24 19:34:00+00:00,102.4801025390625,102.5,102.32499694824219,102.38999938964844,5715
2026-04-24 19:35:00+00:00,102.4000015258789,102.4000015258789,102.33000183105469,102.33499908447266,13822
2026-04-24 19:36:00+00:00,102.33000183105469,102.48880004882812,102.33000183105469,102.40010070800781,5046
2026-04-24 19:37:00+00:00,102.48999786376953,102.57009887695312,102.47000122070312,102.5,10452
2026-04-24 19:38:00+00:00,102.4801025390625,102.54000091552734,102.36000061035156,102.36000061035156,4918
2026-04-24 19:39:00+00:00,102.36000061035156,102.41000366210938,102.36000061035156,102.38999938964844,4454
2026-04-24 19:40:00+00:00,102.33499908447266,102.41500091552734,102.30000305175781,102.41500091552734,6223
2026-04-24 19:41:00+00:00,102.48999786376953,102.5,102.24500274658203,102.29000091552734,14647
2026-04-24 19:42:00+00:00,102.27570343017578,102.33000183105469,102.26000213623047,102.33000183105469,7436
2026-04-24 19:43:00+00:00,102.34500122070312,102.37000274658203,102.27369689941406,102.29989624023438,7831
2026-04-24 19:44:00+00:00,102.2300033569336,102.27999877929688,102.19999694824219,102.19999694824219,12060
2026-04-24 19:45:00+00:00,102.19999694824219,102.19999694824219,102.09660339355469,102.16999816894531,32620
2026-04-24 19:46:00+00:00,102.13999938964844,102.25,102.13999938964844,102.22000122070312,10062
2026-04-24 19:47:00+00:00,102.20999908447266,102.20999908447266,102.04000091552734,102.04000091552734,9178
2026-04-24 19:48:00+00:00,102.0,102.08499908447266,101.83999633789062,102.08499908447266,28910
2026-04-24 19:49:00+00:00,102.05999755859375,102.06999969482422,101.95999908447266,101.98500061035156,3158
2026-04-24 19:50:00+00:00,102.04000091552734,102.08000183105469,101.76000213623047,101.77999877929688,25087
2026-04-24 19:51:00+00:00,101.77999877929688,101.77999877929688,101.57990264892578,101.66000366210938,23714
2026-04-24 19:52:00+00:00,101.62999725341797,101.85990142822266,101.62999725341797,101.69170379638672,9476
2026-04-24 19:53:00+00:00,101.70999908447266,101.94999694824219,101.59010314941406,101.88680267333984,16466
2026-04-24 19:54:00+00:00,101.92500305175781,102.22000122070312,101.8949966430664,102.05500030517578,37874
2026-04-24 19:55:00+00:00,102.02999877929688,102.37999725341797,102.02999877929688,102.13500213623047,45662
2026-04-24 19:56:00+00:00,102.16999816894531,102.16999816894531,102.08999633789062,102.11499786376953,13291
2026-04-24 19:57:00+00:00,102.12000274658203,102.2300033569336,102.12000274658203,102.22000122070312,20441
2026-04-24 19:58:00+00:00,102.20999908447266,102.38999938964844,102.19999694824219,102.2300033569336,27055
2026-04-24 19:59:00+00:00,102.25,102.29000091552734,102.12999725341797,102.19999694824219,42815
