Datetime,Open,High,Low,Close,Volume
2024-04-25 13:30:00+00:00,30.600000381469727,33.33000183105469,30.049999237060547,33.0099983215332,7730921
2024-04-25 14:30:00+00:00,33.040000915527344,33.09000015258789,32.349998474121094,32.74980163574219,1918698
2024-04-25 15:30:00+00:00,32.75360107421875,33.12990188598633,32.26969909667969,33.07929992675781,845390
2024-04-25 16:30:00+00:00,33.06100082397461,33.52000045776367,32.790000915527344,33.380699157714844,1111075
2024-04-25 17:30:00+00:00,33.36000061035156,33.959999084472656,33.36000061035156,33.459999084472656,1342590
2024-04-25 18:30:00+00:00,33.439998626708984,34.05979919433594,33.2599983215332,33.7400016784668,2045746
2024-04-25 19:30:00+00:00,33.72999954223633,33.77539825439453,33.33000183105469,33.540000915527344,824176
2024-04-26 13:30:00+00:00,34.46200180053711,36.97999954223633,34.09000015258789,36.36000061035156,8297741
2024-04-26 14:30:00+00:00,36.3650016784668,37.34000015258789,36.290000915527344,36.994998931884766,3133110
2024-04-26 15:30:00+00:00,37.0,37.14500045776367,36.39400100708008,37.0,1387439
2024-04-26 16:30:00+00:00,36.9900016784668,38.070098876953125,36.900001525878906,37.915000915527344,2304367
2024-04-26 17:30:00+00:00,37.93000030517578,37.970001220703125,37.02000045776367,37.470001220703125,2198682
2024-04-26 18:30:00+00:00,37.4900016784668,37.68000030517578,36.91999816894531,37.66999816894531,1789271
2024-04-26 19:30:00+00:00,37.66999816894531,37.689998626708984,37.20800018310547,37.59000015258789,1413760
2024-04-29 13:30:00+00:00,37.40999984741211,37.630001068115234,35.560001373291016,37.2760009765625,6790376
2024-04-29 14:30:00+00:00,37.260101318359375,37.52040100097656,36.56999969482422,36.939998626708984,1685967
2024-04-29 15:30:00+00:00,36.959999084472656,37.11000061035156,36.5099983215332,37.040000915527344,1211474
2024-04-29 16:30:00+00:00,37.09000015258789,37.77009963989258,36.869998931884766,37.73500061035156,1494910
2024-04-29 17:30:00+00:00,37.7400016784668,37.79999923706055,37.13999938964844,37.470001220703125,1319834
2024-04-29 18:30:00+00:00,37.45000076293945,37.459999084472656,36.58100128173828,37.060001373291016,1447164
2024-04-29 19:30:00+00:00,37.07040023803711,37.78499984741211,37.029998779296875,37.619998931884766,840535
2024-04-30 13:30:00+00:00,37.119998931884766,38.4900016784668,37.0099983215332,37.400001525878906,4327819
2024-04-30 14:30:00+00:00,37.349998474121094,37.95000076293945,36.9546012878418,37.38999938964844,1558751
2024-04-30 15:30:00+00:00,37.36000061035156,37.41999816894531,36.690101623535156,37.27000045776367,1160609
2024-04-30 16:30:00+00:00,37.2400016784668,37.2400016784668,36.35499954223633,36.625,1123078
2024-04-30 17:30:00+00:00,36.599998474121094,37.064998626708984,36.4900016784668,36.66999816894531,749951
2024-04-30 18:30:00+00:00,36.75,37.08000183105469,36.65999984741211,36.970001220703125,629340
2024-04-30 19:30:00+00:00,36.97140121459961,37.27000045776367,36.400001525878906,36.400001525878906,1240207
2024-05-01 13:30:00+00:00,35.279998779296875,35.68000030517578,33.54399871826172,34.185001373291016,5281073
2024-05-01 14:30:00+00:00,34.220001220703125,34.72990036010742,32.93000030517578,33.279998779296875,2987826
2024-05-01 15:30:00+00:00,33.279998779296875,33.599998474121094,32.09000015258789,32.91999816894531,3174600
2024-05-01 16:30:00+00:00,32.910099029541016,32.98379898071289,32.21110153198242,32.73500061035156,960813
2024-05-01 17:30:00+00:00,32.7599983215332,34.209999084472656,32.66999816894531,34.189998626708984,2149097
2024-05-01 18:30:00+00:00,34.16999816894531,36.08000183105469,33.30009841918945,35.255001068115234,5104971
2024-05-01 19:30:00+00:00,35.220001220703125,35.220001220703125,33.540000915527344,33.540000915527344,1661647
2024-05-02 13:30:00+00:00,34.7599983215332,35.689998626708984,33.6510009765625,34.5547981262207,4571898
2024-05-02 14:30:00+00:00,34.47999954223633,35.289798736572266,34.22999954223633,34.869998931884766,1236351
2024-05-02 15:30:00+00:00,34.88199996948242,35.28990173339844,34.720001220703125,34.88999938964844,792850
2024-05-02 16:30:00+00:00,34.93000030517578,35.54999923706055,34.5099983215332,35.54499816894531,885039
2024-05-02 17:30:00+00:00,35.56999969482422,35.779998779296875,35.29999923706055,35.38990020751953,817116
2024-05-02 18:30:00+00:00,35.419700622558594,36.150001525878906,35.36009979248047,35.98860168457031,1263004
2024-05-02 19:30:00+00:00,35.970001220703125,36.099998474121094,35.650001525878906,35.83000183105469,1228400
2024-05-03 13:30:00+00:00,37.38999938964844,38.380001068115234,36.810001373291016,37.499900817871094,6427370
2024-05-03 14:30:00+00:00,37.5,38.04999923706055,37.22999954223633,37.63130187988281,2201502
2024-05-03 15:30:00+00:00,37.63999938964844,38.209999084472656,37.59000015258789,38.06999969482422,1636329
2024-05-03 16:30:00+00:00,38.060001373291016,38.540000915527344,37.970001220703125,38.29990005493164,1552287
2024-05-03 17:30:00+00:00,38.29499816894531,38.599998474121094,38.119998931884766,38.547698974609375,1168113
2024-05-03 18:30:00+00:00,38.54999923706055,38.66999816894531,38.11119842529297,38.334999084472656,1276561
2024-05-03 19:30:00+00:00,38.349998474121094,38.369998931884766,38.099998474121094,38.25,703092
2024-05-06 13:30:00+00:00,38.77899932861328,40.75,38.5,40.369998931884766,6120018
2024-05-06 14:30:00+00:00,40.359901428222656,40.83000183105469,38.25,40.7599983215332,1891511
2024-05-06 15:30:00+00:00,40.790000915527344,40.97999954223633,40.599998474121094,40.68000030517578,1437495
2024-05-06 16:30:00+00:00,40.689998626708984,41.01900100708008,40.560001373291016,40.779998779296875,1205236
2024-05-06 17:30:00+00:00,40.779998779296875,40.95500183105469,40.709999084472656,40.95500183105469,640477
2024-05-06 18:30:00+00:00,40.95009994506836,41.20000076293945,40.86000061035156,41.005001068115234,1505778
2024-05-06 19:30:00+00:00,40.97999954223633,41.150001525878906,40.7401008605957,41.150001525878906,1195530
2024-05-07 13:30:00+00:00,40.08000183105469,40.779701232910156,38.34000015258789,38.9900016784668,7070891
2024-05-07 14:30:00+00:00,38.97999954223633,39.95909881591797,38.94499969482422,39.62009811401367,3205152
2024-05-07 15:30:00+00:00,39.61000061035156,40.58000183105469,39.525001525878906,40.459999084472656,2567736
2024-05-07 16:30:00+00:00,40.459999084472656,40.709999084472656,40.15999984741211,40.65999984741211,2299057
2024-05-07 17:30:00+00:00,40.67839813232422,40.75960159301758,39.13999938964844,39.36000061035156,2959611
2024-05-07 18:30:00+00:00,39.369998931884766,39.816001892089844,38.9739990234375,39.510398864746094,2868479
2024-05-07 19:30:00+00:00,39.559898376464844,39.88999938964844,39.36000061035156,39.709999084472656,1505231
2024-05-08 13:30:00+00:00,38.709999084472656,40.2400016784668,38.70000076293945,40.09000015258789,5552980
2024-05-08 14:30:00+00:00,40.07109832763672,40.16999816894531,39.08000183105469,39.179901123046875,2518883
2024-05-08 15:30:00+00:00,39.150001525878906,39.38959884643555,38.810001373291016,39.33000183105469,2180424
2024-05-08 16:30:00+00:00,39.33000183105469,39.65999984741211,39.13999938964844,39.15010070800781,1410873
2024-05-08 17:30:00+00:00,39.150001525878906,39.65999984741211,39.09000015258789,39.650001525878906,1263971
2024-05-08 18:30:00+00:00,39.63999938964844,39.69820022583008,39.2599983215332,39.5099983215332,1116264
2024-05-08 19:30:00+00:00,39.5099983215332,39.66999816894531,39.40999984741211,39.529998779296875,905433
2024-05-09 13:30:00+00:00,39.70000076293945,40.099998474121094,37.630001068115234,37.73500061035156,4872846
2024-05-09 14:30:00+00:00,37.7400016784668,38.810001373291016,37.7400016784668,38.779300689697266,1829310
2024-05-09 15:30:00+00:00,38.79949951171875,38.900001525878906,38.025001525878906,38.41999816894531,1037540
2024-05-09 16:30:00+00:00,38.41999816894531,38.72999954223633,38.09000015258789,38.5,908048
2024-05-09 17:30:00+00:00,38.470001220703125,38.5,38.060001373291016,38.31990051269531,686511
2024-05-09 18:30:00+00:00,38.30500030517578,38.49580001831055,37.87990188598633,38.029998779296875,962280
2024-05-09 19:30:00+00:00,38.0260009765625,38.2400016784668,37.84000015258789,38.08000183105469,983975
2024-05-10 13:30:00+00:00,39.380001068115234,40.310001373291016,38.65999984741211,38.709999084472656,5301844
2024-05-10 14:30:00+00:00,38.710899353027344,39.279998779296875,38.58000183105469,39.040000915527344,1553426
2024-05-10 15:30:00+00:00,39.028900146484375,39.150001525878906,38.470001220703125,38.926300048828125,966544
2024-05-10 16:30:00+00:00,38.93000030517578,39.130001068115234,38.66999816894531,39.0099983215332,550079
2024-05-10 17:30:00+00:00,39.0099983215332,39.209999084472656,38.84000015258789,39.060001373291016,544433
2024-05-10 18:30:00+00:00,39.029998779296875,39.03499984741211,38.7599983215332,38.90999984741211,460641
2024-05-10 19:30:00+00:00,38.93000030517578,39.09000015258789,38.7598991394043,38.994998931884766,523858
2024-05-13 13:30:00+00:00,39.560001373291016,39.849998474121094,37.849998474121094,38.82500076293945,4386706
2024-05-13 14:30:00+00:00,38.83000183105469,39.400001525878906,38.43000030517578,39.100101470947266,1550009
2024-05-13 15:30:00+00:00,39.08000183105469,39.84000015258789,38.959999084472656,39.744998931884766,1259665
2024-05-13 16:30:00+00:00,39.7599983215332,39.979000091552734,39.02000045776367,39.310001373291016,1278486
2024-05-13 17:30:00+00:00,39.29999923706055,39.44850158691406,39.099998474121094,39.349998474121094,433054
2024-05-13 18:30:00+00:00,39.35499954223633,39.43880081176758,39.20000076293945,39.36000061035156,450947
2024-05-13 19:30:00+00:00,39.3650016784668,39.50920104980469,39.2400016784668,39.46009826660156,517325
2024-05-14 13:30:00+00:00,38.7588996887207,39.79999923706055,38.20000076293945,39.7036018371582,3494223
2024-05-14 14:30:00+00:00,39.709999084472656,40.16999816894531,39.2400016784668,40.11009979248047,1430779
2024-05-14 15:30:00+00:00,40.1150016784668,40.129600524902344,39.560001373291016,39.70000076293945,1019195
2024-05-14 16:30:00+00:00,39.677101135253906,39.869998931884766,39.53499984741211,39.82500076293945,577773
2024-05-14 17:30:00+00:00,39.84000015258789,40.43000030517578,39.61009979248047,40.26969909667969,1124007
2024-05-14 18:30:00+00:00,40.2599983215332,40.52000045776367,40.20000076293945,40.31999969482422,1091933
2024-05-14 19:30:00+00:00,40.310001373291016,40.47999954223633,40.209999084472656,40.27000045776367,629167
2024-05-15 13:30:00+00:00,41.2599983215332,42.15999984741211,40.529998779296875,42.040000915527344,6765144
2024-05-15 14:30:00+00:00,42.060001373291016,43.0,41.99980163574219,42.66999816894531,3041055
2024-05-15 15:30:00+00:00,42.65999984741211,43.18000030517578,42.619998931884766,43.13090133666992,1587458
2024-05-15 16:30:00+00:00,43.140098571777344,43.189998626708984,42.65370178222656,43.06959915161133,1416699
2024-05-15 17:30:00+00:00,43.06990051269531,43.34000015258789,42.90999984741211,43.119998931884766,976519
2024-05-15 18:30:00+00:00,43.1349983215332,43.250099182128906,42.900001525878906,43.119998931884766,868808
2024-05-15 19:30:00+00:00,43.11000061035156,43.359500885009766,43.04999923706055,43.155799865722656,855911
2024-05-16 13:30:00+00:00,43.38999938964844,44.20000076293945,42.88349914550781,43.65950012207031,5063355
2024-05-16 14:30:00+00:00,43.68000030517578,43.999900817871094,43.47999954223633,43.845001220703125,1088842
2024-05-16 15:30:00+00:00,43.880001068115234,43.91999816894531,43.15999984741211,43.399898529052734,1109829
2024-05-16 16:30:00+00:00,43.380001068115234,43.48970031738281,42.625,42.892398834228516,1067905
2024-05-16 17:30:00+00:00,42.915000915527344,43.16999816894531,42.77000045776367,42.88999938964844,675834
2024-05-16 18:30:00+00:00,42.880001068115234,43.560001373291016,42.880001068115234,43.410499572753906,661124
2024-05-16 19:30:00+00:00,43.400001525878906,43.40999984741211,42.790000915527344,42.83000183105469,751049
2024-05-17 13:30:00+00:00,42.95000076293945,43.189998626708984,41.525001525878906,42.29999923706055,3803083
2024-05-17 14:30:00+00:00,42.29970169067383,42.599998474121094,41.97999954223633,42.209999084472656,1476302
2024-05-17 15:30:00+00:00,42.189998626708984,42.209999084472656,41.689998626708984,41.93519973754883,892773
2024-05-17 16:30:00+00:00,41.93000030517578,42.01499938964844,41.63999938964844,41.779998779296875,713500
2024-05-17 17:30:00+00:00,41.790000915527344,41.81999969482422,40.400001525878906,40.66999816894531,1510051
2024-05-17 18:30:00+00:00,40.669898986816406,41.439998626708984,40.52799987792969,41.41999816894531,1245072
2024-05-17 19:30:00+00:00,41.400001525878906,41.429901123046875,40.97999954223633,41.119998931884766,720056
2024-05-20 13:30:00+00:00,42.290000915527344,43.540000915527344,42.0,43.189998626708984,5823853
2024-05-20 14:30:00+00:00,43.20000076293945,43.29249954223633,42.652198791503906,42.97999954223633,1336406
2024-05-20 15:30:00+00:00,42.98149871826172,43.08000183105469,42.5,42.94900131225586,1014045
2024-05-20 16:30:00+00:00,42.92499923706055,43.48529815673828,42.88999938964844,43.09000015258789,1163608
2024-05-20 17:30:00+00:00,43.119998931884766,43.25,42.959999084472656,43.2400016784668,653318
2024-05-20 18:30:00+00:00,43.23500061035156,43.525001525878906,43.20000076293945,43.45800018310547,698332
2024-05-20 19:30:00+00:00,43.459999084472656,43.516998291015625,42.920501708984375,43.150001525878906,663389
2024-05-21 13:30:00+00:00,42.060001373291016,42.72999954223633,41.689998626708984,42.490501403808594,4662611
2024-05-21 14:30:00+00:00,42.5099983215332,43.330101013183594,42.47999954223633,43.220001220703125,1716196
2024-05-21 15:30:00+00:00,43.22999954223633,43.59920120239258,42.974998474121094,43.474998474121094,971288
2024-05-21 16:30:00+00:00,43.474998474121094,43.5,42.95000076293945,43.209999084472656,609505
2024-05-21 17:30:00+00:00,43.20000076293945,43.380001068115234,43.13999938964844,43.15999984741211,752178
2024-05-21 18:30:00+00:00,43.160099029541016,43.45000076293945,42.970001220703125,43.429901123046875,785292
2024-05-21 19:30:00+00:00,43.415000915527344,43.70000076293945,43.349998474121094,43.63999938964844,1016787
2024-05-22 13:30:00+00:00,43.779998779296875,44.25,42.507999420166016,42.84080123901367,5196999
2024-05-22 14:30:00+00:00,42.83530044555664,43.36000061035156,42.75,43.35499954223633,1091900
2024-05-22 15:30:00+00:00,43.35499954223633,43.5,42.849998474121094,43.33000183105469,932101
2024-05-22 16:30:00+00:00,43.329200744628906,43.439998626708984,43.119998931884766,43.26599884033203,746413
2024-05-22 17:30:00+00:00,43.24409866333008,43.2599983215332,41.77000045776367,41.939998626708984,3088958
2024-05-22 18:30:00+00:00,41.90999984741211,42.619998931884766,41.83000183105469,42.61989974975586,2399569
2024-05-22 19:30:00+00:00,42.61000061035156,43.30500030517578,42.580101013183594,43.25,2017357
2024-05-23 13:30:00+00:00,49.619998931884766,51.70000076293945,49.209999084472656,51.65999984741211,16981582
2024-05-23 14:30:00+00:00,51.68000030517578,52.12990188598633,51.018001556396484,52.005001068115234,4778621
2024-05-23 15:30:00+00:00,52.00019836425781,52.52000045776367,51.849998474121094,52.500099182128906,2660192
2024-05-23 16:30:00+00:00,52.5,53.25,52.369998931884766,53.23509979248047,2082659
2024-05-23 17:30:00+00:00,53.2400016784668,53.560001373291016,51.15999984741211,51.43000030517578,4844619
2024-05-23 18:30:00+00:00,51.439998626708984,51.7400016784668,49.65010070800781,50.13990020751953,4044420
2024-05-23 19:30:00+00:00,50.154998779296875,51.630001068115234,50.154998779296875,51.2400016784668,2127546
2024-05-24 13:30:00+00:00,51.93000030517578,52.11000061035156,50.459999084472656,51.400001525878906,5456990
2024-05-24 14:30:00+00:00,51.41999816894531,52.409000396728516,51.310001373291016,52.08000183105469,1942170
2024-05-24 15:30:00+00:00,52.109901428222656,52.279998779296875,51.47999954223633,51.97999954223633,1014590
2024-05-24 16:30:00+00:00,51.980098724365234,52.40999984741211,51.939998626708984,52.209999084472656,916342
2024-05-24 17:30:00+00:00,52.20000076293945,53.189998626708984,52.189998626708984,52.93000030517578,1532191
2024-05-24 18:30:00+00:00,52.93000030517578,53.559898376464844,52.5099983215332,53.359500885009766,1490009
2024-05-24 19:30:00+00:00,53.33000183105469,53.839900970458984,53.18009948730469,53.839900970458984,1225827
2024-05-28 13:30:00+00:00,57.70000076293945,59.56999969482422,57.29999923706055,58.809898376464844,10672662
2024-05-28 14:30:00+00:00,58.80500030517578,59.82870101928711,58.76499938964844,59.580501556396484,3196964
2024-05-28 15:30:00+00:00,59.59000015258789,60.720001220703125,59.400001525878906,60.040000915527344,2754244
2024-05-28 16:30:00+00:00,60.040000915527344,61.86000061035156,60.029998779296875,61.809898376464844,2848738
2024-05-28 17:30:00+00:00,61.839900970458984,62.375,60.60100173950195,60.90999984741211,3425080
2024-05-28 18:30:00+00:00,60.88249969482422,61.71500015258789,59.83000183105469,61.28010177612305,3111383
2024-05-28 19:30:00+00:00,61.31010055541992,61.88999938964844,60.369998931884766,61.41999816894531,1654140
2024-05-29 13:30:00+00:00,60.34000015258789,61.36909866333008,58.119998931884766,61.060001373291016,10815315
2024-05-29 14:30:00+00:00,61.09000015258789,62.33000183105469,60.790000915527344,61.060001373291016,3560731
2024-05-29 15:30:00+00:00,61.02989959716797,61.7599983215332,60.68000030517578,61.68000030517578,1603390
2024-05-29 16:30:00+00:00,61.666099548339844,62.41999816894531,61.58000183105469,62.07500076293945,1642776
2024-05-29 17:30:00+00:00,62.060001373291016,63.01890182495117,61.560001373291016,62.404998779296875,2255488
2024-05-29 18:30:00+00:00,62.400001525878906,62.859901428222656,62.119998931884766,62.66999816894531,1487967
2024-05-29 19:30:00+00:00,62.630001068115234,62.880001068115234,61.650001525878906,62.20009994506836,1655901
2024-05-30 13:30:00+00:00,62.04999923706055,63.32270050048828,61.43000030517578,61.68009948730469,5791382
2024-05-30 14:30:00+00:00,61.6599006652832,61.880001068115234,59.869998931884766,60.54999923706055,4314394
2024-05-30 15:30:00+00:00,60.52000045776367,61.630001068115234,60.4900016784668,61.224998474121094,1736193
2024-05-30 16:30:00+00:00,61.2599983215332,61.4286003112793,60.755001068115234,61.30500030517578,819280
2024-05-30 17:30:00+00:00,61.29240036010742,61.560001373291016,60.58000183105469,60.899898529052734,861109
2024-05-30 18:30:00+00:00,60.90999984741211,61.060001373291016,58.29999923706055,59.09000015258789,3407713
2024-05-30 19:30:00+00:00,59.130001068115234,59.29999923706055,56.68000030517578,57.529998779296875,6305130
2024-05-31 13:30:00+00:00,59.70000076293945,59.84000015258789,55.970001220703125,56.5099983215332,8699620
2024-05-31 14:30:00+00:00,56.459999084472656,57.119998931884766,55.2400016784668,56.13999938964844,4661379
2024-05-31 15:30:00+00:00,56.099998474121094,56.290000915527344,53.849998474121094,54.13999938964844,4776428
2024-05-31 16:30:00+00:00,54.11000061035156,55.9900016784668,54.11000061035156,55.88999938964844,2771260
2024-05-31 17:30:00+00:00,55.890098571777344,56.0,54.890098571777344,55.15999984741211,1573415
2024-05-31 18:30:00+00:00,55.18000030517578,56.279998779296875,55.060298919677734,55.970001220703125,1271500
2024-05-31 19:30:00+00:00,55.959999084472656,57.38990020751953,55.939998626708984,56.689998626708984,2469648
2024-06-03 13:30:00+00:00,60.790000915527344,61.529998779296875,60.08000183105469,61.26940155029297,8192997
2024-06-03 14:30:00+00:00,61.27000045776367,61.279998779296875,59.09000015258789,60.20000076293945,3630337
2024-06-03 15:30:00+00:00,60.16999816894531,61.279998779296875,59.8125,60.310298919677734,2425313
2024-06-03 16:30:00+00:00,60.29999923706055,60.755001068115234,59.61539840698242,60.72999954223633,1711753
2024-06-03 17:30:00+00:00,60.72999954223633,61.220001220703125,60.5099983215332,60.72990036010742,1550280
2024-06-03 18:30:00+00:00,60.709999084472656,61.75,60.470001220703125,61.63999938964844,1692309
2024-06-03 19:30:00+00:00,61.68000030517578,62.18939971923828,61.2599983215332,62.18000030517578,2218641
2024-06-04 13:30:00+00:00,62.880001068115234,63.31999969482422,61.150001525878906,61.7400016784668,6677689
2024-06-04 14:30:00+00:00,61.72999954223633,62.380001068115234,61.31999969482422,61.439998626708984,2597550
2024-06-04 15:30:00+00:00,61.41999816894531,62.040000915527344,61.130001068115234,62.0,1699216
2024-06-04 16:30:00+00:00,61.97999954223633,62.689998626708984,61.79999923706055,62.22999954223633,1416800
2024-06-04 17:30:00+00:00,62.255001068115234,63.099998474121094,61.86029815673828,63.08000183105469,1351413
2024-06-04 18:30:00+00:00,63.089900970458984,63.86000061035156,62.755001068115234,63.32500076293945,2691192
2024-06-04 19:30:00+00:00,63.29999923706055,63.779998779296875,62.7400016784668,63.68000030517578,1722044
2024-06-05 13:30:00+00:00,65.81999969482422,67.37349700927734,64.8301010131836,67.25,7888165
2024-06-05 14:30:00+00:00,67.26000213623047,67.58000183105469,67.05000305175781,67.34010314941406,2738816
2024-06-05 15:30:00+00:00,67.3499984741211,67.62999725341797,67.2300033569336,67.44999694824219,1523337
2024-06-05 16:30:00+00:00,67.44499969482422,68.87000274658203,67.36000061035156,68.49490356445312,3028977
2024-06-05 17:30:00+00:00,68.5198974609375,69.27999877929688,68.50370025634766,69.27559661865234,2316940
2024-06-05 18:30:00+00:00,69.25499725341797,70.0999984741211,69.12000274658203,69.5199966430664,2491666
2024-06-05 19:30:00+00:00,69.51020050048828,70.20999908447266,69.30000305175781,70.20999908447266,1821237
2024-06-06 13:30:00+00:00,72.01000213623047,73.79000091552734,65.55000305175781,68.62999725341797,21096664
2024-06-06 14:30:00+00:00,68.68000030517578,70.0999984741211,67.5,67.88999938964844,4973718
2024-06-06 15:30:00+00:00,67.94000244140625,68.4000015258789,66.68000030517578,67.05999755859375,3546994
2024-06-06 16:30:00+00:00,67.05000305175781,67.80000305175781,65.54000091552734,67.15619659423828,4342036
2024-06-06 17:30:00+00:00,67.16000366210938,67.81999969482422,66.47000122070312,66.94000244140625,1767213
2024-06-06 18:30:00+00:00,66.93000030517578,67.94999694824219,66.80999755859375,67.58499908447266,1894675
2024-06-06 19:30:00+00:00,67.56999969482422,68.98660278320312,67.4800033569336,68.48999786376953,1602061
2024-06-07 13:30:00+00:00,66.9800033569336,67.13999938964844,65.0999984741211,66.04000091552734,8044221
2024-06-07 14:30:00+00:00,66.01000213623047,66.7300033569336,65.9000015258789,66.23999786376953,2054559
2024-06-07 15:30:00+00:00,66.24569702148438,68.2300033569336,66.22319793701172,68.22000122070312,2086288
2024-06-07 16:30:00+00:00,68.21990203857422,69.23999786376953,67.58000183105469,68.47989654541016,2540411
2024-06-07 17:30:00+00:00,68.45500183105469,69.01000213623047,66.73500061035156,67.59760284423828,2075984
2024-06-07 18:30:00+00:00,67.54000091552734,68.44999694824219,67.30000305175781,68.07990264892578,1615200
2024-06-07 19:30:00+00:00,68.05999755859375,68.7699966430664,67.92130279541016,68.30000305175781,1821095
2024-06-10 13:30:00+00:00,67.77999877929688,68.71589660644531,64.0,67.25,6900268
2024-06-10 14:30:00+00:00,67.19999694824219,70.0999984741211,66.83999633789062,69.91000366210938,3811218
2024-06-10 15:30:00+00:00,69.94999694824219,70.4000015258789,69.16510009765625,69.8499984741211,1800884
2024-06-10 16:30:00+00:00,69.8499984741211,70.80000305175781,69.47000122070312,69.69999694824219,1810645
2024-06-10 17:30:00+00:00,69.69000244140625,70.44999694824219,68.56999969482422,68.68000030517578,1706688
2024-06-10 18:30:00+00:00,68.5999984741211,70.11000061035156,67.95500183105469,70.01499938964844,1811889
2024-06-10 19:30:00+00:00,69.95999908447266,70.01000213623047,69.01000213623047,69.25,911309
2024-06-11 13:30:00+00:00,69.33000183105469,70.51480102539062,68.07029724121094,68.47000122070312,4475164
2024-06-11 14:30:00+00:00,68.59819793701172,68.87999725341797,67.31999969482422,68.0553970336914,2075479
2024-06-11 15:30:00+00:00,68.03250122070312,68.1500015258789,65.9000015258789,67.98500061035156,2628067
2024-06-11 16:30:00+00:00,67.98500061035156,68.25990295410156,67.12000274658203,67.61000061035156,843568
2024-06-11 17:30:00+00:00,67.64759826660156,68.36000061035156,67.36000061035156,68.3499984741211,704399
2024-06-11 18:30:00+00:00,68.37999725341797,68.76000213623047,67.61000061035156,67.72000122070312,749193
2024-06-11 19:30:00+00:00,67.68000030517578,68.37999725341797,67.62000274658203,68.3550033569336,808963
2024-06-12 13:30:00+00:00,70.76000213623047,75.0,70.2300033569336,75.0,11802802
2024-06-12 14:30:00+00:00,75.0,75.04000091552734,72.69000244140625,73.55999755859375,5083845
2024-06-12 15:30:00+00:00,73.51000213623047,73.97000122070312,73.07009887695312,73.55999755859375,1455553
2024-06-12 16:30:00+00:00,73.55999755859375,74.33999633789062,73.45999908447266,73.93000030517578,1225225
2024-06-12 17:30:00+00:00,73.93000030517578,74.16000366210938,72.32080078125,73.66000366210938,2044563
2024-06-12 18:30:00+00:00,73.68000030517578,74.19999694824219,72.04000091552734,72.30000305175781,1959829
2024-06-12 19:30:00+00:00,72.35009765625,73.73979949951172,72.0009994506836,73.02999877929688,1218234
2024-06-13 13:30:00+00:00,78.02999877929688,78.36000061035156,75.66010284423828,76.69989776611328,8149970
2024-06-13 14:30:00+00:00,76.69000244140625,77.62840270996094,75.91000366210938,76.36000061035156,2101881
2024-06-13 15:30:00+00:00,76.37000274658203,77.55000305175781,76.05999755859375,76.0999984741211,1686716
2024-06-13 16:30:00+00:00,76.0999984741211,77.02999877929688,75.42500305175781,76.80999755859375,1487155
2024-06-13 17:30:00+00:00,76.86499786376953,77.48819732666016,76.41000366210938,77.3499984741211,892988
2024-06-13 18:30:00+00:00,77.30000305175781,78.30000305175781,77.26499938964844,77.66000366210938,1707055
2024-06-13 19:30:00+00:00,77.6449966430664,78.43000030517578,77.41000366210938,77.94000244140625,1329104
2024-06-14 13:30:00+00:00,78.30999755859375,81.87000274658203,76.5999984741211,81.76000213623047,8915317
2024-06-14 14:30:00+00:00,81.76000213623047,81.9800033569336,79.1500015258789,79.41999816894531,3909821
2024-06-14 15:30:00+00:00,79.4000015258789,80.2500991821289,77.66010284423828,79.40440368652344,3236879
2024-06-14 16:30:00+00:00,79.41909790039062,81.22000122070312,79.19999694824219,81.02999877929688,2084586
2024-06-14 17:30:00+00:00,81.01000213623047,81.69999694824219,80.47000122070312,80.80999755859375,1779172
2024-06-14 18:30:00+00:00,80.79000091552734,81.11000061035156,80.23999786376953,80.79989624023438,1543818
2024-06-14 19:30:00+00:00,80.73999786376953,81.05000305175781,80.5,80.95999908447266,1273372
2024-06-17 13:30:00+00:00,82.2300033569336,83.05000305175781,78.0,78.88639831542969,9776085
2024-06-17 14:30:00+00:00,78.95899963378906,80.30000305175781,78.76000213623047,80.0199966430664,2907541
2024-06-17 15:30:00+00:00,80.05000305175781,80.98999786376953,79.09709930419922,80.9749984741211,1855399
2024-06-17 16:30:00+00:00,80.97000122070312,81.54989624023438,80.56999969482422,80.91999816894531,1973802
2024-06-17 17:30:00+00:00,80.93000030517578,81.5999984741211,80.80999755859375,81.04750061035156,1446017
2024-06-17 18:30:00+00:00,81.0999984741211,81.64990234375,81.0199966430664,81.2947006225586,1442623
2024-06-17 19:30:00+00:00,81.25,81.48999786376953,79.73999786376953,79.9000015258789,1612728
2024-06-18 13:30:00+00:00,79.77999877929688,82.92900085449219,79.33000183105469,82.16999816894531,6081519
2024-06-18 14:30:00+00:00,82.19999694824219,82.69999694824219,81.68000030517578,82.62000274658203,2055745
2024-06-18 15:30:00+00:00,82.62000274658203,84.27999877929688,82.45999908447266,83.8499984741211,3084722
2024-06-18 16:30:00+00:00,83.83499908447266,85.41000366210938,83.62999725341797,85.33000183105469,2067135
2024-06-18 17:30:00+00:00,85.32009887695312,86.12909698486328,84.5999984741211,85.61000061035156,2306056
2024-06-18 18:30:00+00:00,85.58999633789062,85.98999786376953,84.98500061035156,85.41999816894531,1560259
2024-06-18 19:30:00+00:00,85.38999938964844,85.73999786376953,84.5999984741211,85.2300033569336,1330599
2024-06-20 13:30:00+00:00,90.62000274658203,91.69999694824219,85.91999816894531,88.46009826660156,12608606
2024-06-20 14:30:00+00:00,88.4000015258789,90.16000366210938,88.13999938964844,89.48500061035156,3500473
2024-06-20 15:30:00+00:00,89.48999786376953,89.51000213623047,83.37000274658203,83.37999725341797,4282140
2024-06-20 16:30:00+00:00,83.37000274658203,83.88999938964844,78.91000366210938,79.76499938964844,7465301
2024-06-20 17:30:00+00:00,79.8467025756836,82.37999725341797,77.62999725341797,82.18000030517578,4532838
2024-06-20 18:30:00+00:00,82.16999816894531,82.37439727783203,78.0,79.81999969482422,2601746
2024-06-20 19:30:00+00:00,79.83000183105469,81.21499633789062,78.95999908447266,79.13999938964844,1873764
2024-06-21 13:30:00+00:00,74.41999816894531,76.63999938964844,71.21009826660156,72.9198989868164,11105065
2024-06-21 14:30:00+00:00,72.86000061035156,76.80000305175781,72.23999786376953,76.05560302734375,3783448
2024-06-21 15:30:00+00:00,76.1500015258789,78.89399719238281,75.19999694824219,77.0199966430664,3434515
2024-06-21 16:30:00+00:00,77.02999877929688,77.75050354003906,73.83999633789062,74.3550033569336,3085379
2024-06-21 17:30:00+00:00,74.2699966430664,74.56999969482422,73.32479858398438,74.0999984741211,1796571
2024-06-21 18:30:00+00:00,74.03700256347656,74.6843032836914,73.45459747314453,74.14569854736328,1396724
2024-06-21 19:30:00+00:00,74.19999694824219,74.44999694824219,72.18000030517578,74.44999694824219,2102499
2024-06-24 13:30:00+00:00,70.0199966430664,71.4000015258789,67.16000366210938,67.29000091552734,9442224
2024-06-24 14:30:00+00:00,67.24099731445312,68.44999694824219,64.30999755859375,66.01010131835938,7529790
2024-06-24 15:30:00+00:00,66.08000183105469,67.58999633789062,65.60009765625,67.12999725341797,2562587
2024-06-24 16:30:00+00:00,67.1050033569336,67.7699966430664,65.12000274658203,65.48580169677734,1860071
2024-06-24 17:30:00+00:00,65.44999694824219,66.16000366210938,64.5199966430664,64.69000244140625,1875940
2024-06-24 18:30:00+00:00,64.69010162353516,67.0,64.36000061035156,66.68939971923828,2389203
2024-06-24 19:30:00+00:00,66.63099670410156,67.2699966430664,64.0,64.08999633789062,2324953
2024-06-25 13:30:00+00:00,67.33000183105469,68.9000015258789,65.3499984741211,68.2300033569336,10546832
2024-06-25 14:30:00+00:00,68.26000213623047,70.80000305175781,67.62999725341797,70.51000213623047,3490680
2024-06-25 15:30:00+00:00,70.54000091552734,72.1500015258789,70.35769653320312,71.01000213623047,3234008
2024-06-25 16:30:00+00:00,71.0,71.81189727783203,69.37000274658203,70.80000305175781,2202839
2024-06-25 17:30:00+00:00,70.80999755859375,71.68000030517578,70.38200378417969,71.63150024414062,1117649
2024-06-25 18:30:00+00:00,71.63999938964844,72.9800033569336,71.12750244140625,72.94999694824219,1643091
2024-06-25 19:30:00+00:00,72.94999694824219,73.13999938964844,72.19000244140625,72.8499984741211,2489996
2024-06-26 13:30:00+00:00,72.8499984741211,74.95999908447266,70.70999908447266,71.55999755859375,10155914
2024-06-26 14:30:00+00:00,71.51000213623047,72.36000061035156,68.6500015258789,69.5999984741211,4397914
2024-06-26 15:30:00+00:00,69.51000213623047,71.38999938964844,69.04000091552734,70.78620147705078,2652810
2024-06-26 16:30:00+00:00,70.7802963256836,71.2699966430664,69.26000213623047,70.12999725341797,1981755
2024-06-26 17:30:00+00:00,70.06999969482422,70.43000030517578,69.45500183105469,69.77999877929688,1122199
2024-06-26 18:30:00+00:00,69.70999908447266,70.75,68.9800033569336,70.72000122070312,1608872
2024-06-26 19:30:00+00:00,70.69999694824219,73.06999969482422,70.5199966430664,72.95999908447266,1961162
2024-06-27 13:30:00+00:00,70.35240173339844,72.88410186767578,69.80999755859375,70.84500122070312,5003914
2024-06-27 14:30:00+00:00,70.76000213623047,71.18990325927734,69.3499984741211,69.58689880371094,1808731
2024-06-27 15:30:00+00:00,69.5199966430664,70.32530212402344,68.91999816894531,70.27999877929688,1618764
2024-06-27 16:30:00+00:00,70.28500366210938,71.0,70.16500091552734,70.74500274658203,784300
2024-06-27 17:30:00+00:00,70.80989837646484,71.31999969482422,70.33000183105469,70.72000122070312,713613
2024-06-27 18:30:00+00:00,70.72209930419922,71.19999694824219,70.01000213623047,70.51000213623047,771780
2024-06-27 19:30:00+00:00,70.45999908447266,70.5250015258789,68.9000015258789,70.1500015258789,1173597
2024-06-28 13:30:00+00:00,70.80000305175781,74.30989837646484,69.5,73.30000305175781,6495602
2024-06-28 14:30:00+00:00,73.2699966430664,73.73999786376953,71.40709686279297,72.3550033569336,3117448
2024-06-28 15:30:00+00:00,72.31500244140625,72.93000030517578,70.47000122070312,70.90560150146484,1968455
2024-06-28 16:30:00+00:00,70.94000244140625,71.05799865722656,68.88999938964844,70.25499725341797,2302522
2024-06-28 17:30:00+00:00,70.25,70.80000305175781,69.9000015258789,70.08999633789062,1408079
2024-06-28 18:30:00+00:00,70.0719985961914,70.58000183105469,70.0,70.01010131835938,746427
2024-06-28 19:30:00+00:00,70.0,70.8499984741211,68.76000213623047,69.56500244140625,1702112
2024-07-01 13:30:00+00:00,69.25,69.80999755859375,64.2500991821289,67.62000274658203,8538767
2024-07-01 14:30:00+00:00,67.66999816894531,70.34989929199219,67.08000183105469,70.19999694824219,2744103
2024-07-01 15:30:00+00:00,70.0999984741211,71.0,68.7699966430664,70.44999694824219,1756027
2024-07-01 16:30:00+00:00,70.43990325927734,70.5,68.77999877929688,69.75299835205078,1002573
2024-07-01 17:30:00+00:00,69.69000244140625,70.61990356445312,69.12000274658203,70.08000183105469,901290
2024-07-01 18:30:00+00:00,70.08000183105469,70.87989807128906,69.83999633789062,70.42990112304688,768133
2024-07-01 19:30:00+00:00,70.36000061035156,70.63999938964844,69.57350158691406,70.37000274658203,933554
2024-07-02 13:30:00+00:00,67.0,69.36000061035156,66.79000091552734,67.24240112304688,5249403
2024-07-02 14:30:00+00:00,67.23999786376953,68.0,66.9000015258789,67.5,2315018
2024-07-02 15:30:00+00:00,67.52999877929688,68.5,67.30999755859375,68.49009704589844,1510126
2024-07-02 16:30:00+00:00,68.48999786376953,69.33000183105469,68.33999633789062,68.9000015258789,1636727
2024-07-02 17:30:00+00:00,68.96099853515625,68.96099853515625,68.18000030517578,68.60009765625,758397
2024-07-02 18:30:00+00:00,68.6260986328125,68.79989624023438,67.94999694824219,68.12999725341797,1113652
2024-07-02 19:30:00+00:00,68.11000061035156,68.51000213623047,67.5199966430664,68.48999786376953,1287102
2024-07-03 13:30:00+00:00,67.3499984741211,68.5199966430664,67.06999969482422,67.47000122070312,4578553
2024-07-03 14:30:00+00:00,67.5447006225586,72.31999969482422,67.30000305175781,72.21499633789062,6915035
2024-07-03 15:30:00+00:00,72.22730255126953,74.44000244140625,71.8301010131836,74.4000015258789,4286406
2024-07-05 13:30:00+00:00,73.66999816894531,75.30999755859375,71.6500015258789,73.25409698486328,7359989
2024-07-05 14:30:00+00:00,73.30999755859375,73.76000213623047,72.25,73.125,1920159
2024-07-05 15:30:00+00:00,73.11000061035156,74.87000274658203,72.87999725341797,74.4030990600586,1885864
2024-07-05 16:30:00+00:00,74.36000061035156,74.5,73.0,73.64009857177734,1457581
2024-07-05 17:30:00+00:00,73.67060089111328,73.98999786376953,73.05010223388672,73.08419799804688,768420
2024-07-05 18:30:00+00:00,73.05000305175781,73.42990112304688,72.7699966430664,73.19000244140625,837829
2024-07-05 19:30:00+00:00,73.11270141601562,73.2699966430664,71.75,71.80400085449219,1473900
2024-07-08 13:30:00+00:00,73.68000030517578,77.41999816894531,73.13999938964844,75.47000122070312,9181846
2024-07-08 14:30:00+00:00,75.36000061035156,75.76609802246094,73.26000213623047,75.05999755859375,3001282
2024-07-08 15:30:00+00:00,75.05000305175781,75.61730194091797,74.3499984741211,74.69999694824219,1572624
2024-07-08 16:30:00+00:00,74.66000366210938,75.11000061035156,73.8499984741211,75.0999984741211,1199726
2024-07-08 17:30:00+00:00,75.11090087890625,75.61859893798828,74.84130096435547,75.42620086669922,1140692
2024-07-08 18:30:00+00:00,75.4000015258789,75.4000015258789,73.91000366210938,74.05000305175781,1108137
2024-07-08 19:30:00+00:00,74.05999755859375,74.66999816894531,73.87999725341797,74.38999938964844,1274808
2024-07-09 13:30:00+00:00,77.5,80.9800033569336,77.30999755859375,78.81500244140625,9914199
2024-07-09 14:30:00+00:00,78.79499816894531,80.2699966430664,78.13999938964844,78.33999633789062,3591964
2024-07-09 15:30:00+00:00,78.3949966430664,78.58000183105469,77.5999984741211,77.87999725341797,1735694
2024-07-09 16:30:00+00:00,77.88999938964844,78.03949737548828,75.0,76.3364028930664,3367839
2024-07-09 17:30:00+00:00,76.30999755859375,77.01210021972656,76.30180358886719,76.72000122070312,1368453
2024-07-09 18:30:00+00:00,76.76499938964844,78.1498031616211,76.56999969482422,77.39990234375,1488510
2024-07-09 19:30:00+00:00,77.37000274658203,78.3499984741211,77.23999786376953,78.19999694824219,916432
2024-07-10 13:30:00+00:00,80.54329681396484,81.63999938964844,79.38999938964844,81.37999725341797,7911205
2024-07-10 14:30:00+00:00,81.33999633789062,82.11000061035156,80.4000015258789,81.4000015258789,3132422
2024-07-10 15:30:00+00:00,81.36949920654297,82.1697006225586,81.16999816894531,82.0708999633789,1453249
2024-07-10 16:30:00+00:00,82.05500030517578,82.45999908447266,81.36000061035156,81.98999786376953,1601586
2024-07-10 17:30:00+00:00,82.0199966430664,82.28990173339844,81.61499786376953,81.72000122070312,733186
2024-07-10 18:30:00+00:00,81.69999694824219,82.0792007446289,81.05000305175781,82.05999755859375,1162789
2024-07-10 19:30:00+00:00,82.0,82.55000305175781,81.56999969482422,82.27999877929688,1324489
2024-07-11 13:30:00+00:00,83.6500015258789,83.80999755859375,76.59010314941406,78.5199966430664,10755577
2024-07-11 14:30:00+00:00,78.48999786376953,79.33989715576172,74.04000091552734,74.05989837646484,6963131
2024-07-11 15:30:00+00:00,74.02999877929688,76.65989685058594,73.37999725341797,76.22000122070312,5439629
2024-07-11 16:30:00+00:00,76.22000122070312,76.2698974609375,73.86009979248047,74.88500213623047,2801335
2024-07-11 17:30:00+00:00,74.87999725341797,74.94999694824219,72.68000030517578,74.04000091552734,2839050
2024-07-11 18:30:00+00:00,74.04000091552734,75.9000015258789,73.9000015258789,74.00350189208984,2150102
2024-07-11 19:30:00+00:00,73.9800033569336,75.29000091552734,72.9000015258789,73.08999633789062,1559815
2024-07-12 13:30:00+00:00,74.0,76.38990020751953,72.80000305175781,74.88870239257812,7381932
2024-07-12 14:30:00+00:00,75.0,77.21990203857422,74.54010009765625,76.73999786376953,3426315
2024-07-12 15:30:00+00:00,76.77999877929688,76.87999725341797,75.26000213623047,75.9749984741211,1425664
2024-07-12 16:30:00+00:00,76.03990173339844,77.08999633789062,75.87000274658203,77.05999755859375,842372
2024-07-12 17:30:00+00:00,77.05999755859375,77.72000122070312,76.91000366210938,77.66190338134766,1282931
2024-07-12 18:30:00+00:00,77.68990325927734,78.22799682617188,76.80000305175781,77.2300033569336,1345874
2024-07-12 19:30:00+00:00,77.18000030517578,77.18000030517578,74.7300033569336,75.20999908447266,1655441
2024-07-15 13:30:00+00:00,77.0,77.58000183105469,73.75,75.13999938964844,5460713
2024-07-15 14:30:00+00:00,75.0999984741211,76.80999755859375,75.04000091552734,75.97000122070312,1711283
2024-07-15 15:30:00+00:00,75.6500015258789,75.9363021850586,72.81999969482422,74.05000305175781,2818875
2024-07-15 16:30:00+00:00,74.05000305175781,74.69000244140625,73.41999816894531,73.80000305175781,1140121
2024-07-15 17:30:00+00:00,73.7699966430664,73.91000366210938,72.95999908447266,73.56999969482422,999931
2024-07-15 18:30:00+00:00,73.54010009765625,74.20999908447266,73.25,73.83000183105469,889672
2024-07-15 19:30:00+00:00,73.87000274658203,74.22000122070312,72.7300033569336,74.18000030517578,1336831
2024-07-16 13:30:00+00:00,74.0199966430664,74.80999755859375,69.70999908447266,71.18000030517578,5968249
2024-07-16 14:30:00+00:00,71.16000366210938,72.40499877929688,70.94999694824219,71.9030990600586,2112240
2024-07-16 15:30:00+00:00,71.83999633789062,72.43000030517578,70.4800033569336,70.7499008178711,1349622
2024-07-16 16:30:00+00:00,70.7249984741211,71.71990203857422,70.37000274658203,71.33000183105469,1149294
2024-07-16 17:30:00+00:00,71.29000091552734,71.63999938964844,70.52999877929688,71.0999984741211,951972
2024-07-16 18:30:00+00:00,71.05000305175781,71.9800033569336,70.86380004882812,71.29499816894531,1004849
2024-07-16 19:30:00+00:00,71.27999877929688,72.05000305175781,70.80000305175781,71.70999908447266,920447
2024-07-17 13:30:00+00:00,65.54000091552734,66.61990356445312,62.5,63.46200180053711,12327805
2024-07-17 14:30:00+00:00,63.40999984741211,64.9000015258789,63.380001068115234,64.26499938964844,3301931
2024-07-17 15:30:00+00:00,64.25,64.5,61.63999938964844,62.01499938964844,3007456
2024-07-17 16:30:00+00:00,62.02009963989258,62.779300689697266,60.837501525878906,62.529998779296875,3477255
2024-07-17 17:30:00+00:00,62.5099983215332,63.404998779296875,62.060001373291016,62.77000045776367,1532340
2024-07-17 18:30:00+00:00,62.7599983215332,63.31999969482422,61.79999923706055,63.309200286865234,1651516
2024-07-17 19:30:00+00:00,63.31999969482422,63.5,62.11000061035156,62.209999084472656,1477300
2024-07-18 13:30:00+00:00,66.36000061035156,66.85179901123047,63.10100173950195,64.31500244140625,7719909
2024-07-18 14:30:00+00:00,64.27619934082031,64.27639770507812,60.70000076293945,61.040000915527344,4400059
2024-07-18 15:30:00+00:00,60.97999954223633,63.8765983581543,60.75,63.823699951171875,2633828
2024-07-18 16:30:00+00:00,63.80080032348633,65.76000213623047,63.560001373291016,64.77010345458984,2583716
2024-07-18 17:30:00+00:00,64.78500366210938,65.31999969482422,63.779998779296875,64.66999816894531,1390562
2024-07-18 18:30:00+00:00,64.66999816894531,64.87999725341797,63.220001220703125,64.12999725341797,1462421
2024-07-18 19:30:00+00:00,64.06999969482422,65.87000274658203,63.9900016784668,65.62999725341797,1838721
2024-07-19 13:30:00+00:00,64.529296875,65.9800033569336,63.18000030517578,63.38999938964844,4073419
2024-07-19 14:30:00+00:00,63.380001068115234,64.50499725341797,62.724998474121094,63.50630187988281,2057622
2024-07-19 15:30:00+00:00,63.5,64.18000030517578,62.900001525878906,63.34170150756836,1723263
2024-07-19 16:30:00+00:00,63.31999969482422,63.489898681640625,61.4109992980957,62.11000061035156,2504492
2024-07-19 17:30:00+00:00,62.06999969482422,62.628501892089844,61.70000076293945,62.040000915527344,1346239
2024-07-19 18:30:00+00:00,62.08000183105469,62.970001220703125,61.77009963989258,62.880001068115234,1551552
2024-07-19 19:30:00+00:00,62.900001525878906,62.918701171875,61.810001373291016,62.06999969482422,1800962
2024-07-22 13:30:00+00:00,64.70999908447266,67.59629821777344,64.05500030517578,67.12010192871094,8384036
2024-07-22 14:30:00+00:00,67.12999725341797,67.4800033569336,64.8499984741211,65.02999877929688,2927326
2024-07-22 15:30:00+00:00,64.94000244140625,66.16000366210938,64.55000305175781,66.05000305175781,1629232
2024-07-22 16:30:00+00:00,66.01000213623047,67.25,65.77030181884766,67.08740234375,1531256
2024-07-22 17:30:00+00:00,67.12000274658203,68.43000030517578,66.9000015258789,67.84500122070312,2305461
2024-07-22 18:30:00+00:00,67.8499984741211,68.08000183105469,66.92500305175781,67.18000030517578,1855487
2024-07-22 19:30:00+00:00,67.18000030517578,68.06999969482422,67.01499938964844,68.06999969482422,1523018
2024-07-23 13:30:00+00:00,67.18000030517578,69.0999984741211,66.93000030517578,68.02999877929688,4399219
2024-07-23 14:30:00+00:00,68.12000274658203,68.80000305175781,67.16000366210938,68.4000015258789,2039494
2024-07-23 15:30:00+00:00,68.35990142822266,68.47000122070312,67.4000015258789,67.5199966430664,1130203
2024-07-23 16:30:00+00:00,67.49500274658203,67.83000183105469,66.63999938964844,67.12000274658203,930229
2024-07-23 17:30:00+00:00,67.06069946289062,67.33499908447266,66.2699966430664,66.44999694824219,607180
2024-07-23 18:30:00+00:00,66.50499725341797,67.29000091552734,66.41280364990234,67.1500015258789,741760
2024-07-23 19:30:00+00:00,67.1449966430664,67.2300033569336,66.42500305175781,66.68000030517578,909525
2024-07-24 13:30:00+00:00,62.900001525878906,63.849998474121094,61.13999938964844,62.36989974975586,5847714
2024-07-24 14:30:00+00:00,62.36000061035156,62.71500015258789,61.29999923706055,61.78960037231445,2388816
2024-07-24 15:30:00+00:00,61.7599983215332,61.900001525878906,59.15010070800781,59.500099182128906,3794428
2024-07-24 16:30:00+00:00,59.5099983215332,60.9900016784668,59.26499938964844,60.54999923706055,1746916
2024-07-24 17:30:00+00:00,60.4900016784668,61.029998779296875,59.380001068115234,59.47990036010742,1684230
2024-07-24 18:30:00+00:00,59.459999084472656,59.70000076293945,57.31999969482422,57.43009948730469,3630825
2024-07-24 19:30:00+00:00,57.47999954223633,59.31999969482422,57.0,57.81999969482422,2649079
2024-07-25 13:30:00+00:00,56.5099983215332,57.29999923706055,49.650001525878906,54.75,15482557
2024-07-25 14:30:00+00:00,54.744998931884766,59.130001068115234,53.95000076293945,58.060001373291016,8388087
2024-07-25 15:30:00+00:00,58.025901794433594,59.66999816894531,56.36000061035156,59.439998626708984,3713071
2024-07-25 16:30:00+00:00,59.4900016784668,60.0,57.78010177612305,58.22779846191406,2739836
2024-07-25 17:30:00+00:00,58.220001220703125,59.209999084472656,57.5,58.19499969482422,1760162
2024-07-25 18:30:00+00:00,58.18000030517578,58.625,57.0,58.18000030517578,1969377
2024-07-25 19:30:00+00:00,58.150001525878906,58.38999938964844,55.51110076904297,55.689998626708984,1506178
2024-07-26 13:30:00+00:00,58.88999938964844,59.17210006713867,56.40010070800781,57.099998474121094,6285370
2024-07-26 14:30:00+00:00,57.13999938964844,57.189998626708984,55.34000015258789,55.9452018737793,2372411
2024-07-26 15:30:00+00:00,55.96500015258789,57.43000030517578,55.95000076293945,57.12929916381836,1647507
2024-07-26 16:30:00+00:00,57.13999938964844,57.79999923706055,57.05009841918945,57.54029846191406,1071799
2024-07-26 17:30:00+00:00,57.560001373291016,57.72890090942383,56.0,56.439998626708984,1534934
2024-07-26 18:30:00+00:00,56.41999816894531,56.739898681640625,54.890098571777344,56.150001525878906,1741899
2024-07-26 19:30:00+00:00,56.130001068115234,56.43000030517578,55.390098571777344,56.38999938964844,920043
2024-07-29 13:30:00+00:00,56.84000015258789,59.5,56.599998474121094,58.189998626708984,5566033
2024-07-29 14:30:00+00:00,58.185001373291016,58.2599983215332,55.05379867553711,55.810001373291016,3108390
2024-07-29 15:30:00+00:00,55.810001373291016,56.79999923706055,54.709999084472656,56.1599006652832,1957855
2024-07-29 16:30:00+00:00,56.17499923706055,56.95000076293945,55.38999938964844,55.38999938964844,990639
2024-07-29 17:30:00+00:00,55.415000915527344,56.11800003051758,55.03499984741211,55.29499816894531,843288
2024-07-29 18:30:00+00:00,55.29999923706055,55.54999923706055,54.61140060424805,55.279998779296875,1133126
2024-07-29 19:30:00+00:00,55.27000045776367,55.45000076293945,54.68000030517578,54.84000015258789,943062
2024-07-30 13:30:00+00:00,54.790000915527344,55.249900817871094,50.63999938964844,50.814998626708984,6573971
2024-07-30 14:30:00+00:00,50.83000183105469,51.20000076293945,47.670101165771484,49.439998626708984,7874809
2024-07-30 15:30:00+00:00,49.45500183105469,49.470001220703125,47.29999923706055,47.9900016784668,4338728
2024-07-30 16:30:00+00:00,47.91999816894531,48.689998626708984,46.0,48.671199798583984,3996287
2024-07-30 17:30:00+00:00,48.669898986816406,49.599998474121094,48.13010025024414,49.244998931884766,2644539
2024-07-30 18:30:00+00:00,49.290000915527344,49.79890060424805,47.65999984741211,47.84989929199219,1690847
2024-07-30 19:30:00+00:00,47.79999923706055,48.04090118408203,46.810001373291016,47.09000015258789,2289562
2024-07-31 13:30:00+00:00,55.369998931884766,58.0,53.56999969482422,56.495399475097656,13224801
2024-07-31 14:30:00+00:00,56.529998779296875,58.11000061035156,56.46989822387695,57.959999084472656,3637760
2024-07-31 15:30:00+00:00,58.0,58.650001525878906,57.709999084472656,57.74829864501953,2432864
2024-07-31 16:30:00+00:00,57.71500015258789,58.25,57.11000061035156,57.77000045776367,2105166
2024-07-31 17:30:00+00:00,57.7400016784668,58.619300842285156,56.66999816894531,58.46500015258789,2130228
2024-07-31 18:30:00+00:00,58.470001220703125,60.349998474121094,58.15999984741211,58.33000183105469,3933080
2024-07-31 19:30:00+00:00,58.31999969482422,59.689998626708984,58.2400016784668,59.2599983215332,1879385
2024-08-01 13:30:00+00:00,59.77000045776367,62.29999923706055,58.380001068115234,58.470001220703125,11935548
2024-08-01 14:30:00+00:00,58.53499984741211,58.849998474121094,55.150001525878906,56.25,6526938
2024-08-01 15:30:00+00:00,56.310001373291016,56.439300537109375,53.72999954223633,54.09989929199219,5135934
2024-08-01 16:30:00+00:00,54.09000015258789,54.19940185546875,50.5,51.07509994506836,4818894
2024-08-01 17:30:00+00:00,51.06999969482422,52.0,48.95000076293945,49.58000183105469,5885072
2024-08-01 18:30:00+00:00,49.56999969482422,50.75,48.81999969482422,50.38999938964844,4487890
2024-08-01 19:30:00+00:00,50.380001068115234,51.5,49.720001220703125,51.46860122680664,3635725
2024-08-02 13:30:00+00:00,46.0,49.59000015258789,43.91999816894531,46.25,16540945
2024-08-02 14:30:00+00:00,46.18000030517578,48.4297981262207,44.905399322509766,48.16999816894531,5326767
2024-08-02 15:30:00+00:00,48.119998931884766,50.709999084472656,47.91999816894531,49.349998474121094,6407735
2024-08-02 16:30:00+00:00,49.34000015258789,49.39899826049805,47.0099983215332,47.08000183105469,2442043
2024-08-02 17:30:00+00:00,47.061798095703125,48.5,46.83000183105469,48.25,2237057
2024-08-02 18:30:00+00:00,48.2400016784668,48.56999969482422,47.41999816894531,48.20000076293945,2090433
2024-08-02 19:30:00+00:00,48.20000076293945,49.410099029541016,47.83000183105469,49.380001068115234,1943170
2024-08-05 13:30:00+00:00,35.2588005065918,44.86000061035156,34.25,41.68000030517578,27536530
2024-08-05 14:30:00+00:00,41.689998626708984,44.68000030517578,41.40010070800781,43.29999923706055,7289121
2024-08-05 15:30:00+00:00,43.20000076293945,45.80799865722656,42.91999816894531,45.560001373291016,4428260
2024-08-05 16:30:00+00:00,45.56990051269531,45.56999969482422,42.709999084472656,43.439998626708984,3371783
2024-08-05 17:30:00+00:00,43.439998626708984,44.609901428222656,42.68000030517578,43.22999954223633,1973310
2024-08-05 18:30:00+00:00,43.18000030517578,43.65999984741211,41.38999938964844,42.68000030517578,3122814
2024-08-05 19:30:00+00:00,42.669898986816406,43.290000915527344,41.630001068115234,43.279998779296875,1738463
2024-08-06 13:30:00+00:00,46.0099983215332,46.810001373291016,43.189998626708984,45.79499816894531,11824747
2024-08-06 14:30:00+00:00,45.81999969482422,48.079898834228516,45.43009948730469,46.02000045776367,4988438
2024-08-06 15:30:00+00:00,46.040000915527344,47.82500076293945,46.0,47.380001068115234,2630948
2024-08-06 16:30:00+00:00,47.40999984741211,49.0,47.3047981262207,48.599998474121094,3071627
2024-08-06 17:30:00+00:00,48.6150016784668,49.11000061035156,47.9828987121582,48.7599983215332,1973073
2024-08-06 18:30:00+00:00,48.77579879760742,49.2400016784668,47.22999954223633,47.95000076293945,3090737
2024-08-06 19:30:00+00:00,48.01499938964844,48.3849983215332,46.11000061035156,46.130001068115234,1673091
2024-08-07 13:30:00+00:00,49.52000045776367,50.290000915527344,46.33000183105469,46.74760055541992,11560251
2024-08-07 14:30:00+00:00,46.75,48.05099868774414,46.470001220703125,46.880001068115234,3290884
2024-08-07 15:30:00+00:00,46.89899826049805,47.09000015258789,44.93000030517578,45.88100051879883,3250324
2024-08-07 16:30:00+00:00,45.900001525878906,45.99530029296875,43.900001525878906,44.5,3124853
2024-08-07 17:30:00+00:00,44.47999954223633,44.9900016784668,41.970001220703125,42.86669921875,3706851
2024-08-07 18:30:00+00:00,42.83000183105469,43.7400016784668,41.849998474121094,42.81999969482422,3094080
2024-08-07 19:30:00+00:00,42.790000915527344,42.97990036010742,41.31999969482422,41.560001373291016,1801578
2024-08-08 13:30:00+00:00,44.10499954223633,44.21500015258789,40.33000183105469,44.08769989013672,11565295
2024-08-08 14:30:00+00:00,44.150001525878906,44.91999816894531,43.68009948730469,44.70000076293945,4847464
2024-08-08 15:30:00+00:00,44.75,45.88949966430664,44.52000045776367,45.560001373291016,2747483
2024-08-08 16:30:00+00:00,45.560001373291016,46.27000045776367,44.730098724365234,46.269901275634766,2229666
2024-08-08 17:30:00+00:00,46.27000045776367,47.02750015258789,46.16239929199219,46.44380187988281,2480724
2024-08-08 18:30:00+00:00,46.4900016784668,46.88999938964844,45.7599983215332,45.939998626708984,1786728
2024-08-08 19:30:00+00:00,45.97990036010742,46.816001892089844,45.470001220703125,46.709999084472656,1657862
2024-08-09 13:30:00+00:00,47.099998474121094,47.97800064086914,45.16999816894531,45.84000015258789,9570689
2024-08-09 14:30:00+00:00,45.869998931884766,47.150001525878906,45.54999923706055,46.029998779296875,2548918
2024-08-09 15:30:00+00:00,46.06999969482422,46.350101470947266,45.41999816894531,45.86000061035156,1714121
2024-08-09 16:30:00+00:00,45.849998474121094,47.099998474121094,45.720001220703125,47.099998474121094,1718591
2024-08-09 17:30:00+00:00,47.10240173339844,47.290000915527344,46.2599983215332,46.689998626708984,1392307
2024-08-09 18:30:00+00:00,46.66999816894531,46.84000015258789,45.959999084472656,46.327301025390625,1123522
2024-08-09 19:30:00+00:00,46.31999969482422,46.599998474121094,45.86989974975586,46.32500076293945,1049118
2024-08-12 13:30:00+00:00,47.75,51.880001068115234,47.691001892089844,51.0,11614055
2024-08-12 14:30:00+00:00,51.0099983215332,51.560001373291016,49.71009826660156,50.290000915527344,5559668
2024-08-12 15:30:00+00:00,50.25,50.83000183105469,49.342498779296875,50.8296012878418,3320341
2024-08-12 16:30:00+00:00,50.79999923706055,51.290000915527344,50.06999969482422,50.779998779296875,2608996
2024-08-12 17:30:00+00:00,50.779998779296875,51.09000015258789,50.13999938964844,50.84749984741211,1448525
2024-08-12 18:30:00+00:00,50.84000015258789,51.04999923706055,50.12990188598633,50.36000061035156,1894487
2024-08-12 19:30:00+00:00,50.36000061035156,50.66999816894531,49.79999923706055,50.11000061035156,2264164
2024-08-13 13:30:00+00:00,53.22949981689453,55.20000076293945,52.42060089111328,54.4900016784668,12241577
2024-08-13 14:30:00+00:00,54.5,55.560001373291016,54.02349853515625,55.25,3987400
2024-08-13 15:30:00+00:00,55.25,55.4900016784668,54.52000045776367,55.13999938964844,2740171
2024-08-13 16:30:00+00:00,55.10499954223633,56.219200134277344,54.939998626708984,55.869998931884766,2532054
2024-08-13 17:30:00+00:00,55.88999938964844,56.08409881591797,55.04999923706055,56.0099983215332,2157320
2024-08-13 18:30:00+00:00,56.0099983215332,56.63999938964844,55.709999084472656,56.189998626708984,1689773
2024-08-13 19:30:00+00:00,56.18000030517578,56.689998626708984,55.939998626708984,56.58000183105469,1789627
2024-08-14 13:30:00+00:00,58.880001068115234,59.0,54.58000183105469,56.249900817871094,14885516
2024-08-14 14:30:00+00:00,56.20000076293945,57.779998779296875,55.189998626708984,57.61000061035156,4547808
2024-08-14 15:30:00+00:00,57.599998474121094,58.84000015258789,56.970001220703125,57.540000915527344,3942477
2024-08-14 16:30:00+00:00,57.54999923706055,57.97999954223633,56.65999984741211,57.53990173339844,2115196
2024-08-14 17:30:00+00:00,57.50400161743164,57.849998474121094,56.95500183105469,57.790000915527344,1560022
2024-08-14 18:30:00+00:00,57.744998931884766,58.087799072265625,57.209999084472656,57.52050018310547,1473195
2024-08-14 19:30:00+00:00,57.53499984741211,58.599998474121094,57.25,58.400001525878906,1665461
2024-08-15 13:30:00+00:00,59.119998931884766,61.380001068115234,57.86000061035156,61.209999084472656,10553345
2024-08-15 14:30:00+00:00,61.19499969482422,62.779998779296875,61.0,62.29140090942383,4384304
2024-08-15 15:30:00+00:00,62.31999969482422,62.7599983215332,62.0099983215332,62.72999954223633,2404377
2024-08-15 16:30:00+00:00,62.720001220703125,62.75,62.12990188598633,62.362701416015625,1384315
2024-08-15 17:30:00+00:00,62.31999969482422,63.47999954223633,62.31999969482422,63.189998626708984,1926301
2024-08-15 18:30:00+00:00,63.185001373291016,63.244998931884766,62.36199951171875,62.619998931884766,1680644
2024-08-15 19:30:00+00:00,62.61989974975586,63.20000076293945,62.400001525878906,63.20000076293945,1494913
2024-08-16 13:30:00+00:00,61.56169891357422,65.2699966430664,61.31999969482422,64.77999877929688,10620602
2024-08-16 14:30:00+00:00,64.83000183105469,65.2699966430664,62.529998779296875,63.29399871826172,4255843
2024-08-16 15:30:00+00:00,63.303199768066406,64.33999633789062,63.13639831542969,64.23500061035156,2153159
2024-08-16 16:30:00+00:00,64.23999786376953,64.91000366210938,64.04000091552734,64.81999969482422,1728119
2024-08-16 17:30:00+00:00,64.81680297851562,64.98999786376953,64.2500991821289,64.84500122070312,1507463
2024-08-16 18:30:00+00:00,64.86000061035156,64.92500305175781,64.16999816894531,64.56999969482422,1695140
2024-08-16 19:30:00+00:00,64.58000183105469,64.80000305175781,64.05999755859375,64.79000091552734,1495066
2024-08-19 13:30:00+00:00,64.0999984741211,65.90899658203125,63.61000061035156,65.20989990234375,8781266
2024-08-19 14:30:00+00:00,65.20999908447266,66.82499694824219,65.05999755859375,66.69999694824219,3819340
2024-08-19 15:30:00+00:00,66.66999816894531,67.98500061035156,66.61509704589844,67.34500122070312,3133788
2024-08-19 16:30:00+00:00,67.33000183105469,68.41000366210938,66.76010131835938,68.26679992675781,2445475
2024-08-19 17:30:00+00:00,68.29000091552734,69.68000030517578,68.28140258789062,69.62000274658203,2833436
2024-08-19 18:30:00+00:00,69.60009765625,69.68000030517578,68.93009948730469,69.45999908447266,1851751
2024-08-19 19:30:00+00:00,69.45989990234375,70.4000015258789,69.1500015258789,70.37650299072266,2095604
2024-08-20 13:30:00+00:00,68.61100006103516,70.23999786376953,66.77999877929688,67.4999008178711,10481802
2024-08-20 14:30:00+00:00,67.49929809570312,68.09500122070312,65.91000366210938,67.47000122070312,5097143
2024-08-20 15:30:00+00:00,67.45359802246094,68.68000030517578,67.37999725341797,67.62000274658203,2940435
2024-08-20 16:30:00+00:00,67.58999633789062,67.82499694824219,66.66000366210938,67.64009857177734,1745696
2024-08-20 17:30:00+00:00,67.62000274658203,68.54149627685547,67.37000274658203,68.12999725341797,1637813
2024-08-20 18:30:00+00:00,68.18000030517578,68.83000183105469,67.77200317382812,67.84500122070312,1425886
2024-08-20 19:30:00+00:00,67.8301010131836,68.04000091552734,67.27999877929688,67.43000030517578,1299558
2024-08-21 13:30:00+00:00,67.44000244140625,69.12000274658203,66.94999694824219,68.24400329589844,6700587
2024-08-21 14:30:00+00:00,68.26000213623047,69.5999984741211,67.34500122070312,68.3947982788086,3852063
2024-08-21 15:30:00+00:00,68.43000030517578,68.44999694824219,66.76000213623047,67.84989929199219,2094010
2024-08-21 16:30:00+00:00,67.80000305175781,68.27999877929688,67.58000183105469,67.94999694824219,833542
2024-08-21 17:30:00+00:00,67.98200225830078,69.37999725341797,67.94999694824219,69.3499984741211,1602377
2024-08-21 18:30:00+00:00,69.3499984741211,69.58999633789062,67.83000183105469,68.40899658203125,2025474
2024-08-21 19:30:00+00:00,68.39109802246094,68.83000183105469,67.91999816894531,68.5999984741211,968488
2024-08-22 13:30:00+00:00,70.37999725341797,71.09290313720703,68.40010070800781,69.42250061035156,9400743
2024-08-22 14:30:00+00:00,69.33999633789062,69.33999633789062,67.91999816894531,68.0,2680230
2024-08-22 15:30:00+00:00,67.93000030517578,67.95999908447266,64.33999633789062,66.63999938964844,5806883
2024-08-22 16:30:00+00:00,66.63999938964844,66.98470306396484,65.33999633789062,66.19999694824219,2274834
2024-08-22 17:30:00+00:00,66.19999694824219,66.30000305175781,63.66999816894531,64.80999755859375,3210541
2024-08-22 18:30:00+00:00,64.80999755859375,65.11000061035156,63.189998626708984,63.359901428222656,1951274
2024-08-22 19:30:00+00:00,63.380001068115234,64.04679870605469,62.90999984741211,63.720001220703125,1561100
2024-08-23 13:30:00+00:00,65.7300033569336,69.5,65.06999969482422,69.38999938964844,9853978
2024-08-23 14:30:00+00:00,69.4000015258789,69.5,66.33000183105469,68.63999938964844,4627360
2024-08-23 15:30:00+00:00,68.63999938964844,69.08920288085938,67.05000305175781,67.39990234375,2001149
2024-08-23 16:30:00+00:00,67.4000015258789,68.04000091552734,66.51000213623047,67.92769622802734,1752743
2024-08-23 17:30:00+00:00,67.94999694824219,68.68000030517578,67.83000183105469,68.58499908447266,977504
2024-08-23 18:30:00+00:00,68.5863037109375,68.80000305175781,67.93000030517578,68.75,1297961
2024-08-23 19:30:00+00:00,68.7699966430664,69.19999694824219,68.04010009765625,69.19999694824219,1860658
2024-08-26 13:30:00+00:00,69.62000274658203,71.29000091552734,66.41000366210938,66.56520080566406,11424083
2024-08-26 14:30:00+00:00,66.55500030517578,67.14990234375,64.0,66.8499984741211,5576299
2024-08-26 15:30:00+00:00,66.83000183105469,67.19999694824219,65.6405029296875,66.81990051269531,1619619
2024-08-26 16:30:00+00:00,66.81999969482422,67.33999633789062,65.80999755859375,66.19499969482422,1618502
2024-08-26 17:30:00+00:00,66.19010162353516,66.4000015258789,65.20999908447266,66.32009887695312,1469954
2024-08-26 18:30:00+00:00,66.3301010131836,66.75,66.05000305175781,66.38130187988281,928338
2024-08-26 19:30:00+00:00,66.30000305175781,66.62000274658203,65.80999755859375,66.2300033569336,1212074
2024-08-27 13:30:00+00:00,64.62000274658203,67.31999969482422,63.41999816894531,67.0,8147943
2024-08-27 14:30:00+00:00,66.92990112304688,68.78500366210938,66.7300033569336,67.91000366210938,3852462
2024-08-27 15:30:00+00:00,67.8550033569336,67.95999908447266,67.05010223388672,67.70030212402344,2156268
2024-08-27 16:30:00+00:00,67.72000122070312,68.72000122070312,67.25,68.58450317382812,1618537
2024-08-27 17:30:00+00:00,68.5999984741211,68.9800033569336,67.97000122070312,68.2699966430664,1807542
2024-08-27 18:30:00+00:00,68.2300033569336,68.58989715576172,67.88500213623047,68.23989868164062,1096300
2024-08-27 19:30:00+00:00,68.19999694824219,68.52239990234375,67.94999694824219,68.0250015258789,1183686
2024-08-28 13:30:00+00:00,67.63999938964844,68.0,65.69999694824219,66.9800033569336,6922727
2024-08-28 14:30:00+00:00,66.96499633789062,67.2699966430664,62.070098876953125,63.45000076293945,6573987
2024-08-28 15:30:00+00:00,63.43000030517578,65.41000366210938,63.400001525878906,65.04000091552734,4060408
2024-08-28 16:30:00+00:00,65.02999877929688,65.61000061035156,64.58000183105469,65.22509765625,2058226
2024-08-28 17:30:00+00:00,65.19999694824219,65.43949890136719,63.349998474121094,64.49500274658203,1910682
2024-08-28 18:30:00+00:00,64.45999908447266,65.94989776611328,63.910099029541016,65.78900146484375,2316807
2024-08-28 19:30:00+00:00,65.76000213623047,66.2699966430664,65.06500244140625,65.12999725341797,2827330
2024-08-29 13:30:00+00:00,60.5099983215332,63.89899826049805,58.5,60.07699966430664,17211570
2024-08-29 14:30:00+00:00,60.25,61.93000030517578,59.79999923706055,60.31999969482422,3873250
2024-08-29 15:30:00+00:00,60.310001373291016,61.189998626708984,60.100101470947266,60.599998474121094,1862638
2024-08-29 16:30:00+00:00,60.63990020751953,60.849998474121094,59.52000045776367,59.959999084472656,1753413
2024-08-29 17:30:00+00:00,59.95000076293945,60.470001220703125,58.2599983215332,58.482601165771484,1977848
2024-08-29 18:30:00+00:00,58.459999084472656,58.459999084472656,56.0,57.185001373291016,4413011
2024-08-29 19:30:00+00:00,57.14939880371094,58.29050064086914,56.61000061035156,56.755001068115234,2364453
2024-08-30 13:30:00+00:00,58.440101623535156,60.63999938964844,57.537498474121094,58.27909851074219,7884272
2024-08-30 14:30:00+00:00,58.33000183105469,59.18000030517578,56.54059982299805,56.93000030517578,3871702
2024-08-30 15:30:00+00:00,56.904998779296875,57.89699935913086,56.279998779296875,57.400001525878906,2147720
2024-08-30 16:30:00+00:00,57.41999816894531,57.7400016784668,56.91999816894531,57.28499984741211,1375983
2024-08-30 17:30:00+00:00,57.27000045776367,57.79999923706055,57.04499816894531,57.65999984741211,672235
2024-08-30 18:30:00+00:00,57.679901123046875,58.21630096435547,57.34049987792969,58.05329895019531,1280135
2024-08-30 19:30:00+00:00,58.029998779296875,58.5099983215332,57.400001525878906,58.380001068115234,1369213
2024-09-03 13:30:00+00:00,55.090999603271484,55.22999954223633,51.0,51.380001068115234,12877413
2024-09-03 14:30:00+00:00,51.32500076293945,51.32500076293945,48.64099884033203,50.15999984741211,8632948
2024-09-03 15:30:00+00:00,50.130001068115234,50.59989929199219,49.209999084472656,49.48720169067383,2381693
2024-09-03 16:30:00+00:00,49.37099838256836,50.02000045776367,49.04999923706055,49.724998474121094,2658194
2024-09-03 17:30:00+00:00,49.709999084472656,49.86000061035156,47.29999923706055,47.54999923706055,3492120
2024-09-03 18:30:00+00:00,47.54999923706055,48.439998626708984,47.34000015258789,47.5536003112793,2133354
2024-09-03 19:30:00+00:00,47.66999816894531,47.75979995727539,46.570499420166016,47.310001373291016,2585852
2024-09-04 13:30:00+00:00,44.93000030517578,47.59000015258789,43.88999938964844,46.685001373291016,11531538
2024-09-04 14:30:00+00:00,46.70000076293945,49.0,46.570098876953125,47.45000076293945,5475353
2024-09-04 15:30:00+00:00,47.47999954223633,47.97999954223633,46.80099868774414,47.86000061035156,2236671
2024-09-04 16:30:00+00:00,47.84000015258789,48.54999923706055,47.439998626708984,48.125,1618029
2024-09-04 17:30:00+00:00,48.11000061035156,48.429901123046875,47.0,47.320098876953125,1253017
2024-09-04 18:30:00+00:00,47.30500030517578,47.380001068115234,45.0,45.44499969482422,2344052
2024-09-04 19:30:00+00:00,45.47999954223633,46.349998474121094,45.13010025024414,45.65999984741211,1649276
2024-09-05 13:30:00+00:00,44.54999923706055,48.597599029541016,44.400001525878906,48.130001068115234,11051459
2024-09-05 14:30:00+00:00,48.099998474121094,48.31840133666992,45.63999938964844,45.69499969482422,4416093
2024-09-05 15:30:00+00:00,45.70000076293945,46.82619857788086,45.5,46.65999984741211,2412682
2024-09-05 16:30:00+00:00,46.662498474121094,46.900001525878906,45.720001220703125,45.72999954223633,1344738
2024-09-05 17:30:00+00:00,45.720001220703125,46.96630096435547,45.720001220703125,46.33000183105469,1358248
2024-09-05 18:30:00+00:00,46.31999969482422,46.790000915527344,45.93000030517578,46.432701110839844,1159951
2024-09-05 19:30:00+00:00,46.45000076293945,46.650001525878906,45.78499984741211,46.47999954223633,1151431
2024-09-06 13:30:00+00:00,47.20000076293945,47.26969909667969,43.349998474121094,43.45000076293945,10056929
2024-09-06 14:30:00+00:00,43.43000030517578,43.68000030517578,41.91999816894531,42.23680114746094,5701926
2024-09-06 15:30:00+00:00,42.220001220703125,42.59000015258789,41.08000183105469,41.83000183105469,3854039
2024-09-06 16:30:00+00:00,41.849998474121094,43.067100524902344,41.63999938964844,42.5099983215332,2916947
2024-09-06 17:30:00+00:00,42.470001220703125,42.59000015258789,41.79999923706055,41.96009826660156,1776676
2024-09-06 18:30:00+00:00,41.970001220703125,43.29999923706055,41.96009826660156,43.15999984741211,1679205
2024-09-06 19:30:00+00:00,43.189998626708984,43.38990020751953,42.3911018371582,42.7400016784668,1568772
2024-09-09 13:30:00+00:00,44.41999816894531,45.73820114135742,44.31999969482422,44.5,7751325
2024-09-09 14:30:00+00:00,44.47999954223633,44.51639938354492,43.36000061035156,44.400001525878906,2513119
2024-09-09 15:30:00+00:00,44.399898529052734,45.0,44.2234992980957,44.92499923706055,1752533
2024-09-09 16:30:00+00:00,44.90999984741211,45.44929885864258,44.619998931884766,45.22999954223633,1351093
2024-09-09 17:30:00+00:00,45.209999084472656,45.209999084472656,44.36000061035156,44.38999938964844,1024905
2024-09-09 18:30:00+00:00,44.38999938964844,45.18000030517578,44.18000030517578,45.138099670410156,878495
2024-09-09 19:30:00+00:00,45.147499084472656,45.709999084472656,44.88999938964844,45.689998626708984,1024066
2024-09-10 13:30:00+00:00,46.88249969482422,48.209999084472656,45.2599983215332,46.382301330566406,9337222
2024-09-10 14:30:00+00:00,46.400001525878906,46.56999969482422,45.61370086669922,46.209999084472656,1455899
2024-09-10 15:30:00+00:00,46.21500015258789,46.487998962402344,44.380001068115234,44.829898834228516,2671687
2024-09-10 16:30:00+00:00,44.810001373291016,45.810001373291016,44.77000045776367,45.43000030517578,1509150
2024-09-10 17:30:00+00:00,45.41999816894531,46.52000045776367,45.3849983215332,46.36000061035156,1339642
2024-09-10 18:30:00+00:00,46.36000061035156,46.599998474121094,46.150001525878906,46.58000183105469,1071468
2024-09-10 19:30:00+00:00,46.534000396728516,47.11000061035156,46.40999984741211,47.0,1373045
2024-09-11 13:30:00+00:00,48.18000030517578,50.34000015258789,47.36000061035156,48.1150016784668,11466701
2024-09-11 14:30:00+00:00,48.08000183105469,48.205101013183594,46.45000076293945,48.100101470947266,4670109
2024-09-11 15:30:00+00:00,48.08000183105469,51.16999816894531,47.959999084472656,51.14039993286133,6102396
2024-09-11 16:30:00+00:00,51.154998779296875,52.040000915527344,50.189998626708984,52.040000915527344,4242625
2024-09-11 17:30:00+00:00,52.040000915527344,53.31999969482422,51.595401763916016,53.267601013183594,3750364
2024-09-11 18:30:00+00:00,53.2599983215332,54.0,52.630001068115234,53.86249923706055,3154848
2024-09-11 19:30:00+00:00,53.86000061035156,54.869598388671875,53.58000183105469,54.53990173339844,2893958
2024-09-12 13:30:00+00:00,53.72999954223633,57.349998474121094,53.20000076293945,57.169898986816406,13240409
2024-09-12 14:30:00+00:00,57.18989944458008,57.7400016784668,55.900001525878906,56.28499984741211,6511681
2024-09-12 15:30:00+00:00,56.25120162963867,56.86000061035156,55.41999816894531,56.709999084472656,3678421
2024-09-12 16:30:00+00:00,56.7400016784668,57.470001220703125,56.08000183105469,57.36759948730469,2486307
2024-09-12 17:30:00+00:00,57.369998931884766,58.2400016784668,56.97999954223633,57.904998779296875,3215722
2024-09-12 18:30:00+00:00,57.900001525878906,57.959999084472656,56.65999984741211,57.470001220703125,2966843
2024-09-12 19:30:00+00:00,57.470001220703125,57.599998474121094,56.599998474121094,56.75,1375671
2024-09-13 13:30:00+00:00,56.560001373291016,57.429901123046875,55.59000015258789,55.928199768066406,6042020
2024-09-13 14:30:00+00:00,55.93040084838867,57.2599983215332,55.18000030517578,56.90250015258789,3562540
2024-09-13 15:30:00+00:00,56.91999816894531,57.029998779296875,55.875,56.22999954223633,2124818
2024-09-13 16:30:00+00:00,56.25,56.81990051269531,55.97999954223633,56.5900993347168,1368923
2024-09-13 17:30:00+00:00,56.61000061035156,56.66999816894531,55.90999984741211,56.119998931884766,908487
2024-09-13 18:30:00+00:00,56.150001525878906,56.619998931884766,55.959999084472656,56.54999923706055,1449165
2024-09-13 19:30:00+00:00,56.54999923706055,56.630001068115234,56.220001220703125,56.54999923706055,1320886
2024-09-16 13:30:00+00:00,54.36000061035156,55.720001220703125,52.04999923706055,54.749900817871094,7949509
2024-09-16 14:30:00+00:00,54.70000076293945,54.79999923706055,53.66529846191406,54.25,2198400
2024-09-16 15:30:00+00:00,54.22999954223633,54.45790100097656,53.37369918823242,53.79999923706055,1657110
2024-09-16 16:30:00+00:00,53.79999923706055,54.38999938964844,53.41999816894531,54.239898681640625,993097
2024-09-16 17:30:00+00:00,54.26570129394531,54.65999984741211,54.08000183105469,54.31999969482422,927194
2024-09-16 18:30:00+00:00,54.2599983215332,54.275001525878906,53.7400016784668,53.95000076293945,741089
2024-09-16 19:30:00+00:00,53.9900016784668,54.349998474121094,53.869998931884766,54.349998474121094,920722
2024-09-17 13:30:00+00:00,55.70000076293945,56.25,54.150001525878906,55.2599983215332,5664950
2024-09-17 14:30:00+00:00,55.25,55.72999954223633,54.7401008605957,54.7401008605957,1979904
2024-09-17 15:30:00+00:00,54.7599983215332,55.029998779296875,53.599998474121094,54.11280059814453,1554892
2024-09-17 16:30:00+00:00,54.11000061035156,54.27000045776367,53.33000183105469,53.73500061035156,1929172
2024-09-17 17:30:00+00:00,53.689998626708984,53.86000061035156,52.550201416015625,53.029998779296875,1483049
2024-09-17 18:30:00+00:00,53.029998779296875,53.290000915527344,52.565399169921875,53.0,1171205
2024-09-17 19:30:00+00:00,52.97990036010742,53.279998779296875,52.68000030517578,53.189998626708984,1054136
2024-09-18 13:30:00+00:00,53.43000030517578,53.86000061035156,52.310001373291016,52.79999923706055,4022486
2024-09-18 14:30:00+00:00,52.790000915527344,53.06999969482422,52.25,52.5364990234375,1297593
2024-09-18 15:30:00+00:00,52.52000045776367,52.52989959716797,51.47100067138672,52.38029861450195,1609880
2024-09-18 16:30:00+00:00,52.42839813232422,52.97999954223633,52.279998779296875,52.7599983215332,965948
2024-09-18 17:30:00+00:00,52.76969909667969,54.649898529052734,52.31999969482422,54.29499816894531,4083448
2024-09-18 18:30:00+00:00,54.34000015258789,55.18000030517578,51.33000183105469,53.005001068115234,5320396
2024-09-18 19:30:00+00:00,53.0099983215332,53.34000015258789,51.06999969482422,51.09000015258789,2513750
2024-09-19 13:30:00+00:00,54.630001068115234,56.65999984741211,54.630001068115234,56.41999816894531,9069106
2024-09-19 14:30:00+00:00,56.540000915527344,56.80500030517578,55.81999969482422,56.73970031738281,2634623
2024-09-19 15:30:00+00:00,56.7400016784668,56.855899810791016,56.0614013671875,56.40250015258789,1481468
2024-09-19 16:30:00+00:00,56.40999984741211,56.83000183105469,56.209999084472656,56.63010025024414,1319296
2024-09-19 17:30:00+00:00,56.63029861450195,56.68000030517578,55.942501068115234,56.349998474121094,1122142
2024-09-19 18:30:00+00:00,56.32109832763672,56.349998474121094,54.97370147705078,55.459999084472656,2002974
2024-09-19 19:30:00+00:00,55.44499969482422,55.90999984741211,55.11000061035156,55.31999969482422,1074850
2024-09-20 13:30:00+00:00,54.33000183105469,55.84629821777344,54.08000183105469,54.42499923706055,4586547
2024-09-20 14:30:00+00:00,54.41999816894531,54.71419906616211,52.849998474121094,53.16999816894531,3199566
2024-09-20 15:30:00+00:00,53.150001525878906,54.15829849243164,53.130001068115234,54.04999923706055,1683446
2024-09-20 16:30:00+00:00,54.025001525878906,54.040000915527344,53.439998626708984,53.59109878540039,1015231
2024-09-20 17:30:00+00:00,53.584999084472656,53.939998626708984,52.93000030517578,53.27000045776367,1627318
2024-09-20 18:30:00+00:00,53.22999954223633,54.06999969482422,53.13999938964844,53.9900016784668,1507997
2024-09-20 19:30:00+00:00,53.97999954223633,54.22999954223633,53.18000030517578,53.4900016784668,1294926
2024-09-23 13:30:00+00:00,54.0,54.310001373291016,52.880001068115234,53.55099868774414,5053149
2024-09-23 14:30:00+00:00,53.540000915527344,53.61000061035156,52.369998931884766,52.970001220703125,2870461
2024-09-23 15:30:00+00:00,52.97999954223633,53.709999084472656,52.88999938964844,52.91350173950195,1689395
2024-09-23 16:30:00+00:00,52.93000030517578,53.16999816894531,52.72999954223633,53.060001373291016,1119175
2024-09-23 17:30:00+00:00,53.09000015258789,53.58649826049805,52.97999954223633,53.5,974984
2024-09-23 18:30:00+00:00,53.4900016784668,53.95000076293945,53.290000915527344,53.88010025024414,1115964
2024-09-23 19:30:00+00:00,53.900001525878906,53.915000915527344,53.540000915527344,53.630001068115234,738953
2024-09-24 13:30:00+00:00,53.709999084472656,54.8489990234375,53.25,53.349998474121094,5068739
2024-09-24 14:30:00+00:00,53.349998474121094,54.67770004272461,52.79999923706055,54.63999938964844,2907756
2024-09-24 15:30:00+00:00,54.630001068115234,58.53990173339844,54.630001068115234,57.779998779296875,8763191
2024-09-24 16:30:00+00:00,57.7599983215332,58.400001525878906,57.5625,58.25400161743164,2750583
2024-09-24 17:30:00+00:00,58.25,58.68989944458008,58.040000915527344,58.2400016784668,1855270
2024-09-24 18:30:00+00:00,58.17599868774414,58.31999969482422,57.41999816894531,57.41999816894531,1596905
2024-09-24 19:30:00+00:00,57.45000076293945,58.10929870605469,57.119998931884766,57.86709976196289,2102322
2024-09-25 13:30:00+00:00,58.96500015258789,61.709999084472656,58.560001373291016,61.359901428222656,10653392
2024-09-25 14:30:00+00:00,61.31999969482422,61.650001525878906,60.810001373291016,60.82379913330078,3561825
2024-09-25 15:30:00+00:00,60.81999969482422,61.04090118408203,59.869998931884766,60.59870147705078,3970227
2024-09-25 16:30:00+00:00,60.599998474121094,60.67639923095703,59.61000061035156,60.089500427246094,2083170
2024-09-25 17:30:00+00:00,60.06800079345703,60.41999816894531,59.470001220703125,60.41999816894531,1595749
2024-09-25 18:30:00+00:00,60.400001525878906,60.40890121459961,60.040000915527344,60.13999938964844,916975
2024-09-25 19:30:00+00:00,60.130001068115234,60.400001525878906,60.060001373291016,60.36000061035156,729764
2024-09-26 13:30:00+00:00,63.5099983215332,64.37590026855469,62.26100158691406,62.38999938964844,9219741
2024-09-26 14:30:00+00:00,62.40999984741211,62.560001373291016,58.95000076293945,60.31999969482422,8114852
2024-09-26 15:30:00+00:00,60.33549880981445,61.27000045776367,59.77000045776367,60.21989822387695,3174817
2024-09-26 16:30:00+00:00,60.23500061035156,60.31999969482422,58.63999938964844,59.46989822387695,2491986
2024-09-26 17:30:00+00:00,59.45000076293945,60.810001373291016,59.380001068115234,60.810001373291016,1792456
2024-09-26 18:30:00+00:00,60.79999923706055,61.20000076293945,60.290000915527344,60.849998474121094,1968154
2024-09-26 19:30:00+00:00,60.88999938964844,60.989898681640625,60.41999816894531,60.689998626708984,1075924
2024-09-27 13:30:00+00:00,60.630001068115234,60.70000076293945,57.70000076293945,58.150001525878906,6743876
2024-09-27 14:30:00+00:00,58.089900970458984,58.28900146484375,56.650001525878906,57.06999969482422,4463834
2024-09-27 15:30:00+00:00,57.04999923706055,57.75,56.775001525878906,57.63990020751953,2268582
2024-09-27 16:30:00+00:00,57.630001068115234,57.980899810791016,57.02000045776367,57.040000915527344,1515338
2024-09-27 17:30:00+00:00,57.03499984741211,57.75,56.20000076293945,56.20000076293945,1757446
2024-09-27 18:30:00+00:00,56.209999084472656,57.31999969482422,56.119998931884766,57.29750061035156,1632928
2024-09-27 19:30:00+00:00,57.290000915527344,58.41999816894531,57.16999816894531,58.09000015258789,1991024
2024-09-30 13:30:00+00:00,55.119998931884766,57.989898681640625,55.04999923706055,56.90999984741211,6282854
2024-09-30 14:30:00+00:00,56.90999984741211,57.689998626708984,56.4900016784668,57.6776008605957,1525678
2024-09-30 15:30:00+00:00,57.81829833984375,57.86880111694336,57.04999923706055,57.49359893798828,1369629
2024-09-30 16:30:00+00:00,57.4900016784668,57.579498291015625,56.790000915527344,56.902400970458984,964303
2024-09-30 17:30:00+00:00,56.8849983215332,57.45000076293945,56.060001373291016,56.34000015258789,1274637
2024-09-30 18:30:00+00:00,56.310001373291016,57.13999938964844,56.04999923706055,56.90999984741211,1107942
2024-09-30 19:30:00+00:00,56.86000061035156,58.22129821777344,56.63100051879883,58.209999084472656,1314261
2024-10-01 13:30:00+00:00,58.540000915527344,59.10240173339844,54.5,54.77000045776367,5879282
2024-10-01 14:30:00+00:00,54.765899658203125,55.309898376464844,53.17359924316406,54.349998474121094,3802263
2024-10-01 15:30:00+00:00,54.31999969482422,54.97999954223633,53.849998474121094,54.38999938964844,1909120
2024-10-01 16:30:00+00:00,54.40010070800781,54.474998474121094,52.779998779296875,52.971500396728516,2267792
2024-10-01 17:30:00+00:00,52.970001220703125,54.84000015258789,52.880001068115234,54.70009994506836,2026429
2024-10-01 18:30:00+00:00,54.679100036621094,54.91999816894531,54.15999984741211,54.380001068115234,1141449
2024-10-01 19:30:00+00:00,54.369998931884766,54.369998931884766,53.63999938964844,53.849998474121094,1134579
2024-10-02 13:30:00+00:00,53.2239990234375,55.5099983215332,52.20000076293945,55.09000015258789,7118683
2024-10-02 14:30:00+00:00,55.04999923706055,55.970001220703125,54.47999954223633,55.650001525878906,2011976
2024-10-02 15:30:00+00:00,55.650001525878906,56.0,55.36000061035156,55.720001220703125,1157159
2024-10-02 16:30:00+00:00,55.709999084472656,55.709999084472656,54.6702995300293,55.185001373291016,1094787
2024-10-02 17:30:00+00:00,55.150001525878906,55.63999938964844,54.600101470947266,55.33000183105469,686163
2024-10-02 18:30:00+00:00,55.369998931884766,55.869998931884766,55.275001525878906,55.775001525878906,633404
2024-10-02 19:30:00+00:00,55.790000915527344,56.08000183105469,55.52000045776367,55.599998474121094,1068205
2024-10-03 13:30:00+00:00,57.5,60.75749969482422,56.97999954223633,58.7400016784668,10349424
2024-10-03 14:30:00+00:00,58.75,59.61940002441406,58.310001373291016,59.20199966430664,2953651
2024-10-03 15:30:00+00:00,59.18000030517578,59.760101318359375,59.18000030517578,59.4900016784668,1491676
2024-10-03 16:30:00+00:00,59.5,59.5,58.029998779296875,59.20000076293945,2135798
2024-10-03 17:30:00+00:00,59.15999984741211,59.650001525878906,58.86000061035156,59.20000076293945,1201475
2024-10-03 18:30:00+00:00,59.20000076293945,59.310001373291016,58.630001068115234,58.689998626708984,1172383
2024-10-03 19:30:00+00:00,58.65999984741211,59.432701110839844,58.63999938964844,59.2599983215332,904131
2024-10-04 13:30:00+00:00,61.349998474121094,61.359901428222656,58.34000015258789,58.920101165771484,8366145
2024-10-04 14:30:00+00:00,58.91999816894531,60.45000076293945,58.79999923706055,59.95000076293945,2606541
2024-10-04 15:30:00+00:00,59.900001525878906,60.70000076293945,59.650001525878906,60.20090103149414,1610767
2024-10-04 16:30:00+00:00,60.189998626708984,60.83000183105469,60.150001525878906,60.380001068115234,1063048
2024-10-04 17:30:00+00:00,60.4099006652832,60.939998626708984,60.150001525878906,60.91999816894531,1143926
2024-10-04 18:30:00+00:00,60.928001403808594,61.040000915527344,60.650001525878906,60.90999984741211,1229012
2024-10-04 19:30:00+00:00,60.88999938964844,61.329898834228516,60.83000183105469,61.20000076293945,1283215
2024-10-07 13:30:00+00:00,61.36000061035156,64.06809997558594,61.29999923706055,63.519901275634766,8318480
2024-10-07 14:30:00+00:00,63.5099983215332,64.83000183105469,62.8025016784668,64.81999969482422,4724064
2024-10-07 15:30:00+00:00,64.81999969482422,65.83000183105469,64.77999877929688,65.76000213623047,3987728
2024-10-07 16:30:00+00:00,65.75,65.89990234375,65.0199966430664,65.63999938964844,1885705
2024-10-07 17:30:00+00:00,65.66000366210938,66.80500030517578,65.38999938964844,65.94000244140625,3667976
2024-10-07 18:30:00+00:00,65.91999816894531,65.91999816894531,64.19999694824219,64.46029663085938,2779624
2024-10-07 19:30:00+00:00,64.51000213623047,64.83999633789062,63.790000915527344,64.0,1545545
2024-10-08 13:30:00+00:00,66.58999633789062,68.12999725341797,65.66999816894531,67.87999725341797,9627423
2024-10-08 14:30:00+00:00,67.87000274658203,69.16000366210938,67.77010345458984,68.11000061035156,4668114
2024-10-08 15:30:00+00:00,68.13999938964844,68.81999969482422,67.8499984741211,68.80999755859375,1899397
2024-10-08 16:30:00+00:00,68.80000305175781,68.91500091552734,67.94000244140625,68.29000091552734,1393589
2024-10-08 17:30:00+00:00,68.27999877929688,68.87000274658203,68.23500061035156,68.86000061035156,1067143
2024-10-08 18:30:00+00:00,68.8687973022461,69.58000183105469,68.52999877929688,69.54000091552734,2436202
2024-10-08 19:30:00+00:00,69.53500366210938,69.73999786376953,68.981201171875,69.1500015258789,1686217
2024-10-09 13:30:00+00:00,70.41400146484375,70.81999969482422,67.52999877929688,70.16000366210938,8837747
2024-10-09 14:30:00+00:00,70.16999816894531,70.25,68.69999694824219,69.37000274658203,2963624
2024-10-09 15:30:00+00:00,69.37999725341797,69.66639709472656,67.64089965820312,68.4999008178711,2525968
2024-10-09 16:30:00+00:00,68.5,68.76570129394531,67.83999633789062,68.18000030517578,1290397
2024-10-09 17:30:00+00:00,68.1500015258789,68.87999725341797,67.65119934082031,68.83999633789062,1566940
2024-10-09 18:30:00+00:00,68.83999633789062,68.89990234375,68.31999969482422,68.52999877929688,863410
2024-10-09 19:30:00+00:00,68.51499938964844,69.04000091552734,68.5,68.80999755859375,1000070
2024-10-10 13:30:00+00:00,68.04000091552734,70.51000213623047,67.44000244140625,70.47750091552734,7796863
2024-10-10 14:30:00+00:00,70.4800033569336,71.02999877929688,69.66130065917969,70.33000183105469,2945865
2024-10-10 15:30:00+00:00,70.30999755859375,71.27999877929688,70.16000366210938,70.60079956054688,2666725
2024-10-10 16:30:00+00:00,70.62000274658203,71.1500015258789,70.16000366210938,71.05000305175781,1607545
2024-10-10 17:30:00+00:00,71.04090118408203,71.22000122070312,70.36000061035156,70.58000183105469,1264748
2024-10-10 18:30:00+00:00,70.58000183105469,70.98999786376953,69.7300033569336,70.87000274658203,1542205
2024-10-10 19:30:00+00:00,70.87000274658203,71.08000183105469,70.4000015258789,71.05000305175781,1396266
2024-10-11 13:30:00+00:00,70.25,72.0,69.7699966430664,71.19999694824219,5650807
2024-10-11 14:30:00+00:00,71.19000244140625,71.62999725341797,70.31089782714844,71.08999633789062,2564000
2024-10-11 15:30:00+00:00,71.12000274658203,71.43000030517578,70.8499984741211,71.30999755859375,1148476
2024-10-11 16:30:00+00:00,71.27999877929688,71.32890319824219,70.83000183105469,71.00990295410156,1007779
2024-10-11 17:30:00+00:00,71.03910064697266,71.30999755859375,70.91999816894531,71.04499816894531,844020
2024-10-11 18:30:00+00:00,71.05000305175781,71.12999725341797,70.7300033569336,70.97000122070312,1103211
2024-10-11 19:30:00+00:00,70.94000244140625,71.08000183105469,70.83999633789062,70.94000244140625,1032887
2024-10-14 13:30:00+00:00,73.41999816894531,75.91999816894531,72.52999877929688,75.71990203857422,8398981
2024-10-14 14:30:00+00:00,75.69999694824219,75.9999008178711,74.06999969482422,74.39990234375,2788117
2024-10-14 15:30:00+00:00,74.3499984741211,74.88580322265625,73.7300033569336,74.85199737548828,1652829
2024-10-14 16:30:00+00:00,74.8479995727539,75.05000305175781,74.4800033569336,74.95999908447266,1089182
2024-10-14 17:30:00+00:00,74.94000244140625,75.35749816894531,74.85209655761719,75.04000091552734,917770
2024-10-14 18:30:00+00:00,75.0425033569336,75.41999816894531,74.76249694824219,75.0999984741211,928482
2024-10-14 19:30:00+00:00,75.04000091552734,75.2699966430664,74.20999908447266,74.4800033569336,1041627
2024-10-15 13:30:00+00:00,74.11000061035156,74.90509796142578,67.70999908447266,67.94999694824219,10220929
2024-10-15 14:30:00+00:00,67.97000122070312,68.69999694824219,64.30999755859375,67.61070251464844,9084210
2024-10-15 15:30:00+00:00,67.61499786376953,68.26000213623047,65.68099975585938,66.58999633789062,3243592
2024-10-15 16:30:00+00:00,66.5999984741211,67.48999786376953,66.5999984741211,66.8479995727539,1526339
2024-10-15 17:30:00+00:00,66.77100372314453,68.0968017578125,66.58999633789062,67.68399810791016,1338836
2024-10-15 18:30:00+00:00,67.65499877929688,68.0199966430664,66.36000061035156,66.93000030517578,1711910
2024-10-15 19:30:00+00:00,67.01000213623047,67.77999877929688,66.36000061035156,67.58000183105469,1439016
2024-10-16 13:30:00+00:00,69.83219909667969,70.47989654541016,67.37000274658203,70.2698974609375,6895681
2024-10-16 14:30:00+00:00,70.31800079345703,70.61000061035156,68.48999786376953,70.01499938964844,2976584
2024-10-16 15:30:00+00:00,70.0,70.17680358886719,69.58000183105469,70.05989837646484,1087224
2024-10-16 16:30:00+00:00,70.06999969482422,71.55999755859375,69.97000122070312,71.34500122070312,2031451
2024-10-16 17:30:00+00:00,71.33000183105469,72.30999755859375,71.33000183105469,72.29000091552734,2146454
2024-10-16 18:30:00+00:00,72.2699966430664,72.5,71.79000091552734,71.90850067138672,2018995
2024-10-16 19:30:00+00:00,71.91000366210938,71.91999816894531,71.16999816894531,71.54499816894531,1401038
2024-10-17 13:30:00+00:00,75.3499984741211,76.9635009765625,73.30000305175781,75.61360168457031,11655157
2024-10-17 14:30:00+00:00,75.6500015258789,75.75,74.38289642333984,75.66999816894531,2460109
2024-10-17 15:30:00+00:00,75.7300033569336,76.30999755859375,75.22059631347656,75.48999786376953,2292527
2024-10-17 16:30:00+00:00,75.47000122070312,75.68000030517578,74.87999725341797,75.56999969482422,1389980
2024-10-17 17:30:00+00:00,75.54000091552734,75.93000030517578,74.2614974975586,74.6500015258789,1583679
2024-10-17 18:30:00+00:00,74.65499877929688,74.96749877929688,73.8499984741211,73.87000274658203,1463812
2024-10-17 19:30:00+00:00,73.87999725341797,74.08999633789062,72.7300033569336,72.83999633789062,2092212
2024-10-18 13:30:00+00:00,74.68000030517578,74.7698974609375,73.25,74.1500015258789,4503061
2024-10-18 14:30:00+00:00,74.15499877929688,74.26000213623047,73.30999755859375,73.86100006103516,1749692
2024-10-18 15:30:00+00:00,73.87000274658203,73.97000122070312,73.13999938964844,73.41000366210938,1411729
2024-10-18 16:30:00+00:00,73.41999816894531,74.5999984741211,73.41999816894531,74.26000213623047,1664919
2024-10-18 17:30:00+00:00,74.25,74.4000015258789,73.88999938964844,74.16999816894531,740013
2024-10-18 18:30:00+00:00,74.16000366210938,74.22000122070312,73.7699966430664,74.07150268554688,857028
2024-10-18 19:30:00+00:00,74.06999969482422,74.06999969482422,73.7699966430664,73.86000061035156,942544
2024-10-21 13:30:00+00:00,74.05500030517578,77.95999908447266,73.91000366210938,77.57749938964844,10940513
2024-10-21 14:30:00+00:00,77.59929656982422,77.65760040283203,75.94999694824219,76.42759704589844,3307673
2024-10-21 15:30:00+00:00,76.37000274658203,77.6500015258789,76.33000183105469,77.16000366210938,1974369
2024-10-21 16:30:00+00:00,77.1500015258789,77.80999755859375,76.7300033569336,77.64749908447266,2342892
2024-10-21 17:30:00+00:00,77.6500015258789,78.61990356445312,77.64240264892578,78.22000122070312,2680493
2024-10-21 18:30:00+00:00,78.20500183105469,78.76000213623047,77.93000030517578,78.66000366210938,1745136
2024-10-21 19:30:00+00:00,78.6500015258789,79.94000244140625,78.30000305175781,79.93499755859375,1727014
2024-10-22 13:30:00+00:00,79.08999633789062,80.73989868164062,77.81999969482422,79.7300033569336,7984740
2024-10-22 14:30:00+00:00,79.79000091552734,80.01000213623047,78.43000030517578,79.45379638671875,2386869
2024-10-22 15:30:00+00:00,79.43499755859375,79.69110107421875,78.6406021118164,78.73999786376953,1209674
2024-10-22 16:30:00+00:00,78.72000122070312,79.63500213623047,78.0,79.63500213623047,1869173
2024-10-22 17:30:00+00:00,79.62999725341797,80.33999633789062,79.50070190429688,79.5999984741211,1552059
2024-10-22 18:30:00+00:00,79.60990142822266,80.0,79.30999755859375,79.98999786376953,881281
2024-10-22 19:30:00+00:00,79.9800033569336,80.11100006103516,79.6500015258789,79.7750015258789,777628
2024-10-23 13:30:00+00:00,78.05999755859375,78.5,73.86000061035156,76.19879913330078,8884368
2024-10-23 14:30:00+00:00,76.20999908447266,77.37129974365234,75.4000015258789,75.51000213623047,3340001
2024-10-23 15:30:00+00:00,75.48999786376953,76.56999969482422,75.11000061035156,75.12999725341797,2097949
2024-10-23 16:30:00+00:00,75.13999938964844,75.66000366210938,73.27999877929688,74.06400299072266,3062820
2024-10-23 17:30:00+00:00,74.05999755859375,74.1500015258789,72.98999786376953,74.11000061035156,2610916
2024-10-23 18:30:00+00:00,74.06999969482422,74.94999694824219,73.83999633789062,74.62000274658203,1921290
2024-10-23 19:30:00+00:00,74.62999725341797,75.62999725341797,74.30999755859375,75.31999969482422,1513463
2024-10-24 13:30:00+00:00,76.63500213623047,77.19999694824219,74.11000061035156,74.18000030517578,5688904
2024-10-24 14:30:00+00:00,74.20999908447266,75.76090240478516,74.20999908447266,75.38999938964844,2066060
2024-10-24 15:30:00+00:00,75.41999816894531,75.55999755859375,74.45500183105469,75.1050033569336,1206587
2024-10-24 16:30:00+00:00,75.16999816894531,75.80999755859375,74.82710266113281,75.24459838867188,938909
2024-10-24 17:30:00+00:00,75.25,75.87000274658203,74.94000244140625,75.58989715576172,1098185
2024-10-24 18:30:00+00:00,75.58999633789062,76.30500030517578,75.31999969482422,76.30500030517578,1069228
2024-10-24 19:30:00+00:00,76.30999755859375,76.62999725341797,76.01000213623047,76.16999816894531,1077270
2024-10-25 13:30:00+00:00,76.8499984741211,79.5199966430664,76.55000305175781,79.4260025024414,6919684
2024-10-25 14:30:00+00:00,79.38999938964844,80.12000274658203,78.93000030517578,79.69999694824219,4357798
2024-10-25 15:30:00+00:00,79.66999816894531,80.02999877929688,79.26000213623047,79.5979995727539,2932427
2024-10-25 16:30:00+00:00,79.5999984741211,79.61000061035156,78.4000015258789,78.4000015258789,1507392
2024-10-25 17:30:00+00:00,78.4000015258789,78.66000366210938,76.69000244140625,77.79180145263672,3050436
2024-10-25 18:30:00+00:00,77.78500366210938,78.16000366210938,77.51000213623047,77.73999786376953,1001841
2024-10-25 19:30:00+00:00,77.77999877929688,78.04000091552734,77.18000030517578,77.37000274658203,1134599
2024-10-28 13:30:00+00:00,78.98999786376953,79.05989837646484,76.62999725341797,77.22000122070312,4764144
2024-10-28 14:30:00+00:00,77.18000030517578,77.48999786376953,76.51000213623047,76.75749969482422,1864830
2024-10-28 15:30:00+00:00,76.73999786376953,76.80999755859375,75.70999908447266,76.2300033569336,1840954
2024-10-28 16:30:00+00:00,76.2300033569336,77.0199966430664,75.8499984741211,76.9000015258789,1408833
2024-10-28 17:30:00+00:00,76.9041976928711,77.26000213623047,76.76000213623047,76.98999786376953,880160
2024-10-28 18:30:00+00:00,77.01000213623047,77.08000183105469,76.43000030517578,76.98999786376953,1305376
2024-10-28 19:30:00+00:00,76.98999786376953,77.08000183105469,76.12000274658203,76.22250366210938,1019623
2024-10-29 13:30:00+00:00,75.8499984741211,76.3998031616211,74.41000366210938,75.94999694824219,3913693
2024-10-29 14:30:00+00:00,75.95999908447266,76.79000091552734,75.83999633789062,76.69999694824219,1595487
2024-10-29 15:30:00+00:00,76.7300033569336,77.7699966430664,76.37110137939453,77.43000030517578,1760690
2024-10-29 16:30:00+00:00,77.44000244140625,77.62000274658203,76.9000015258789,77.2155990600586,1096474
2024-10-29 17:30:00+00:00,77.2300033569336,77.5,76.95999908447266,77.44000244140625,966435
2024-10-29 18:30:00+00:00,77.43000030517578,78.04000091552734,77.37370300292969,77.86000061035156,1903346
2024-10-29 19:30:00+00:00,77.8499984741211,77.91999816894531,76.72000122070312,77.00499725341797,1170593
2024-10-30 13:30:00+00:00,75.02999877929688,75.46499633789062,72.12000274658203,74.87999725341797,6603775
2024-10-30 14:30:00+00:00,74.87000274658203,75.76000213623047,74.32240295410156,75.75740051269531,1747272
2024-10-30 15:30:00+00:00,75.77010345458984,75.77010345458984,75.0199966430664,75.0999984741211,1147553
2024-10-30 16:30:00+00:00,75.05999755859375,75.91000366210938,74.88249969482422,75.37000274658203,869766
2024-10-30 17:30:00+00:00,75.37999725341797,75.8499984741211,74.44999694824219,75.52010345458984,998718
2024-10-30 18:30:00+00:00,75.5199966430664,75.73989868164062,74.86000061035156,74.98989868164062,982487
2024-10-30 19:30:00+00:00,74.94999694824219,75.55000305175781,74.65249633789062,74.87999725341797,1064206
2024-10-31 13:30:00+00:00,72.8499984741211,72.9136962890625,67.34500122070312,68.92130279541016,10293568
2024-10-31 14:30:00+00:00,68.91999816894531,69.27999877929688,68.05999755859375,68.94000244140625,2481862
2024-10-31 15:30:00+00:00,68.9000015258789,69.00499725341797,67.25,68.64250183105469,2651364
2024-10-31 16:30:00+00:00,68.63999938964844,68.9198989868164,68.27999877929688,68.36000061035156,773159
2024-10-31 17:30:00+00:00,68.34010314941406,68.47000122070312,67.5000991821289,67.6500015258789,1368241
2024-10-31 18:30:00+00:00,67.6500015258789,69.09010314941406,67.07640075683594,68.66500091552734,1886136
2024-10-31 19:30:00+00:00,68.66999816894531,69.6500015258789,67.5,67.56500244140625,1368600
2024-11-01 13:30:00+00:00,69.63999938964844,72.32990264892578,69.54000091552734,72.1500015258789,6098318
2024-11-01 14:30:00+00:00,72.19999694824219,72.22000122070312,70.9000015258789,72.0199966430664,1904528
2024-11-01 15:30:00+00:00,72.01000213623047,72.12149810791016,71.0999984741211,71.40010070800781,952508
2024-11-01 16:30:00+00:00,71.4000015258789,71.68499755859375,70.5,71.31420135498047,1121061
2024-11-01 17:30:00+00:00,71.33000183105469,71.34130096435547,69.93000030517578,70.44080352783203,1001276
2024-11-01 18:30:00+00:00,70.43000030517578,71.05000305175781,70.31999969482422,70.55000305175781,778769
2024-11-01 19:30:00+00:00,70.60800170898438,71.0198974609375,70.0,70.36000061035156,799200
2024-11-04 14:30:00+00:00,72.33999633789062,73.05000305175781,70.55999755859375,72.86509704589844,6148387
2024-11-04 15:30:00+00:00,72.80000305175781,74.05500030517578,72.24870300292969,73.71749877929688,2125047
2024-11-04 16:30:00+00:00,73.68000030517578,73.80000305175781,72.05490112304688,72.76000213623047,1691240
2024-11-04 17:30:00+00:00,72.80999755859375,73.13999938964844,72.33999633789062,72.79000091552734,1019022
2024-11-04 18:30:00+00:00,72.79000091552734,73.43000030517578,72.67500305175781,72.91999816894531,776844
2024-11-04 19:30:00+00:00,72.9000015258789,73.2051010131836,72.5,72.55249786376953,818013
2024-11-04 20:30:00+00:00,72.50499725341797,72.56009674072266,70.9800033569336,71.1050033569336,1631070
2024-11-05 14:30:00+00:00,72.5,74.47959899902344,72.44999694824219,73.86000061035156,4475437
2024-11-05 15:30:00+00:00,73.9000015258789,74.87000274658203,73.83999633789062,74.77999877929688,1707570
2024-11-05 16:30:00+00:00,74.80000305175781,75.54070281982422,74.7300033569336,74.81890106201172,1707854
2024-11-05 17:30:00+00:00,74.83000183105469,75.0999984741211,74.47000122070312,74.68000030517578,902608
2024-11-05 18:30:00+00:00,74.69000244140625,75.13990020751953,74.19000244140625,74.94000244140625,871540
2024-11-05 19:30:00+00:00,74.94999694824219,75.08000183105469,74.36009979248047,75.00240325927734,992369
2024-11-05 20:30:00+00:00,74.98999786376953,75.05000305175781,74.25,75.05000305175781,1120518
2024-11-06 14:30:00+00:00,78.48999786376953,80.08000183105469,77.22000122070312,79.4800033569336,8326516
2024-11-06 15:30:00+00:00,79.5199966430664,79.72930145263672,78.58000183105469,79.44999694824219,1846609
2024-11-06 16:30:00+00:00,79.45999908447266,80.45999908447266,79.29000091552734,80.33999633789062,2157852
2024-11-06 17:30:00+00:00,80.33000183105469,81.88009643554688,80.12000274658203,81.70999908447266,2452722
2024-11-06 18:30:00+00:00,81.72000122070312,81.7750015258789,80.93000030517578,81.55000305175781,1099991
2024-11-06 19:30:00+00:00,81.52999877929688,82.05000305175781,81.44000244140625,81.78299713134766,1745920
2024-11-06 20:30:00+00:00,81.83000183105469,81.87999725341797,80.83000183105469,81.12999725341797,1431732
2024-11-07 14:30:00+00:00,81.9800033569336,84.5999984741211,81.75,83.9000015258789,5641665
2024-11-07 15:30:00+00:00,83.91999816894531,84.17990112304688,82.97000122070312,83.75849914550781,2435553
2024-11-07 16:30:00+00:00,83.70999908447266,84.06999969482422,83.43990325927734,83.77999877929688,1102633
2024-11-07 17:30:00+00:00,83.7699966430664,84.01799774169922,83.12999725341797,83.5199966430664,945827
2024-11-07 18:30:00+00:00,83.4749984741211,84.29000091552734,83.37000274658203,83.63999938964844,1076293
2024-11-07 19:30:00+00:00,83.63999938964844,84.25,83.25,84.02999877929688,1561768
2024-11-07 20:30:00+00:00,84.02999877929688,84.75,83.80500030517578,84.72000122070312,1141718
2024-11-08 14:30:00+00:00,84.4800033569336,85.63999938964844,81.63999938964844,82.61499786376953,7513060
2024-11-08 15:30:00+00:00,82.56999969482422,83.16000366210938,81.77999877929688,82.77349853515625,2197960
2024-11-08 16:30:00+00:00,82.81580352783203,83.58000183105469,82.6500015258789,83.08000183105469,1333400
2024-11-08 17:30:00+00:00,83.06379699707031,83.44999694824219,82.75,83.01640319824219,794263
2024-11-08 18:30:00+00:00,83.0,83.31999969482422,82.6500015258789,82.83000183105469,785617
2024-11-08 19:30:00+00:00,82.77999877929688,82.97989654541016,82.33999633789062,82.76239776611328,1144383
2024-11-08 20:30:00+00:00,82.75,83.4000015258789,82.59500122070312,83.20999908447266,834747
2024-11-11 14:30:00+00:00,84.25,84.33999633789062,78.66000366210938,80.25990295410156,7697016
2024-11-11 15:30:00+00:00,80.27999877929688,81.91000366210938,80.27999877929688,80.69999694824219,2279623
2024-11-11 16:30:00+00:00,80.76499938964844,80.9175033569336,79.9000015258789,80.18000030517578,1192137
2024-11-11 17:30:00+00:00,80.20999908447266,80.9000015258789,79.66010284423828,80.12529754638672,1027202
2024-11-11 18:30:00+00:00,80.12010192871094,80.41000366210938,79.83000183105469,79.91000366210938,889988
2024-11-11 19:30:00+00:00,79.9000015258789,81.26000213623047,79.83999633789062,80.6500015258789,884162
2024-11-11 20:30:00+00:00,80.63500213623047,81.0250015258789,80.12999725341797,80.51000213623047,812424
2024-11-12 14:30:00+00:00,82.06999969482422,85.23999786376953,81.38030242919922,84.91000366210938,7111345
2024-11-12 15:30:00+00:00,84.90889739990234,85.33989715576172,83.45999908447266,84.26799774169922,3091155
2024-11-12 16:30:00+00:00,84.25,85.04949951171875,83.02999877929688,83.625,1903279
2024-11-12 17:30:00+00:00,83.61000061035156,83.66999816894531,81.95999908447266,82.53510284423828,1641189
2024-11-12 18:30:00+00:00,82.58999633789062,84.12000274658203,82.58999633789062,83.75360107421875,1200727
2024-11-12 19:30:00+00:00,83.77999877929688,84.3499984741211,83.05000305175781,83.32990264892578,905542
2024-11-12 20:30:00+00:00,83.2699966430664,84.08999633789062,83.125,83.93000030517578,764170
2024-11-13 14:30:00+00:00,84.69999694824219,85.0,82.04000091552734,82.66000366210938,5550922
2024-11-13 15:30:00+00:00,82.66999816894531,83.23999786376953,81.88999938964844,82.70999908447266,1657681
2024-11-13 16:30:00+00:00,82.72000122070312,82.76349639892578,81.16000366210938,82.3302993774414,1291246
2024-11-13 17:30:00+00:00,82.33000183105469,82.73999786376953,81.7300033569336,82.38999938964844,954487
2024-11-13 18:30:00+00:00,82.38999938964844,83.31999969482422,81.87010192871094,82.19219970703125,1162121
2024-11-13 19:30:00+00:00,82.21980285644531,82.58999633789062,81.66000366210938,81.80989837646484,942997
2024-11-13 20:30:00+00:00,81.80889892578125,82.38999938964844,81.19999694824219,81.62000274658203,973070
2024-11-14 14:30:00+00:00,83.02999877929688,84.04010009765625,80.93000030517578,83.77999877929688,5089856
2024-11-14 15:30:00+00:00,83.73999786376953,84.54000091552734,83.09380340576172,84.45999908447266,2019806
2024-11-14 16:30:00+00:00,84.37979888916016,84.55000305175781,83.08280181884766,83.13999938964844,1253217
2024-11-14 17:30:00+00:00,83.13500213623047,83.30000305175781,82.62000274658203,82.79000091552734,1047307
2024-11-14 18:30:00+00:00,82.80999755859375,82.86000061035156,81.72000122070312,82.1095962524414,1018852
2024-11-14 19:30:00+00:00,82.04000091552734,82.4198989868164,81.05999755859375,81.40989685058594,923544
2024-11-14 20:30:00+00:00,81.44000244140625,82.18990325927734,80.95259857177734,82.1050033569336,887049
2024-11-15 14:30:00+00:00,79.88999938964844,80.26000213623047,76.5,77.13009643554688,5735660
2024-11-15 15:30:00+00:00,77.13999938964844,78.37000274658203,77.043701171875,77.7699966430664,1800149
2024-11-15 16:30:00+00:00,77.76000213623047,77.89900207519531,75.41809844970703,76.48999786376953,3001605
2024-11-15 17:30:00+00:00,76.47010040283203,76.9000015258789,75.2699966430664,75.8550033569336,1778157
2024-11-15 18:30:00+00:00,75.81919860839844,75.94499969482422,74.57060241699219,74.61969757080078,1973846
2024-11-15 19:30:00+00:00,74.62999725341797,77.08000183105469,74.61000061035156,76.77999877929688,2180246
2024-11-15 20:30:00+00:00,76.83999633789062,77.05000305175781,76.2302017211914,76.62999725341797,1102097
2024-11-18 14:30:00+00:00,74.3499984741211,74.5999984741211,71.41999816894531,74.51619720458984,8674619
2024-11-18 15:30:00+00:00,74.51000213623047,75.73999786376953,74.0999984741211,75.62000274658203,1975635
2024-11-18 16:30:00+00:00,75.59500122070312,75.87999725341797,73.80000305175781,74.0,1507838
2024-11-18 17:30:00+00:00,74.00630187988281,74.5199966430664,73.28500366210938,74.31500244140625,866180
2024-11-18 18:30:00+00:00,74.34950256347656,74.9198989868164,73.80380249023438,74.13500213623047,782049
2024-11-18 19:30:00+00:00,74.17070007324219,76.1500015258789,74.02999877929688,76.07240295410156,901117
2024-11-18 20:30:00+00:00,76.06500244140625,76.07050323486328,74.18000030517578,74.62480163574219,909106
2024-11-19 14:30:00+00:00,75.88999938964844,78.26000213623047,75.5,77.65540313720703,5314003
2024-11-19 15:30:00+00:00,77.51499938964844,79.30000305175781,77.45189666748047,78.38500213623047,2406313
2024-11-19 16:30:00+00:00,78.4000015258789,78.88999938964844,77.83100128173828,78.30000305175781,1057186
2024-11-19 17:30:00+00:00,78.25,79.41999816894531,78.1050033569336,79.37999725341797,1062653
2024-11-19 18:30:00+00:00,79.37370300292969,81.1489028930664,79.29000091552734,80.85040283203125,2164554
2024-11-19 19:30:00+00:00,80.94999694824219,81.86990356445312,80.61000061035156,81.5,1952426
2024-11-19 20:30:00+00:00,81.45999908447266,82.02999877929688,80.94999694824219,81.87999725341797,1285994
2024-11-20 14:30:00+00:00,82.11710357666016,82.19999694824219,77.13999938964844,78.33000183105469,7716649
2024-11-20 15:30:00+00:00,78.31999969482422,81.41999816894531,78.30999755859375,79.44999694824219,3164422
2024-11-20 16:30:00+00:00,79.40299987792969,80.9999008178711,78.78359985351562,80.00990295410156,1691812
2024-11-20 17:30:00+00:00,80.0,80.20999908447266,78.98999786376953,79.62999725341797,1008601
2024-11-20 18:30:00+00:00,79.58719635009766,79.5999984741211,77.71890258789062,77.97000122070312,1598484
2024-11-20 19:30:00+00:00,77.95999908447266,79.19000244140625,77.91000366210938,79.05000305175781,1779664
2024-11-20 20:30:00+00:00,79.06999969482422,80.92669677734375,79.06999969482422,80.6500015258789,2503607
2024-11-21 14:30:00+00:00,84.36000061035156,88.30999755859375,75.24009704589844,75.40989685058594,20420410
2024-11-21 15:30:00+00:00,75.37999725341797,79.66999816894531,74.88500213623047,79.59449768066406,5282007
2024-11-21 16:30:00+00:00,79.60489654541016,80.08999633789062,77.55999755859375,78.81999969482422,2178475
2024-11-21 17:30:00+00:00,78.86499786376953,80.05069732666016,78.21199798583984,79.80999755859375,1576315
2024-11-21 18:30:00+00:00,79.85810089111328,82.45999908447266,79.85810089111328,81.93000030517578,3292483
2024-11-21 19:30:00+00:00,81.91999816894531,83.4968032836914,81.7300033569336,83.11499786376953,2710251
2024-11-21 20:30:00+00:00,83.0999984741211,83.3499984741211,81.02100372314453,81.41500091552734,1748466
2024-11-22 14:30:00+00:00,80.5,81.9000015258789,76.7499008178711,77.05000305175781,6834528
2024-11-22 15:30:00+00:00,77.05000305175781,78.30000305175781,76.20999908447266,76.48999786376953,3173521
2024-11-22 16:30:00+00:00,76.5199966430664,76.62999725341797,75.72000122070312,76.30999755859375,2734168
2024-11-22 17:30:00+00:00,76.31950378417969,76.55999755859375,75.97000122070312,76.16999816894531,1357608
2024-11-22 18:30:00+00:00,76.18000030517578,76.38999938964844,75.20999908447266,75.62989807128906,1666263
2024-11-22 19:30:00+00:00,75.62999725341797,76.43000030517578,75.5999984741211,76.20999908447266,1590989
2024-11-22 20:30:00+00:00,76.16000366210938,76.31999969482422,75.66000366210938,76.05000305175781,1345277
2024-11-25 14:30:00+00:00,75.98999786376953,76.19999694824219,70.23999786376953,70.98999786376953,9696683
2024-11-25 15:30:00+00:00,70.91999816894531,72.2300033569336,70.0,72.19940185546875,3873074
2024-11-25 16:30:00+00:00,72.22650146484375,72.58999633789062,70.44229888916016,70.75,1841925
2024-11-25 17:30:00+00:00,70.75,71.75,70.23999786376953,70.9000015258789,1203415
2024-11-25 18:30:00+00:00,70.93229675292969,71.01000213623047,70.05999755859375,70.73999786376953,1325142
2024-11-25 19:30:00+00:00,70.7300033569336,71.25579833984375,70.14009857177734,70.5199966430664,1292698
2024-11-25 20:30:00+00:00,70.5199966430664,70.94000244140625,69.55999755859375,69.66000366210938,1879644
2024-11-26 14:30:00+00:00,71.68990325927734,73.06999969482422,70.02999877929688,70.73999786376953,5584704
2024-11-26 15:30:00+00:00,70.69999694824219,70.91000366210938,69.87999725341797,70.66999816894531,1477264
2024-11-26 16:30:00+00:00,70.66000366210938,70.87000274658203,70.19999694824219,70.54000091552734,698235
2024-11-26 17:30:00+00:00,70.52999877929688,70.80999755859375,70.08999633789062,70.34989929199219,570633
2024-11-26 18:30:00+00:00,70.36990356445312,70.5864028930664,69.35009765625,69.7251968383789,890430
2024-11-26 19:30:00+00:00,69.61000061035156,70.55000305175781,69.5199966430664,70.55000305175781,835762
2024-11-26 20:30:00+00:00,70.48999786376953,70.83000183105469,70.27999877929688,70.59500122070312,647139
2024-11-27 14:30:00+00:00,68.62999725341797,68.7300033569336,65.760498046875,65.86000061035156,7477092
2024-11-27 15:30:00+00:00,66.0,66.62999725341797,65.51000213623047,65.94999694824219,2770781
2024-11-27 16:30:00+00:00,65.92440032958984,66.31999969482422,65.44000244140625,66.125,1840347
2024-11-27 17:30:00+00:00,66.12000274658203,67.23999786376953,65.7874984741211,67.23999786376953,1667704
2024-11-27 18:30:00+00:00,67.2300033569336,68.1698989868164,67.19000244140625,67.75,1618009
2024-11-27 19:30:00+00:00,67.75,68.7699966430664,67.55999755859375,68.02999877929688,1154159
2024-11-27 20:30:00+00:00,68.00499725341797,68.98739624023438,67.75,68.9800033569336,909636
2024-11-29 14:30:00+00:00,70.3499984741211,72.95999908447266,69.5801010131836,72.27999877929688,5504729
2024-11-29 15:30:00+00:00,72.23750305175781,72.75,71.80000305175781,71.9800033569336,1700784
2024-11-29 16:30:00+00:00,71.94000244140625,72.68000030517578,71.72000122070312,72.41999816894531,1378797
2024-12-02 14:30:00+00:00,72.31999969482422,74.12000274658203,71.62999725341797,72.80000305175781,5434673
2024-12-02 15:30:00+00:00,72.83999633789062,72.88999938964844,71.87000274658203,72.58360290527344,1943336
2024-12-02 16:30:00+00:00,72.5999984741211,73.25749969482422,72.30000305175781,72.77100372314453,951645
2024-12-02 17:30:00+00:00,72.69000244140625,72.8499984741211,71.87000274658203,71.87999725341797,732180
2024-12-02 18:30:00+00:00,71.87000274658203,72.44000244140625,71.37010192871094,71.69000244140625,808245
2024-12-02 19:30:00+00:00,71.68560028076172,72.44999694824219,71.63999938964844,72.39659881591797,661198
2024-12-02 20:30:00+00:00,72.38860321044922,72.45999908447266,71.44000244140625,72.19000244140625,789486
2024-12-03 14:30:00+00:00,72.01000213623047,74.16999816894531,71.47000122070312,72.06999969482422,3732364
2024-12-03 15:30:00+00:00,72.07759857177734,72.98999786376953,71.63009643554688,72.72000122070312,1352610
2024-12-03 16:30:00+00:00,72.70999908447266,73.02999877929688,72.05999755859375,72.33000183105469,641034
2024-12-03 17:30:00+00:00,72.31999969482422,73.04000091552734,72.08999633789062,72.72000122070312,529583
2024-12-03 18:30:00+00:00,72.61370086669922,72.97830200195312,72.48999786376953,72.8499984741211,410034
2024-12-03 19:30:00+00:00,72.89360046386719,73.91999816894531,72.89360046386719,73.86959838867188,937426
2024-12-03 20:30:00+00:00,73.84989929199219,73.9000015258789,73.31999969482422,73.83000183105469,791935
2024-12-04 14:30:00+00:00,75.73999786376953,76.36000061035156,73.9000015258789,75.49500274658203,4643965
2024-12-04 15:30:00+00:00,75.4708023071289,76.73999786376953,75.27999877929688,76.68009948730469,1843765
2024-12-04 16:30:00+00:00,76.69000244140625,78.38980102539062,76.63009643554688,78.36959838867188,2750459
2024-12-04 17:30:00+00:00,78.38999938964844,78.4397964477539,77.58000183105469,77.58999633789062,1502425
2024-12-04 18:30:00+00:00,77.58999633789062,79.37789916992188,77.5199966430664,79.35990142822266,1724671
2024-12-04 19:30:00+00:00,79.37999725341797,79.62999725341797,79.08000183105469,79.20999908447266,1908586
2024-12-04 20:30:00+00:00,79.16000366210938,79.52999877929688,78.39510345458984,78.94999694824219,1305126
2024-12-05 14:30:00+00:00,78.0,79.96649932861328,77.67630004882812,78.375,4361119
2024-12-05 15:30:00+00:00,78.37999725341797,80.0999984741211,77.9800033569336,79.8395004272461,1648000
2024-12-05 16:30:00+00:00,79.83000183105469,80.46009826660156,79.65299987792969,79.91500091552734,1231196
2024-12-05 17:30:00+00:00,79.88990020751953,80.06999969482422,78.44000244140625,78.70770263671875,899794
2024-12-05 18:30:00+00:00,78.72000122070312,78.97530364990234,78.05000305175781,78.66000366210938,844810
2024-12-05 19:30:00+00:00,78.6500015258789,79.32990264892578,78.6500015258789,78.7499008178711,607174
2024-12-05 20:30:00+00:00,78.75080108642578,79.04840087890625,78.63999938964844,78.8499984741211,577538
2024-12-06 14:30:00+00:00,78.27999877929688,79.4800033569336,77.81999969482422,78.23590087890625,2850994
2024-12-06 15:30:00+00:00,78.23500061035156,78.41000366210938,75.19110107421875,76.22000122070312,3259898
2024-12-06 16:30:00+00:00,76.19999694824219,76.8197021484375,74.7300033569336,76.47000122070312,2513784
2024-12-06 17:30:00+00:00,76.4800033569336,76.4800033569336,75.5199966430664,76.20999908447266,1012494
2024-12-06 18:30:00+00:00,76.21009826660156,76.21009826660156,75.69000244140625,76.0999984741211,692081
2024-12-06 19:30:00+00:00,76.10800170898438,76.23999786376953,75.37000274658203,75.57499694824219,878959
2024-12-06 20:30:00+00:00,75.55000305175781,75.95999908447266,75.25450134277344,75.95999908447266,832254
2024-12-09 14:30:00+00:00,71.14099884033203,73.26750183105469,71.02999877929688,71.91510009765625,6591346
2024-12-09 15:30:00+00:00,71.93000030517578,72.10569763183594,70.30000305175781,71.29000091552734,2729391
2024-12-09 16:30:00+00:00,71.2699966430664,71.94999694824219,71.06999969482422,71.68000030517578,1032663
2024-12-09 17:30:00+00:00,71.68560028076172,73.06009674072266,71.68560028076172,72.8499984741211,1033291
2024-12-09 18:30:00+00:00,72.83999633789062,73.16819763183594,71.88999938964844,71.96980285644531,721711
2024-12-09 19:30:00+00:00,71.95999908447266,71.9990005493164,71.25160217285156,71.49009704589844,876069
2024-12-09 20:30:00+00:00,71.55000305175781,72.4000015258789,71.47000122070312,72.12999725341797,712823
2024-12-10 14:30:00+00:00,72.0199966430664,75.1240005493164,72.0199966430664,73.3136978149414,4223993
2024-12-10 15:30:00+00:00,73.32499694824219,73.41000366210938,70.20999908447266,70.33999633789062,2270275
2024-12-10 16:30:00+00:00,70.37999725341797,70.38300323486328,68.88999938964844,69.44950103759766,2489859
2024-12-10 17:30:00+00:00,69.41000366210938,70.00499725341797,69.08000183105469,69.52999877929688,1235533
2024-12-10 18:30:00+00:00,69.52999877929688,69.7699966430664,68.76000213623047,69.01000213623047,999341
2024-12-10 19:30:00+00:00,69.0,69.06739807128906,66.87000274658203,67.65360260009766,2595785
2024-12-10 20:30:00+00:00,67.68000030517578,68.4800033569336,67.54000091552734,68.06999969482422,1009022
2024-12-11 14:30:00+00:00,70.44000244140625,71.0999984741211,68.29000091552734,69.26499938964844,5237916
2024-12-11 15:30:00+00:00,69.36000061035156,70.77999877929688,68.50969696044922,70.76000213623047,1766575
2024-12-11 16:30:00+00:00,70.71990203857422,72.12999725341797,70.25050354003906,71.70989990234375,1956918
2024-12-11 17:30:00+00:00,71.7300033569336,72.26000213623047,71.32959747314453,72.24829864501953,1089265
2024-12-11 18:30:00+00:00,72.25499725341797,73.01750183105469,72.19059753417969,72.5199966430664,1271184
2024-12-11 19:30:00+00:00,72.5199966430664,73.23999786376953,72.44059753417969,73.19999694824219,1128139
2024-12-11 20:30:00+00:00,73.16999816894531,73.16999816894531,72.0199966430664,72.37000274658203,874416
2024-12-12 14:30:00+00:00,70.05000305175781,70.56700134277344,68.72000122070312,69.65989685058594,4232134
2024-12-12 15:30:00+00:00,69.62010192871094,70.5,69.3499984741211,69.69000244140625,1406367
2024-12-12 16:30:00+00:00,69.70999908447266,70.37999725341797,69.05999755859375,70.37190246582031,1141276
2024-12-12 17:30:00+00:00,70.29000091552734,71.41999816894531,69.93000030517578,71.22000122070312,1099436
2024-12-12 18:30:00+00:00,71.19999694824219,71.24810028076172,70.33989715576172,70.95999908447266,768373
2024-12-12 19:30:00+00:00,70.92919921875,71.11000061035156,70.2300033569336,70.33000183105469,786655
2024-12-12 20:30:00+00:00,70.37000274658203,70.69999694824219,69.94999694824219,70.30000305175781,771372
2024-12-13 14:30:00+00:00,71.83999633789062,72.55000305175781,69.35079956054688,69.37999725341797,5224388
2024-12-13 15:30:00+00:00,69.4000015258789,69.91000366210938,65.36000061035156,65.77999877929688,6362067
2024-12-13 16:30:00+00:00,65.79000091552734,67.0,65.73999786376953,66.10659790039062,2591097
2024-12-13 17:30:00+00:00,66.13500213623047,67.38999938964844,65.68000030517578,67.37999725341797,1771306
2024-12-13 18:30:00+00:00,67.37000274658203,67.58989715576172,66.79000091552734,67.48570251464844,1038290
2024-12-13 19:30:00+00:00,67.51000213623047,67.7699966430664,66.48370361328125,66.82649993896484,1244959
2024-12-13 20:30:00+00:00,66.80000305175781,67.12000274658203,66.55999755859375,67.06999969482422,916948
2024-12-16 14:30:00+00:00,66.95999908447266,67.18000030517578,63.2510986328125,65.11250305175781,8550334
2024-12-16 15:30:00+00:00,65.08000183105469,65.26000213623047,63.714698791503906,63.75,2595998
2024-12-16 16:30:00+00:00,63.73509979248047,64.37999725341797,63.279998779296875,63.79650115966797,2336643
2024-12-16 17:30:00+00:00,63.79990005493164,64.8499984741211,63.650001525878906,64.12999725341797,1566744
2024-12-16 18:30:00+00:00,64.0999984741211,64.58039855957031,63.54999923706055,64.39009857177734,2103712
2024-12-16 19:30:00+00:00,64.44999694824219,65.5999984741211,64.44499969482422,65.20500183105469,1840623
2024-12-16 20:30:00+00:00,65.15499877929688,65.23999786376953,64.3499984741211,64.80010223388672,992784
2024-12-17 14:30:00+00:00,61.88999938964844,62.470001220703125,59.77000045776367,60.5,9939868
2024-12-17 15:30:00+00:00,60.5099983215332,62.14339828491211,60.5099983215332,61.83000183105469,2615757
2024-12-17 16:30:00+00:00,61.82500076293945,64.01000213623047,61.65140151977539,64.00499725341797,3081555
2024-12-17 17:30:00+00:00,64.00640106201172,64.37989807128906,62.56999969482422,62.5713005065918,2008032
2024-12-17 18:30:00+00:00,62.56990051269531,63.029998779296875,62.130001068115234,62.747501373291016,1377243
2024-12-17 19:30:00+00:00,62.74980163574219,62.83000183105469,61.95000076293945,62.15999984741211,1280816
2024-12-17 20:30:00+00:00,62.189998626708984,63.20000076293945,61.68000030517578,63.189998626708984,1558493
2024-12-18 14:30:00+00:00,66.56999969482422,68.40989685058594,65.53500366210938,68.19999694824219,9392282
2024-12-18 15:30:00+00:00,68.1937026977539,69.29499816894531,67.61139678955078,67.9000015258789,3240004
2024-12-18 16:30:00+00:00,67.9000015258789,68.4800033569336,67.31999969482422,68.23500061035156,1658247
2024-12-18 17:30:00+00:00,68.19999694824219,69.0,67.75,68.58999633789062,1290088
2024-12-18 18:30:00+00:00,68.58999633789062,68.92990112304688,66.41999816894531,66.52010345458984,2624210
2024-12-18 19:30:00+00:00,66.44000244140625,67.0999984741211,63.573001861572266,63.71099853515625,4379627
2024-12-18 20:30:00+00:00,63.7400016784668,64.34870147705078,61.150001525878906,61.70000076293945,4351387
2024-12-19 14:30:00+00:00,64.1500015258789,64.73999786376953,62.6150016784668,62.994998931884766,6507349
2024-12-19 15:30:00+00:00,63.02000045776367,66.06999969482422,62.35449981689453,65.80760192871094,4143642
2024-12-19 16:30:00+00:00,65.73500061035156,66.62999725341797,64.1614990234375,64.30999755859375,2668613
2024-12-19 17:30:00+00:00,64.37000274658203,65.24929809570312,64.2300033569336,64.4999008178711,1504659
2024-12-19 18:30:00+00:00,64.41999816894531,65.5999984741211,64.30000305175781,64.68000030517578,1334660
2024-12-19 19:30:00+00:00,64.72000122070312,64.75990295410156,63.65999984741211,64.27999877929688,1373311
2024-12-19 20:30:00+00:00,64.32499694824219,64.55000305175781,63.03070068359375,63.392799377441406,1177650
2024-12-20 14:30:00+00:00,62.42660140991211,65.12799835205078,60.939998626708984,65.08999633789062,8410949
2024-12-20 15:30:00+00:00,65.08000183105469,66.70999908447266,64.98999786376953,66.44999694824219,3481581
2024-12-20 16:30:00+00:00,66.4749984741211,67.54000091552734,66.43000030517578,67.51419830322266,2754978
2024-12-20 17:30:00+00:00,67.48999786376953,67.80000305175781,66.12000274658203,66.28810119628906,1963199
2024-12-20 18:30:00+00:00,66.25,67.52079772949219,66.1500015258789,67.45999908447266,1254912
2024-12-20 19:30:00+00:00,67.44999694824219,67.55999755859375,66.28230285644531,66.45500183105469,1484877
2024-12-20 20:30:00+00:00,66.45999908447266,67.5,65.5,67.5,1934486
2024-12-23 14:30:00+00:00,69.41500091552734,70.31999969482422,67.6404037475586,68.75599670410156,7508741
2024-12-23 15:30:00+00:00,68.73970031738281,70.0199966430664,68.33999633789062,69.7300033569336,2139012
2024-12-23 16:30:00+00:00,69.75,70.97000122070312,69.36499786376953,70.43000030517578,2000948
2024-12-23 17:30:00+00:00,70.45999908447266,71.48999786376953,70.27179718017578,71.02999877929688,1473634
2024-12-23 18:30:00+00:00,71.05500030517578,72.18000030517578,71.05000305175781,71.86000061035156,1799627
2024-12-23 19:30:00+00:00,71.84010314941406,72.0,70.83000183105469,71.57009887695312,1624158
2024-12-23 20:30:00+00:00,71.55999755859375,72.1500015258789,71.375,72.12000274658203,1111472
2024-12-24 14:30:00+00:00,72.4000015258789,74.43000030517578,71.75,73.30000305175781,5036442
2024-12-24 15:30:00+00:00,73.28939819335938,73.91000366210938,72.7300033569336,73.88999938964844,2059473
2024-12-24 16:30:00+00:00,73.88999938964844,73.88999938964844,72.94000244140625,73.23750305175781,1472717
2024-12-26 14:30:00+00:00,72.06500244140625,73.29000091552734,70.07319641113281,71.12310028076172,4664608
2024-12-26 15:30:00+00:00,71.05999755859375,72.06999969482422,70.79499816894531,71.75,1426002
2024-12-26 16:30:00+00:00,71.79000091552734,72.8499984741211,71.61000061035156,72.36000061035156,1120317
2024-12-26 17:30:00+00:00,72.36000061035156,72.79519653320312,71.75060272216797,72.62000274658203,1025269
2024-12-26 18:30:00+00:00,72.62999725341797,72.76000213623047,72.23999786376953,72.36199951171875,569481
2024-12-26 19:30:00+00:00,72.38400268554688,72.65299987792969,72.22000122070312,72.52999877929688,508519
2024-12-26 20:30:00+00:00,72.52300262451172,72.66999816894531,72.19999694824219,72.27999877929688,590574
2024-12-27 14:30:00+00:00,70.83100128173828,71.31500244140625,66.9000015258789,67.87000274658203,5842631
2024-12-27 15:30:00+00:00,67.83000183105469,69.11000061035156,67.3499984741211,69.11000061035156,1922037
2024-12-27 16:30:00+00:00,69.0999984741211,69.19000244140625,67.37000274658203,67.91000366210938,1562880
2024-12-27 17:30:00+00:00,67.91999816894531,68.80000305175781,67.56999969482422,68.18000030517578,969956
2024-12-27 18:30:00+00:00,68.14009857177734,69.07959747314453,68.07929992675781,68.44999694824219,791224
2024-12-27 19:30:00+00:00,68.44999694824219,69.23999786376953,68.41999816894531,69.0199966430664,1050440
2024-12-27 20:30:00+00:00,69.0,69.36000061035156,68.52790069580078,69.36000061035156,932985
2024-12-30 14:30:00+00:00,67.04000091552734,70.93000030517578,66.25,68.95999908447266,5581187
2024-12-30 15:30:00+00:00,68.98999786376953,70.5,68.9198989868164,69.77989959716797,1633825
2024-12-30 16:30:00+00:00,69.77799987792969,71.30000305175781,69.65260314941406,71.26000213623047,1322669
2024-12-30 17:30:00+00:00,71.27999877929688,72.5,71.13999938964844,71.80699920654297,1802631
2024-12-30 18:30:00+00:00,71.78959655761719,72.18499755859375,71.08000183105469,71.25,1099907
2024-12-30 19:30:00+00:00,71.25,71.76000213623047,70.82499694824219,70.82499694824219,893635
2024-12-30 20:30:00+00:00,70.9000015258789,71.06999969482422,69.62999725341797,69.66000366210938,1090969
2024-12-31 14:30:00+00:00,70.12999725341797,70.27890014648438,67.85459899902344,69.6438980102539,3950528
2024-12-31 15:30:00+00:00,69.66999816894531,69.79779815673828,67.23870086669922,67.24500274658203,1601051
2024-12-31 16:30:00+00:00,67.25,68.36000061035156,67.08999633789062,67.19000244140625,1245173
2024-12-31 17:30:00+00:00,67.18499755859375,67.86920166015625,66.4000015258789,66.58000183105469,1419573
2024-12-31 18:30:00+00:00,66.55999755859375,66.96990203857422,65.97000122070312,66.28620147705078,1255073
2024-12-31 19:30:00+00:00,66.25,67.77999877929688,66.02570343017578,67.625,993138
2024-12-31 20:30:00+00:00,67.5999984741211,67.70999908447266,66.23999786376953,66.2699966430664,1153365
2025-01-02 14:30:00+00:00,68.01000213623047,70.4000015258789,66.72100067138672,68.98999786376953,5514529
2025-01-02 15:30:00+00:00,69.01000213623047,70.0999984741211,68.45099639892578,69.97679901123047,1544289
2025-01-02 16:30:00+00:00,69.97000122070312,70.90029907226562,68.99410247802734,69.0636978149414,1728401
2025-01-02 17:30:00+00:00,69.04000091552734,69.04000091552734,67.25,68.43000030517578,1933072
2025-01-02 18:30:00+00:00,68.41000366210938,69.4000015258789,67.6500015258789,69.36000061035156,1114334
2025-01-02 19:30:00+00:00,69.33999633789062,70.06990051269531,68.70999908447266,69.93000030517578,1084386
2025-01-02 20:30:00+00:00,69.97000122070312,70.61000061035156,69.3499984741211,70.33000183105469,792859
2025-01-03 14:30:00+00:00,71.9800033569336,76.26000213623047,71.80999755859375,75.19999694824219,8465858
2025-01-03 15:30:00+00:00,75.18000030517578,75.77519989013672,74.77999877929688,75.53929901123047,1990740
2025-01-03 16:30:00+00:00,75.54000091552734,76.17980194091797,75.26370239257812,75.74079895019531,2472219
2025-01-03 17:30:00+00:00,75.77999877929688,76.81199645996094,75.69999694824219,76.57620239257812,1328655
2025-01-03 18:30:00+00:00,76.57260131835938,76.97540283203125,75.88999938964844,76.45149993896484,1252446
2025-01-03 19:30:00+00:00,76.37000274658203,76.64990234375,76.0999984741211,76.3855972290039,1081345
2025-01-03 20:30:00+00:00,76.36000061035156,76.76100158691406,76.12000274658203,76.62000274658203,1399906
2025-01-06 14:30:00+00:00,80.84500122070312,84.16999816894531,80.05010223388672,83.97000122070312,10196526
2025-01-06 15:30:00+00:00,83.98999786376953,84.64969635009766,83.45999908447266,84.36060333251953,2466554
2025-01-06 16:30:00+00:00,84.29000091552734,84.37000274658203,83.31999969482422,83.76000213623047,1462291
2025-01-06 17:30:00+00:00,83.69999694824219,84.30989837646484,83.23999786376953,84.13500213623047,1355474
2025-01-06 18:30:00+00:00,84.12000274658203,84.30000305175781,82.0199966430664,82.66999816894531,1482792
2025-01-06 19:30:00+00:00,82.55000305175781,83.0,81.68000030517578,82.88999938964844,1059417
2025-01-06 20:30:00+00:00,82.88999938964844,83.22000122070312,80.55000305175781,81.86000061035156,1710159
2025-01-07 14:30:00+00:00,85.76000213623047,85.81999969482422,75.54010009765625,75.61750030517578,12549758
2025-01-07 15:30:00+00:00,74.66000366210938,74.83000183105469,72.0,74.5,8820718
2025-01-07 16:30:00+00:00,74.45269775390625,81.83999633789062,72.69000244140625,73.00700378417969,2713751
2025-01-07 17:30:00+00:00,72.94999694824219,75.19999694824219,72.91999816894531,74.86000061035156,1498560
2025-01-07 18:30:00+00:00,74.83999633789062,74.87989807128906,73.01499938964844,73.2699966430664,1480023
2025-01-07 19:30:00+00:00,73.25,73.26000213623047,72.0,72.11479949951172,2105502
2025-01-07 20:30:00+00:00,72.13999938964844,72.8499984741211,71.44000244140625,71.69999694824219,2071634
2025-01-08 14:30:00+00:00,73.28009796142578,75.45999908447266,70.875,72.05500030517578,9354212
2025-01-08 15:30:00+00:00,72.0,72.94999694824219,70.87999725341797,71.46990203857422,2069138
2025-01-08 16:30:00+00:00,71.48999786376953,72.2699966430664,69.43000030517578,69.5000991821289,1831659
2025-01-08 17:30:00+00:00,69.4801025390625,72.28500366210938,69.2699966430664,72.08000183105469,1892474
2025-01-08 18:30:00+00:00,72.0105972290039,72.45999908447266,71.0199966430664,72.15799713134766,1141542
2025-01-08 19:30:00+00:00,72.11000061035156,72.1500015258789,71.15380096435547,71.44000244140625,718765
2025-01-08 20:30:00+00:00,71.45999908447266,71.70999908447266,71.2300033569336,71.52999877929688,850286
2025-01-10 14:30:00+00:00,68.83000183105469,68.8906021118164,65.44999694824219,67.43620300292969,8428360
2025-01-10 15:30:00+00:00,67.41000366210938,68.68990325927734,66.37999725341797,66.87989807128906,2279248
2025-01-10 16:30:00+00:00,66.72000122070312,67.46630096435547,66.24240112304688,67.43000030517578,1258685
2025-01-10 17:30:00+00:00,67.37999725341797,68.17520141601562,67.37999725341797,67.7699966430664,917716
2025-01-10 18:30:00+00:00,67.83100128173828,68.38999938964844,67.03009796142578,67.52999877929688,1121206
2025-01-10 19:30:00+00:00,67.51499938964844,67.75,66.69000244140625,66.93000030517578,883549
2025-01-10 20:30:00+00:00,66.88990020751953,67.37999725341797,66.68000030517578,67.19000244140625,983003
2025-01-13 14:30:00+00:00,61.2400016784668,63.849998474121094,60.849998474121094,62.00749969482422,8797691
2025-01-13 15:30:00+00:00,62.119998931884766,64.38999938964844,62.010398864746094,62.92369842529297,2172532
2025-01-13 16:30:00+00:00,62.9015998840332,64.08999633789062,62.40999984741211,63.875,1900968
2025-01-13 17:30:00+00:00,63.869998931884766,64.16619873046875,63.239898681640625,63.790000915527344,1149419
2025-01-13 18:30:00+00:00,63.76490020751953,63.899898529052734,62.86000061035156,63.56999969482422,781829
2025-01-13 19:30:00+00:00,63.47999954223633,63.89970016479492,63.220001220703125,63.46500015258789,882669
2025-01-13 20:30:00+00:00,63.47999954223633,64.69989776611328,63.44599914550781,64.47000122070312,891989
2025-01-14 14:30:00+00:00,67.37000274658203,67.5,63.79999923706055,63.810001373291016,6268853
2025-01-14 15:30:00+00:00,63.84000015258789,64.19969940185547,61.66999816894531,62.29999923706055,3702376
2025-01-14 16:30:00+00:00,62.310001373291016,62.540000915527344,61.79999923706055,62.44919967651367,1285179
2025-01-14 17:30:00+00:00,62.439998626708984,63.060001373291016,61.922698974609375,62.97639846801758,1389882
2025-01-14 18:30:00+00:00,62.935001373291016,63.619998931884766,62.7599983215332,62.9901008605957,1424155
2025-01-14 19:30:00+00:00,62.99769973754883,63.290401458740234,61.38999938964844,62.11000061035156,1928777
2025-01-14 20:30:00+00:00,62.16999816894531,63.09000015258789,61.779998779296875,63.08250045776367,994440
2025-01-15 14:30:00+00:00,64.88999938964844,65.6675033569336,62.59000015258789,65.31420135498047,5544604
2025-01-15 15:30:00+00:00,65.3499984741211,66.62999725341797,65.11720275878906,65.51499938964844,1928445
2025-01-15 16:30:00+00:00,65.48999786376953,66.0199966430664,64.6719970703125,65.98999786376953,1313902
2025-01-15 17:30:00+00:00,66.01000213623047,66.77999877929688,65.98570251464844,66.56500244140625,1677545
2025-01-15 18:30:00+00:00,66.58000183105469,67.0,66.20999908447266,66.98280334472656,772131
2025-01-15 19:30:00+00:00,66.98789978027344,67.26000213623047,66.33999633789062,67.08000183105469,1130483
2025-01-15 20:30:00+00:00,67.06999969482422,67.43000030517578,66.76499938964844,67.25,935231
2025-01-16 14:30:00+00:00,69.60749816894531,69.66999816894531,67.29000091552734,68.20999908447266,5618633
2025-01-16 15:30:00+00:00,68.19000244140625,68.36000061035156,66.12999725341797,66.26010131835938,2080301
2025-01-16 16:30:00+00:00,66.2500991821289,66.62850189208984,65.13999938964844,66.6063003540039,1724104
2025-01-16 17:30:00+00:00,66.55999755859375,66.67990112304688,65.26499938964844,65.29000091552734,877940
2025-01-16 18:30:00+00:00,65.26499938964844,66.31999969482422,64.58999633789062,66.13999938964844,1702143
2025-01-16 19:30:00+00:00,66.12699890136719,66.8499984741211,66.0000991821289,66.19000244140625,1048555
2025-01-16 20:30:00+00:00,66.16999816894531,66.33989715576172,64.55000305175781,64.56999969482422,847161
2025-01-17 14:30:00+00:00,67.41999816894531,68.46900177001953,66.38500213623047,67.62000274658203,5109245
2025-01-17 15:30:00+00:00,67.61260223388672,69.04000091552734,67.58319854736328,68.93499755859375,2141740
2025-01-17 16:30:00+00:00,68.93009948730469,69.01809692382812,68.47000122070312,68.76969909667969,1212513
2025-01-17 17:30:00+00:00,68.7699966430664,69.29630279541016,68.40370178222656,69.01000213623047,938860
2025-01-17 18:30:00+00:00,69.04000091552734,69.09989929199219,68.29000091552734,68.8904037475586,704637
2025-01-17 19:30:00+00:00,68.82759857177734,68.96499633789062,68.16000366210938,68.49500274658203,1118240
2025-01-17 20:30:00+00:00,68.48999786376953,68.9000015258789,68.36000061035156,68.58999633789062,766252
2025-01-21 14:30:00+00:00,70.05799865722656,71.0,67.9000015258789,69.27999877929688,4878603
2025-01-21 15:30:00+00:00,69.29000091552734,70.00499725341797,68.94999694824219,69.70999908447266,1233134
2025-01-21 16:30:00+00:00,69.76499938964844,70.29000091552734,69.1500015258789,70.12010192871094,699424
2025-01-21 17:30:00+00:00,70.13999938964844,72.5979995727539,70.0801010131836,72.36000061035156,2475103
2025-01-21 18:30:00+00:00,72.38999938964844,72.5625,71.56120300292969,72.08999633789062,1345556
2025-01-21 19:30:00+00:00,72.09989929199219,72.36000061035156,71.75,72.36000061035156,931630
2025-01-21 20:30:00+00:00,72.34950256347656,72.46990203857422,71.36039733886719,71.62999725341797,831826
2025-01-22 14:30:00+00:00,75.5,78.27999877929688,74.54000091552734,77.20999908447266,8816060
2025-01-22 15:30:00+00:00,77.22000122070312,78.05000305175781,76.38040161132812,76.83000183105469,2694797
2025-01-22 16:30:00+00:00,76.84989929199219,77.7699966430664,76.54429626464844,77.62010192871094,1228883
2025-01-22 17:30:00+00:00,77.61000061035156,77.94609832763672,77.21029663085938,77.45999908447266,824565
2025-01-22 18:30:00+00:00,77.47000122070312,78.58000183105469,77.41999816894531,78.22000122070312,1455194
2025-01-22 19:30:00+00:00,78.2699966430664,78.63999938964844,77.87999725341797,77.9000015258789,964828
2025-01-22 20:30:00+00:00,77.95999908447266,78.29499816894531,77.55000305175781,77.91799926757812,1086174
2025-01-23 14:30:00+00:00,75.58000183105469,76.69000244140625,74.33999633789062,76.0199966430664,4271350
2025-01-23 15:30:00+00:00,76.010498046875,77.05999755859375,75.7699966430664,76.44999694824219,1304516
2025-01-23 16:30:00+00:00,76.44000244140625,77.09960174560547,76.02400207519531,76.11499786376953,915035
2025-01-23 17:30:00+00:00,76.06999969482422,76.87000274658203,75.70999908447266,76.64849853515625,903464
2025-01-23 18:30:00+00:00,76.63999938964844,77.52999877929688,76.62999725341797,77.39510345458984,858170
2025-01-23 19:30:00+00:00,77.42749786376953,77.66999816894531,76.75,77.24099731445312,877915
2025-01-23 20:30:00+00:00,77.2300033569336,78.0,76.81999969482422,78.0,898442
2025-01-24 14:30:00+00:00,79.04000091552734,79.81400299072266,76.45999908447266,76.7499008178711,5288313
2025-01-24 15:30:00+00:00,76.7249984741211,77.27999877929688,75.56999969482422,75.86000061035156,2026133
2025-01-24 16:30:00+00:00,75.80999755859375,76.0468978881836,74.73999786376953,75.0103988647461,1849814
2025-01-24 17:30:00+00:00,75.05500030517578,75.21990203857422,73.12999725341797,73.95989990234375,2115645
2025-01-24 18:30:00+00:00,73.9800033569336,74.12999725341797,72.41999816894531,72.79989624023438,2230124
2025-01-24 19:30:00+00:00,72.78500366210938,73.3499984741211,72.33999633789062,72.4800033569336,1284506
2025-01-24 20:30:00+00:00,72.5,73.33000183105469,72.37999725341797,73.09369659423828,1282816
2025-01-27 14:30:00+00:00,54.900001525878906,58.54990005493164,53.11000061035156,54.095001220703125,39004720
2025-01-27 15:30:00+00:00,54.099998474121094,55.02450180053711,49.0,49.09989929199219,15086535
2025-01-27 16:30:00+00:00,49.09000015258789,51.73899841308594,47.189998626708984,49.70989990234375,13511627
2025-01-27 17:30:00+00:00,49.650001525878906,50.95560073852539,47.66999816894531,47.7494010925293,5581090
2025-01-27 18:30:00+00:00,47.74789810180664,49.880001068115234,47.2599983215332,48.709999084472656,5645327
2025-01-27 19:30:00+00:00,48.689998626708984,49.349998474121094,46.59000015258789,47.5099983215332,6571025
2025-01-27 20:30:00+00:00,47.65999984741211,48.47999954223633,47.65370178222656,48.369998931884766,3138421
2025-01-28 14:30:00+00:00,51.189998626708984,51.2140007019043,46.54999923706055,51.019901275634766,21153446
2025-01-28 15:30:00+00:00,51.0099983215332,51.02389907836914,49.04999923706055,50.22010040283203,5668176
2025-01-28 16:30:00+00:00,50.209999084472656,54.970001220703125,50.099998474121094,54.48619842529297,9189593
2025-01-28 17:30:00+00:00,54.47999954223633,55.209999084472656,53.58000183105469,54.52009963989258,5918043
2025-01-28 18:30:00+00:00,54.544898986816406,55.61000061035156,54.02000045776367,55.09000015258789,3580173
2025-01-28 19:30:00+00:00,55.09000015258789,55.9900016784668,55.0,55.75,3525048
2025-01-28 20:30:00+00:00,55.75,56.861000061035156,55.209999084472656,56.86000061035156,3488108
2025-01-29 14:30:00+00:00,54.61000061035156,55.0,52.2599983215332,52.51969909667969,13679196
2025-01-29 15:30:00+00:00,52.52000045776367,52.810001373291016,50.5099983215332,51.56999969482422,7018838
2025-01-29 16:30:00+00:00,51.595001220703125,51.83000183105469,50.6682014465332,51.61989974975586,3880777
2025-01-29 17:30:00+00:00,51.65999984741211,52.02000045776367,49.04970169067383,50.400001525878906,5584123
2025-01-29 18:30:00+00:00,50.38959884643555,50.79999923706055,49.27000045776367,49.80979919433594,3976687
2025-01-29 19:30:00+00:00,49.71070098876953,51.900001525878906,49.5,51.7599983215332,4314583
2025-01-29 20:30:00+00:00,51.779998779296875,52.27000045776367,50.410099029541016,52.27000045776367,2452015
2025-01-30 14:30:00+00:00,51.70000076293945,52.560001373291016,48.65060043334961,48.7400016784668,13405526
2025-01-30 15:30:00+00:00,48.77000045776367,49.42770004272461,47.52000045776367,48.29999923706055,9086098
2025-01-30 16:30:00+00:00,48.29999923706055,49.84000015258789,47.79999923706055,48.5099983215332,6508780
2025-01-30 17:30:00+00:00,48.52629852294922,49.27000045776367,48.375,48.62009811401367,2140921
2025-01-30 18:30:00+00:00,48.69499969482422,50.41699981689453,48.599998474121094,50.314998626708984,3229083
2025-01-30 19:30:00+00:00,50.279998779296875,51.9900016784668,49.93170166015625,51.9109992980957,3672366
2025-01-30 20:30:00+00:00,51.919898986816406,53.2400016784668,50.700199127197266,53.150001525878906,3945893
2025-01-31 14:30:00+00:00,52.16960144042969,54.630001068115234,51.72999954223633,54.23210144042969,12086619
2025-01-31 15:30:00+00:00,54.220001220703125,55.650001525878906,53.880001068115234,54.71500015258789,7211581
2025-01-31 16:30:00+00:00,54.720001220703125,54.90999984741211,52.450599670410156,53.5099983215332,6168236
2025-01-31 17:30:00+00:00,53.499900817871094,54.060001373291016,52.5,52.533599853515625,3501351
2025-01-31 18:30:00+00:00,52.5099983215332,52.72990036010742,51.18009948730469,51.54999923706055,4291914
2025-01-31 19:30:00+00:00,51.56019973754883,51.66999816894531,48.900001525878906,49.11000061035156,7835970
2025-01-31 20:30:00+00:00,49.099998474121094,49.25,48.31999969482422,49.0099983215332,4941947
2025-02-03 14:30:00+00:00,43.9099006652832,46.0452995300293,43.5099983215332,45.54999923706055,16780180
2025-02-03 15:30:00+00:00,45.5099983215332,47.369998931884766,45.27000045776367,46.15999984741211,7969194
2025-02-03 16:30:00+00:00,46.165000915527344,46.85929870605469,45.600399017333984,45.600399017333984,2383770
2025-02-03 17:30:00+00:00,45.626399993896484,46.11000061035156,45.310001373291016,45.689998626708984,2213238
2025-02-03 18:30:00+00:00,45.68000030517578,47.809898376464844,45.63999938964844,47.040000915527344,3308058
2025-02-03 19:30:00+00:00,47.060001373291016,47.46630096435547,46.689998626708984,46.900901794433594,1907903
2025-02-03 20:30:00+00:00,46.939998626708984,47.290000915527344,45.75,46.22999954223633,1658607
2025-02-04 14:30:00+00:00,46.54800033569336,49.84000015258789,46.290000915527344,48.81010055541992,11930863
2025-02-04 15:30:00+00:00,48.849998474121094,49.16999816894531,48.303001403808594,48.999900817871094,3010884
2025-02-04 16:30:00+00:00,48.974998474121094,49.02989959716797,47.20240020751953,47.21110153198242,2791347
2025-02-04 17:30:00+00:00,47.2400016784668,48.369998931884766,47.20000076293945,48.17580032348633,1953488
2025-02-04 18:30:00+00:00,48.13010025024414,48.72999954223633,48.11159896850586,48.349998474121094,1377537
2025-02-04 19:30:00+00:00,48.351200103759766,48.560001373291016,47.59159851074219,47.660099029541016,1175754
2025-02-04 20:30:00+00:00,47.65999984741211,48.06999969482422,47.380001068115234,47.83000183105469,936308
2025-02-05 14:30:00+00:00,50.750999450683594,51.529998779296875,49.47999954223633,50.7400016784668,12626789
2025-02-05 15:30:00+00:00,50.689998626708984,51.70000076293945,50.529998779296875,51.470001220703125,4434421
2025-02-05 16:30:00+00:00,51.46500015258789,52.619998931884766,51.3400993347168,52.13999938964844,4136938
2025-02-05 17:30:00+00:00,52.130001068115234,52.277198791503906,51.209999084472656,51.4900016784668,3072817
2025-02-05 18:30:00+00:00,51.46649932861328,51.75,50.7400016784668,51.540000915527344,2483860
2025-02-05 19:30:00+00:00,51.56999969482422,52.4900016784668,51.43000030517578,52.439998626708984,1887734
2025-02-05 20:30:00+00:00,52.43000030517578,52.86000061035156,51.730098724365234,52.86000061035156,2080131
2025-02-06 14:30:00+00:00,54.89500045776367,54.9900016784668,53.09980010986328,53.90999984741211,10299502
2025-02-06 15:30:00+00:00,54.0,54.560001373291016,53.67100143432617,54.45000076293945,3124639
2025-02-06 16:30:00+00:00,54.470001220703125,55.61000061035156,54.22999954223633,55.1703987121582,4243241
2025-02-06 17:30:00+00:00,55.20000076293945,55.70000076293945,54.90999984741211,55.5099983215332,1924748
2025-02-06 18:30:00+00:00,55.510101318359375,55.77909851074219,54.959999084472656,55.15890121459961,1811634
2025-02-06 19:30:00+00:00,55.169898986816406,55.60499954223633,52.86000061035156,55.4900016784668,2457410
2025-02-06 20:30:00+00:00,55.529998779296875,56.0,55.31999969482422,55.958099365234375,2153903
2025-02-07 14:30:00+00:00,56.400001525878906,57.400001525878906,55.18000030517578,56.279998779296875,10510839
2025-02-07 15:30:00+00:00,56.27050018310547,56.9900016784668,55.54999923706055,55.94380187988281,2964088
2025-02-07 16:30:00+00:00,56.02000045776367,56.23749923706055,54.97999954223633,55.56999969482422,2574081
2025-02-07 17:30:00+00:00,55.54499816894531,56.779998779296875,55.38010025024414,56.40999984741211,1678702
2025-02-07 18:30:00+00:00,56.40999984741211,56.564998626708984,55.27989959716797,55.47010040283203,1297798
2025-02-07 19:30:00+00:00,55.440101623535156,56.279998779296875,55.310001373291016,56.13999938964844,1171087
2025-02-07 20:30:00+00:00,56.130001068115234,57.060001373291016,56.064998626708984,56.970001220703125,2167202
2025-02-10 14:30:00+00:00,57.04629898071289,61.25,57.040000915527344,60.92499923706055,10290818
2025-02-10 15:30:00+00:00,60.91999816894531,61.29999923706055,60.09000015258789,60.13999938964844,2238385
2025-02-10 16:30:00+00:00,60.130001068115234,60.7400016784668,59.68000030517578,60.58000183105469,2272322
2025-02-10 17:30:00+00:00,60.5984992980957,60.9900016784668,60.56019973754883,60.84000015258789,1131613
2025-02-10 18:30:00+00:00,60.85300064086914,61.154998779296875,60.650001525878906,60.994998931884766,1158200
2025-02-10 19:30:00+00:00,61.0,61.439998626708984,60.7599983215332,60.980098724365234,1316020
2025-02-10 20:30:00+00:00,60.970001220703125,61.11009979248047,60.02000045776367,60.119998931884766,1486929
2025-02-11 14:30:00+00:00,59.13999938964844,60.9900016784668,58.779998779296875,60.5098991394043,6018900
2025-02-11 15:30:00+00:00,60.507999420166016,60.90999984741211,60.22999954223633,60.5099983215332,1615443
2025-02-11 16:30:00+00:00,60.57099914550781,60.630001068115234,57.88010025024414,59.36800003051758,3013559
2025-02-11 17:30:00+00:00,59.41999816894531,59.529998779296875,58.70000076293945,59.51300048828125,964583
2025-02-11 18:30:00+00:00,59.52000045776367,60.46989822387695,59.5,59.68000030517578,1428415
2025-02-11 19:30:00+00:00,59.67499923706055,60.33000183105469,59.63999938964844,60.07500076293945,1051018
2025-02-11 20:30:00+00:00,60.02000045776367,60.11989974975586,59.150001525878906,59.5099983215332,837518
2025-02-12 14:30:00+00:00,57.0,58.959999084472656,56.12009811401367,58.1349983215332,7571758
2025-02-12 15:30:00+00:00,58.15010070800781,58.71200180053711,57.28010177612305,57.5,1674184
2025-02-12 16:30:00+00:00,57.5,58.72999954223633,57.5,58.349998474121094,1461595
2025-02-12 17:30:00+00:00,58.349998474121094,58.380001068115234,57.689998626708984,57.810001373291016,1587370
2025-02-12 18:30:00+00:00,57.81999969482422,57.91999816894531,57.12409973144531,57.57929992675781,1540863
2025-02-12 19:30:00+00:00,57.56999969482422,58.470001220703125,57.480098724365234,58.309898376464844,1003378
2025-02-12 20:30:00+00:00,58.29869842529297,58.38999938964844,57.839900970458984,57.939998626708984,740445
2025-02-13 14:30:00+00:00,58.2599983215332,61.309898376464844,57.9900016784668,60.95880126953125,6593016
2025-02-13 15:30:00+00:00,60.980098724365234,62.68989944458008,60.959999084472656,61.97999954223633,3607295
2025-02-13 16:30:00+00:00,61.959999084472656,62.20989990234375,61.0099983215332,61.36199951171875,1771940
2025-02-13 17:30:00+00:00,61.32099914550781,61.849998474121094,59.96379852294922,60.929901123046875,1654593
2025-02-13 18:30:00+00:00,60.93000030517578,61.58100128173828,60.279998779296875,61.45000076293945,1157909
2025-02-13 19:30:00+00:00,61.43000030517578,61.810001373291016,61.31010055541992,61.63999938964844,1009573
2025-02-13 20:30:00+00:00,61.61000061035156,61.66960144042969,61.119998931884766,61.55500030517578,1020546
2025-02-14 14:30:00+00:00,62.56999969482422,64.1500015258789,61.810001373291016,64.01969909667969,7087240
2025-02-14 15:30:00+00:00,64.01000213623047,64.2698974609375,62.38999938964844,62.679298400878906,3875349
2025-02-14 16:30:00+00:00,62.68000030517578,63.08000183105469,62.13999938964844,62.81999969482422,3598876
2025-02-14 17:30:00+00:00,62.83000183105469,63.72999954223633,62.68000030517578,63.35499954223633,2664241
2025-02-14 18:30:00+00:00,63.34000015258789,63.95000076293945,63.130001068115234,63.790000915527344,2923566
2025-02-14 19:30:00+00:00,63.790000915527344,64.4000015258789,63.630001068115234,64.29499816894531,2620153
2025-02-14 20:30:00+00:00,64.28009796142578,65.05000305175781,64.28009796142578,64.72000122070312,3218437
2025-02-18 14:30:00+00:00,66.98999786376953,69.0,66.11000061035156,66.44000244140625,8693608
2025-02-18 15:30:00+00:00,66.41000366210938,66.94999694824219,64.86009979248047,66.94000244140625,3306149
2025-02-18 16:30:00+00:00,66.91000366210938,66.92990112304688,65.66999816894531,65.78089904785156,1345807
2025-02-18 17:30:00+00:00,65.7738037109375,66.47000122070312,65.76270294189453,65.94979858398438,1089315
2025-02-18 18:30:00+00:00,65.91000366210938,66.17919921875,64.95999908447266,65.41169738769531,1454485
2025-02-18 19:30:00+00:00,65.43000030517578,65.95999908447266,65.2699966430664,65.37000274658203,943748
2025-02-18 20:30:00+00:00,65.36280059814453,65.53929901123047,63.88999938964844,65.25,1658363
2025-02-19 14:30:00+00:00,65.37000274658203,65.80000305175781,63.19110107421875,65.15190124511719,5211730
2025-02-19 15:30:00+00:00,65.18000030517578,66.2699966430664,65.17990112304688,65.7300033569336,2445113
2025-02-19 16:30:00+00:00,65.7300033569336,65.87999725341797,65.29000091552734,65.61000061035156,899332
2025-02-19 17:30:00+00:00,65.62999725341797,67.05000305175781,65.55000305175781,66.37000274658203,1817117
2025-02-19 18:30:00+00:00,66.5,66.56770324707031,65.9000015258789,66.2300033569336,808994
2025-02-19 19:30:00+00:00,66.16000366210938,66.57990264892578,64.89990234375,65.12999725341797,1129171
2025-02-19 20:30:00+00:00,65.12999725341797,65.6500015258789,64.6500015258789,65.06999969482422,976173
2025-02-20 14:30:00+00:00,65.8499984741211,66.28990173339844,62.7599983215332,64.44000244140625,6276013
2025-02-20 15:30:00+00:00,64.33000183105469,64.86499786376953,63.029998779296875,64.16000366210938,1921435
2025-02-20 16:30:00+00:00,64.1854019165039,65.70999908447266,64.11000061035156,65.36499786376953,1522202
2025-02-20 17:30:00+00:00,65.2699966430664,65.58000183105469,64.9000015258789,65.29499816894531,795061
2025-02-20 18:30:00+00:00,65.26000213623047,65.76000213623047,65.19999694824219,65.5636978149414,788672
2025-02-20 19:30:00+00:00,65.58989715576172,66.05000305175781,65.19989776611328,65.63780212402344,1083642
2025-02-20 20:30:00+00:00,65.63999938964844,65.94999694824219,65.4800033569336,65.87000274658203,710736
2025-02-21 14:30:00+00:00,65.70999908447266,67.05329895019531,64.70999908447266,64.9800033569336,4203048
2025-02-21 15:30:00+00:00,64.97000122070312,65.41950225830078,64.33000183105469,64.94499969482422,1821745
2025-02-21 16:30:00+00:00,64.87999725341797,65.48999786376953,64.18499755859375,64.7699966430664,1144884
2025-02-21 17:30:00+00:00,64.75,64.80000305175781,62.0,63.060001373291016,3529222
2025-02-21 18:30:00+00:00,63.04999923706055,63.869998931884766,61.33000183105469,61.36000061035156,2113114
2025-02-21 19:30:00+00:00,61.34000015258789,62.16999816894531,60.63999938964844,61.079898834228516,2533143
2025-02-21 20:30:00+00:00,61.13999938964844,61.189998626708984,60.099998474121094,60.29999923706055,1906344
2025-02-24 14:30:00+00:00,62.58000183105469,64.16000366210938,58.20000076293945,59.060001373291016,9188554
2025-02-24 15:30:00+00:00,59.11000061035156,60.290000915527344,57.025001525878906,60.11989974975586,4624066
2025-02-24 16:30:00+00:00,60.090999603271484,60.95000076293945,59.599998474121094,60.57469940185547,1929417
2025-02-24 17:30:00+00:00,60.529701232910156,60.859901428222656,60.22999954223633,60.61000061035156,839742
2025-02-24 18:30:00+00:00,60.619998931884766,60.839900970458984,58.849998474121094,58.869998931884766,1165254
2025-02-24 19:30:00+00:00,58.90019989013672,59.28499984741211,58.18000030517578,58.755001068115234,975442
2025-02-24 20:30:00+00:00,58.790000915527344,59.22959899902344,56.560001373291016,56.56999969482422,1833957
2025-02-25 14:30:00+00:00,56.41999816894531,56.62990188598633,51.650001525878906,52.31999969482422,9600288
2025-02-25 15:30:00+00:00,52.345001220703125,54.13999938964844,52.16999816894531,53.119998931884766,3885641
2025-02-25 16:30:00+00:00,53.119998931884766,55.16999816894531,52.7599983215332,55.13999938964844,2391807
2025-02-25 17:30:00+00:00,55.13999938964844,56.329200744628906,54.9900016784668,55.02989959716797,2179542
2025-02-25 18:30:00+00:00,55.01169967651367,55.540000915527344,53.849998474121094,54.087398529052734,1295936
2025-02-25 19:30:00+00:00,54.06999969482422,55.895301818847656,54.06999969482422,55.39500045776367,1180704
2025-02-25 20:30:00+00:00,55.41999816894531,55.41999816894531,53.130001068115234,53.439998626708984,1330256
2025-02-26 14:30:00+00:00,56.13999938964844,57.70000076293945,55.540000915527344,56.709999084472656,7039714
2025-02-26 15:30:00+00:00,56.703800201416016,59.4900016784668,56.703800201416016,58.435001373291016,3888457
2025-02-26 16:30:00+00:00,58.380001068115234,58.86989974975586,57.779998779296875,58.5099983215332,1671763
2025-02-26 17:30:00+00:00,58.50400161743164,58.63999938964844,56.619998931884766,56.64179992675781,1542433
2025-02-26 18:30:00+00:00,56.619998931884766,57.27000045776367,55.06999969482422,56.25,2500514
2025-02-26 19:30:00+00:00,56.220001220703125,57.09980010986328,55.470001220703125,56.97249984741211,5160673
2025-02-26 20:30:00+00:00,56.95000076293945,58.130001068115234,56.380001068115234,57.599998474121094,6643430
2025-02-27 14:30:00+00:00,60.6349983215332,60.68000030517578,52.170101165771484,54.095001220703125,22054021
2025-02-27 15:30:00+00:00,54.0,54.58000183105469,52.34000015258789,53.04999923706055,4985840
2025-02-27 16:30:00+00:00,52.9900016784668,54.0098991394043,52.5,53.72999954223633,2372830
2025-02-27 17:30:00+00:00,53.74129867553711,54.9098014831543,53.03499984741211,54.150001525878906,1870973
2025-02-27 18:30:00+00:00,54.20000076293945,54.43000030517578,50.79999923706055,50.80009841918945,3545100
2025-02-27 19:30:00+00:00,50.82109832763672,51.64979934692383,48.93000030517578,49.22999954223633,6153040
2025-02-27 20:30:00+00:00,49.310001373291016,49.779998779296875,47.619998931884766,47.66999816894531,4026668
2025-02-28 14:30:00+00:00,45.81999969482422,49.70500183105469,44.66019821166992,49.68000030517578,14568112
2025-02-28 15:30:00+00:00,49.680301666259766,50.41999816894531,48.619998931884766,48.75,5462346
2025-02-28 16:30:00+00:00,48.720001220703125,49.720001220703125,48.41999816894531,49.25640106201172,1990393
2025-02-28 17:30:00+00:00,49.310001373291016,49.310001373291016,46.599998474121094,47.97999954223633,2883856
2025-02-28 18:30:00+00:00,47.93000030517578,48.4900016784668,47.2400016784668,47.85100173950195,1681234
2025-02-28 19:30:00+00:00,47.83060073852539,49.28799819946289,47.7400016784668,49.01969909667969,1586682
2025-02-28 20:30:00+00:00,49.04999923706055,51.4900016784668,48.54119873046875,51.4900016784668,2311292
2025-03-03 14:30:00+00:00,50.20199966430664,50.369998931884766,45.95000076293945,46.959999084472656,12890011
2025-03-03 15:30:00+00:00,46.97999954223633,47.52000045776367,46.119998931884766,46.72990036010742,4363897
2025-03-03 16:30:00+00:00,46.73500061035156,46.931800842285156,45.97999954223633,46.04499816894531,3339067
2025-03-03 17:30:00+00:00,46.040000915527344,46.060001373291016,42.84000015258789,43.44499969482422,7688712
2025-03-03 18:30:00+00:00,43.39500045776367,45.099998474121094,43.279998779296875,44.119998931884766,3847530
2025-03-03 19:30:00+00:00,44.09000015258789,45.38999938964844,41.0099983215332,41.75,6324157
2025-03-03 20:30:00+00:00,41.709999084472656,42.56999969482422,41.18009948730469,42.36000061035156,3103884
2025-03-04 14:30:00+00:00,40.0,43.2400016784668,39.52159881591797,40.63999938964844,17645988
2025-03-04 15:30:00+00:00,40.58000183105469,41.88999938964844,40.10350036621094,40.81999969482422,4409580
2025-03-04 16:30:00+00:00,40.790000915527344,44.345401763916016,40.790000915527344,43.90999984741211,4830016
2025-03-04 17:30:00+00:00,43.88010025024414,45.040000915527344,43.2130012512207,44.040000915527344,4071690
2025-03-04 18:30:00+00:00,44.010101318359375,45.56999969482422,43.81990051269531,45.190101623535156,3115808
2025-03-04 19:30:00+00:00,45.209999084472656,46.34000015258789,44.63999938964844,46.082401275634766,2820638
2025-03-04 20:30:00+00:00,46.040000915527344,46.119998931884766,43.18619918823242,43.81999969482422,3193233
2025-03-05 14:30:00+00:00,45.0,45.378700256347656,42.849998474121094,43.834999084472656,8862236
2025-03-05 15:30:00+00:00,43.88999938964844,44.5099983215332,42.7406005859375,43.44499969482422,3138004
2025-03-05 16:30:00+00:00,43.40999984741211,44.4900016784668,42.7599983215332,44.29999923706055,3019484
2025-03-05 17:30:00+00:00,44.29439926147461,45.310001373291016,43.970001220703125,44.033599853515625,2803948
2025-03-05 18:30:00+00:00,43.97999954223633,45.54999923706055,43.73160171508789,44.689998626708984,2196516
2025-03-05 19:30:00+00:00,44.790000915527344,45.58190155029297,44.45000076293945,45.1349983215332,2347871
2025-03-05 20:30:00+00:00,45.08000183105469,45.54999923706055,44.7599983215332,44.880001068115234,1459748
2025-03-06 14:30:00+00:00,41.880001068115234,43.349998474121094,41.040000915527344,42.97999954223633,8544123
2025-03-06 15:30:00+00:00,42.95000076293945,43.34000015258789,41.9900016784668,42.380001068115234,2906968
2025-03-06 16:30:00+00:00,42.36000061035156,42.89979934692383,40.189998626708984,40.509498596191406,4157150
2025-03-06 17:30:00+00:00,40.47999954223633,40.99800109863281,40.0,40.4463005065918,2632398
2025-03-06 18:30:00+00:00,40.40999984741211,40.720001220703125,39.5099983215332,39.619998931884766,2904207
2025-03-06 19:30:00+00:00,39.622501373291016,40.93989944458008,39.40999984741211,40.11000061035156,2901129
2025-03-06 20:30:00+00:00,40.119998931884766,40.400001525878906,39.59000015258789,39.66999816894531,1357143
2025-03-07 14:30:00+00:00,40.06399917602539,41.720001220703125,39.77000045776367,39.97999954223633,8609254
2025-03-07 15:30:00+00:00,39.95000076293945,40.52000045776367,38.90380096435547,39.019901275634766,5437753
2025-03-07 16:30:00+00:00,39.08000183105469,39.220001220703125,37.5,38.519901275634766,5449230
2025-03-07 17:30:00+00:00,38.4900016784668,40.159698486328125,38.30110168457031,39.595001220703125,4711651
2025-03-07 18:30:00+00:00,39.650001525878906,41.028900146484375,39.47999954223633,40.84000015258789,3011911
2025-03-07 19:30:00+00:00,40.84000015258789,41.317501068115234,40.18000030517578,41.099998474121094,2210014
2025-03-07 20:30:00+00:00,41.08000183105469,41.45000076293945,39.959999084472656,41.176300048828125,1791044
2025-03-10 13:30:00+00:00,39.04999923706055,40.52989959716797,37.72999954223633,37.77119827270508,9248607
2025-03-10 14:30:00+00:00,37.80379867553711,38.06999969482422,36.415000915527344,37.4900016784668,5863456
2025-03-10 15:30:00+00:00,37.459999084472656,38.380001068115234,36.8849983215332,37.790000915527344,5534376
2025-03-10 16:30:00+00:00,37.84000015258789,38.34000015258789,36.650001525878906,37.03990173339844,3308449
2025-03-10 17:30:00+00:00,37.040000915527344,37.20000076293945,36.43000030517578,36.80500030517578,2094211
2025-03-10 18:30:00+00:00,36.834999084472656,37.2599983215332,35.86000061035156,36.75,3484308
2025-03-10 19:30:00+00:00,36.709999084472656,37.650001525878906,36.5,36.98350143432617,2364943
2025-03-11 13:30:00+00:00,36.94990158081055,39.720001220703125,36.349998474121094,36.493499755859375,11202682
2025-03-11 14:30:00+00:00,36.46500015258789,38.66999816894531,35.459999084472656,38.279998779296875,5307449
2025-03-11 15:30:00+00:00,38.290000915527344,39.439998626708984,37.87350082397461,38.220001220703125,3596685
2025-03-11 16:30:00+00:00,38.310001373291016,38.63290023803711,37.310001373291016,37.380001068115234,2012443
2025-03-11 17:30:00+00:00,37.36000061035156,39.54999923706055,37.290000915527344,39.349998474121094,2733627
2025-03-11 18:30:00+00:00,39.32320022583008,40.61989974975586,39.032501220703125,39.56999969482422,3712887
2025-03-11 19:30:00+00:00,39.68199920654297,39.73619842529297,38.11000061035156,38.11000061035156,1594722
2025-03-12 13:30:00+00:00,41.880001068115234,43.79999923706055,41.7599983215332,42.290000915527344,15752678
2025-03-12 14:30:00+00:00,42.36000061035156,42.724998474121094,41.08000183105469,42.20320129394531,5567226
2025-03-12 15:30:00+00:00,42.23500061035156,43.38999938964844,42.1349983215332,43.125,3231719
2025-03-12 16:30:00+00:00,43.185001373291016,43.689998626708984,42.87099838256836,43.350101470947266,2797588
2025-03-12 17:30:00+00:00,43.34000015258789,43.45000076293945,42.084999084472656,42.95970153808594,2479495
2025-03-12 18:30:00+00:00,42.97999954223633,43.29999923706055,42.630001068115234,42.87990188598633,1717603
2025-03-12 19:30:00+00:00,42.93000030517578,43.25,42.564998626708984,43.119998931884766,1617027
2025-03-13 13:30:00+00:00,44.02000045776367,44.56999969482422,41.63999938964844,43.75,10172610
2025-03-13 14:30:00+00:00,43.79999923706055,44.18000030517578,42.97999954223633,43.33000183105469,3789550
2025-03-13 15:30:00+00:00,43.30009841918945,43.77000045776367,42.849998474121094,43.15999984741211,2543015
2025-03-13 16:30:00+00:00,43.095001220703125,43.86000061035156,42.11000061035156,42.75,2403351
2025-03-13 17:30:00+00:00,42.689998626708984,43.970001220703125,42.61000061035156,43.959999084472656,2025464
2025-03-13 18:30:00+00:00,43.97999954223633,44.54999923706055,43.189998626708984,43.28799819946289,2721722
2025-03-13 19:30:00+00:00,43.3125,43.53990173339844,42.619998931884766,43.060001373291016,1561821
2025-03-14 13:30:00+00:00,45.1349983215332,46.59000015258789,44.81999969482422,45.839500427246094,9703485
2025-03-14 14:30:00+00:00,45.81370162963867,47.06679916381836,45.81370162963867,46.876800537109375,3624595
2025-03-14 15:30:00+00:00,46.869998931884766,47.56999969482422,46.540000915527344,46.560001373291016,3375875
2025-03-14 16:30:00+00:00,46.54999923706055,47.13100051879883,46.450401306152344,46.58000183105469,1849986
2025-03-14 17:30:00+00:00,46.56999969482422,46.810298919677734,46.260101318359375,46.380001068115234,1165490
2025-03-14 18:30:00+00:00,46.380001068115234,46.970001220703125,46.369998931884766,46.62919998168945,1375472
2025-03-14 19:30:00+00:00,46.619998931884766,47.5,46.619998931884766,47.34000015258789,1697386
2025-03-17 13:30:00+00:00,48.252498626708984,48.3484001159668,45.71310043334961,45.72999954223633,10233896
2025-03-17 14:30:00+00:00,45.70000076293945,46.309600830078125,45.22999954223633,45.564998626708984,3355918
2025-03-17 15:30:00+00:00,45.56010055541992,45.880001068115234,44.77000045776367,44.81999969482422,2767876
2025-03-17 16:30:00+00:00,44.83000183105469,45.51969909667969,44.5625,45.459999084472656,2252467
2025-03-17 17:30:00+00:00,45.45009994506836,46.54999923706055,45.34000015258789,46.474998474121094,2056175
2025-03-17 18:30:00+00:00,46.47999954223633,46.939998626708984,46.290000915527344,46.397300720214844,2275808
2025-03-17 19:30:00+00:00,46.349998474121094,46.46480178833008,45.70000076293945,45.720001220703125,1183168
2025-03-18 13:30:00+00:00,44.56999969482422,44.919898986816406,41.90999984741211,42.929901123046875,9244504
2025-03-18 14:30:00+00:00,42.880001068115234,43.7495002746582,42.62099838256836,43.59989929199219,2986216
2025-03-18 15:30:00+00:00,43.52439880371094,44.290000915527344,43.1619987487793,44.290000915527344,2819678
2025-03-18 16:30:00+00:00,44.22999954223633,45.310001373291016,43.7400016784668,43.90999984741211,3976988
2025-03-18 17:30:00+00:00,43.9197998046875,44.27069854736328,42.81999969482422,43.51599884033203,3649619
2025-03-18 18:30:00+00:00,43.540000915527344,44.21630096435547,42.9900016784668,43.11000061035156,2970724
2025-03-18 19:30:00+00:00,43.119998931884766,43.19369888305664,42.209999084472656,42.65999984741211,2052205
2025-03-19 13:30:00+00:00,43.95000076293945,44.54999923706055,42.75,43.70500183105469,7180199
2025-03-19 14:30:00+00:00,43.71989822387695,44.029998779296875,43.209999084472656,43.9197998046875,2220377
2025-03-19 15:30:00+00:00,43.88999938964844,44.529998779296875,43.720001220703125,44.459999084472656,2234683
2025-03-19 16:30:00+00:00,44.459999084472656,44.63600158691406,43.91999816894531,44.06999969482422,1791266
2025-03-19 17:30:00+00:00,44.060001373291016,45.380001068115234,43.970001220703125,44.84000015258789,3028310
2025-03-19 18:30:00+00:00,44.892398834228516,46.2599983215332,44.58039855957031,44.63999938964844,3936186
2025-03-19 19:30:00+00:00,44.58000183105469,45.2400016784668,44.01499938964844,44.09000015258789,2637020
2025-03-20 13:30:00+00:00,43.31999969482422,45.529998779296875,43.29999923706055,45.11370086669922,10837819
2025-03-20 14:30:00+00:00,45.125,45.86989974975586,44.964599609375,45.650901794433594,3233468
2025-03-20 15:30:00+00:00,45.67890167236328,46.08000183105469,44.570098876953125,44.650001525878906,3567413
2025-03-20 16:30:00+00:00,44.654998779296875,45.029998779296875,44.34000015258789,44.3650016784668,2367885
2025-03-20 17:30:00+00:00,44.38970184326172,45.22999954223633,44.31999969482422,44.4817008972168,1626545
2025-03-20 18:30:00+00:00,44.4900016784668,44.939998626708984,44.2400016784668,44.46080017089844,1956218
2025-03-20 19:30:00+00:00,44.474998474121094,45.11000061035156,44.470001220703125,44.79999923706055,918364
2025-03-21 13:30:00+00:00,43.567501068115234,44.11000061035156,42.43000030517578,43.23569869995117,6349107
2025-03-21 14:30:00+00:00,43.20000076293945,43.65909957885742,42.900001525878906,43.099998474121094,1926317
2025-03-21 15:30:00+00:00,43.082698822021484,44.099998474121094,43.082698822021484,43.88990020751953,1512035
2025-03-21 16:30:00+00:00,43.91999816894531,44.38479995727539,43.630001068115234,43.69990158081055,2196334
2025-03-21 17:30:00+00:00,43.66999816894531,44.04999923706055,43.4900016784668,43.77000045776367,1131361
2025-03-21 18:30:00+00:00,43.77000045776367,43.938201904296875,43.38999938964844,43.470001220703125,997349
2025-03-21 19:30:00+00:00,43.45500183105469,44.21689987182617,43.25,44.119998931884766,1617624
2025-03-24 13:30:00+00:00,45.77799987792969,46.65639877319336,45.380001068115234,46.200401306152344,8013614
2025-03-24 14:30:00+00:00,46.20009994506836,47.518001556396484,46.100101470947266,47.38999938964844,4843102
2025-03-24 15:30:00+00:00,47.39550018310547,47.525001525878906,46.880001068115234,47.20750045776367,2422442
2025-03-24 16:30:00+00:00,47.18159866333008,47.41999816894531,46.900001525878906,47.150001525878906,1211705
2025-03-24 17:30:00+00:00,47.119998931884766,47.33919906616211,47.04999923706055,47.21500015258789,727050
2025-03-24 18:30:00+00:00,47.244998931884766,47.407501220703125,47.099998474121094,47.189998626708984,970639
2025-03-24 19:30:00+00:00,47.190101623535156,47.33000183105469,46.779998779296875,46.80500030517578,1046558
2025-03-25 13:30:00+00:00,46.2400016784668,46.529998779296875,44.9900016784668,45.79890060424805,5481649
2025-03-25 14:30:00+00:00,45.810001373291016,46.149898529052734,45.392398834228516,46.000099182128906,1391306
2025-03-25 15:30:00+00:00,46.06999969482422,46.59000015258789,45.849998474121094,46.34000015258789,1279298
2025-03-25 16:30:00+00:00,46.31999969482422,46.779998779296875,45.95500183105469,45.992401123046875,1001253
2025-03-25 17:30:00+00:00,46.005001068115234,46.59000015258789,46.005001068115234,46.350799560546875,821879
2025-03-25 18:30:00+00:00,46.380001068115234,46.540000915527344,46.20000076293945,46.35319900512695,614565
2025-03-25 19:30:00+00:00,46.36000061035156,46.79499816894531,46.209999084472656,46.310001373291016,753632
2025-03-26 13:30:00+00:00,44.801998138427734,44.880001068115234,41.54999923706055,42.04999923706055,10134005
2025-03-26 14:30:00+00:00,42.037601470947266,42.45000076293945,41.79999923706055,42.08190155029297,3522017
2025-03-26 15:30:00+00:00,42.08000183105469,42.26839828491211,40.900001525878906,41.22999954223633,3843410
2025-03-26 16:30:00+00:00,41.22999954223633,41.40999984741211,40.74129867553711,40.779998779296875,2163243
2025-03-26 17:30:00+00:00,40.790000915527344,41.040000915527344,40.2400016784668,40.92900085449219,2177344
2025-03-26 18:30:00+00:00,40.90999984741211,41.01499938964844,40.260501861572266,40.63999938964844,1905748
2025-03-26 19:30:00+00:00,40.66999816894531,41.279998779296875,40.58000183105469,40.98030090332031,1289880
2025-03-27 13:30:00+00:00,39.15999984741211,40.63199996948242,38.779998779296875,40.28499984741211,7006718
2025-03-27 14:30:00+00:00,40.349998474121094,41.48939895629883,40.20000076293945,40.81999969482422,3045846
2025-03-27 15:30:00+00:00,40.810001373291016,40.810001373291016,39.68000030517578,40.09000015258789,2442482
2025-03-27 16:30:00+00:00,40.099998474121094,40.290000915527344,39.474998474121094,39.49549865722656,1148009
2025-03-27 17:30:00+00:00,39.4900016784668,40.099998474121094,39.380001068115234,39.810001373291016,1145614
2025-03-27 18:30:00+00:00,39.81999969482422,40.404998779296875,39.66999816894531,40.20640182495117,1340059
2025-03-27 19:30:00+00:00,40.182498931884766,40.182498931884766,39.122501373291016,39.2599983215332,1208090
2025-03-28 13:30:00+00:00,39.349998474121094,40.269901275634766,37.7400016784668,37.74020004272461,6710383
2025-03-28 14:30:00+00:00,37.72999954223633,38.34000015258789,37.619998931884766,38.02000045776367,2829505
2025-03-28 15:30:00+00:00,38.02000045776367,38.380001068115234,37.619998931884766,37.97999954223633,1525904
2025-03-28 16:30:00+00:00,37.95000076293945,38.34000015258789,37.720001220703125,37.88999938964844,1267922
2025-03-28 17:30:00+00:00,37.959999084472656,38.54999923706055,37.814998626708984,38.25,1258207
2025-03-28 18:30:00+00:00,38.22999954223633,38.68000030517578,38.16400146484375,38.199100494384766,990457
2025-03-28 19:30:00+00:00,38.220001220703125,38.29999923706055,37.83000183105469,37.97999954223633,1309781
2025-03-31 13:30:00+00:00,34.86000061035156,35.45000076293945,33.849998474121094,34.0,9328078
2025-03-31 14:30:00+00:00,34.040000915527344,35.125,34.02880096435547,34.88999938964844,3047379
2025-03-31 15:30:00+00:00,34.86000061035156,35.47999954223633,34.619998931884766,35.439998626708984,2300581
2025-03-31 16:30:00+00:00,35.439998626708984,35.62929916381836,35.0,35.2400016784668,1845494
2025-03-31 17:30:00+00:00,35.2599983215332,36.529998779296875,35.15999984741211,36.4900016784668,1631162
2025-03-31 18:30:00+00:00,36.53499984741211,36.95000076293945,36.25,36.31990051269531,2069239
2025-03-31 19:30:00+00:00,36.310001373291016,37.5,36.26139831542969,37.349998474121094,1658279
2025-04-01 13:30:00+00:00,37.18000030517578,37.589900970458984,35.790000915527344,36.2599983215332,5969363
2025-04-01 14:30:00+00:00,36.234798431396484,37.84000015258789,36.234798431396484,37.45000076293945,3129150
2025-04-01 15:30:00+00:00,37.470001220703125,38.150001525878906,37.2400016784668,37.790000915527344,2348385
2025-04-01 16:30:00+00:00,37.81999969482422,37.81999969482422,37.154998779296875,37.404998779296875,1561271
2025-04-01 17:30:00+00:00,37.439998626708984,37.669700622558594,36.439998626708984,36.6599006652832,1305090
2025-04-01 18:30:00+00:00,36.650001525878906,37.48749923706055,36.6349983215332,37.27000045776367,1197081
2025-04-01 19:30:00+00:00,37.2400016784668,38.318599700927734,37.220001220703125,38.310001373291016,1189823
2025-04-02 13:30:00+00:00,36.27000045776367,37.9900016784668,35.95000076293945,37.5,5043455
2025-04-02 14:30:00+00:00,37.4900016784668,38.52000045776367,37.27000045776367,38.36000061035156,1862135
2025-04-02 15:30:00+00:00,38.34000015258789,38.984901428222656,37.91999816894531,38.984901428222656,1789142
2025-04-02 16:30:00+00:00,38.9900016784668,39.54999923706055,38.2599983215332,39.05009841918945,2138745
2025-04-02 17:30:00+00:00,39.03499984741211,39.05590057373047,37.720001220703125,37.7400016784668,1555768
2025-04-02 18:30:00+00:00,37.69990158081055,38.2599983215332,37.38999938964844,37.939998626708984,1295851
2025-04-02 19:30:00+00:00,37.91749954223633,38.70000076293945,37.7599983215332,38.41999816894531,1356383
2025-04-03 13:30:00+00:00,33.63999938964844,35.11000061035156,33.47010040283203,34.79050064086914,9051837
2025-04-03 14:30:00+00:00,34.790000915527344,34.971900939941406,32.61000061035156,33.27000045776367,4923672
2025-04-03 15:30:00+00:00,33.277400970458984,34.11750030517578,33.220001220703125,33.760101318359375,1933870
2025-04-03 16:30:00+00:00,33.77000045776367,33.880001068115234,33.119998931884766,33.310001373291016,1881644
2025-04-03 17:30:00+00:00,33.279998779296875,33.54800033569336,32.81050109863281,33.039398193359375,1217443
2025-04-03 18:30:00+00:00,33.040000915527344,34.03010177612305,32.98429870605469,33.040000915527344,1499110
2025-04-03 19:30:00+00:00,33.08000183105469,33.28099822998047,32.29999923706055,32.43000030517578,1674599
2025-04-04 13:30:00+00:00,30.549999237060547,31.329999923706055,27.825000762939453,27.8302001953125,15250095
2025-04-04 14:30:00+00:00,27.860000610351562,29.077600479125977,26.239999771118164,28.153499603271484,7731722
2025-04-04 15:30:00+00:00,28.100799560546875,28.600000381469727,27.225000381469727,27.329999923706055,3605686
2025-04-04 16:30:00+00:00,27.309999465942383,27.815399169921875,26.969999313354492,27.524999618530273,2946153
2025-04-04 17:30:00+00:00,27.5,28.790000915527344,27.240800857543945,27.479999542236328,2813825
2025-04-04 18:30:00+00:00,27.489900588989258,28.420000076293945,26.97010040283203,28.18000030517578,2421431
2025-04-04 19:30:00+00:00,28.1299991607666,28.950000762939453,27.600000381469727,27.600000381469727,2399094
2025-04-07 13:30:00+00:00,23.622400283813477,32.0,23.12310028076172,27.12070083618164,30732091
2025-04-07 14:30:00+00:00,27.135000228881836,29.920000076293945,26.299999237060547,27.3700008392334,11008556
2025-04-07 15:30:00+00:00,27.3799991607666,29.6200008392334,27.350099563598633,28.55500030517578,4940445
2025-04-07 16:30:00+00:00,28.459999084472656,29.979999542236328,27.93000030517578,29.92009925842285,5298558
2025-04-07 17:30:00+00:00,29.959999084472656,30.770000457763672,29.33799934387207,29.469999313354492,5305892
2025-04-07 18:30:00+00:00,29.4507999420166,30.3799991607666,28.864200592041016,29.010000228881836,3696579
2025-04-07 19:30:00+00:00,29.06999969482422,30.0,28.799999237060547,29.600000381469727,2125752
2025-04-08 13:30:00+00:00,33.34000015258789,34.52880096435547,32.56999969482422,33.86000061035156,15598596
2025-04-08 14:30:00+00:00,33.84149932861328,34.15950012207031,32.220001220703125,32.2400016784668,6718319
2025-04-08 15:30:00+00:00,32.24679946899414,33.119998931884766,31.559999465942383,31.950000762939453,4435614
2025-04-08 16:30:00+00:00,31.94499969482422,32.09600067138672,30.209999084472656,30.25,4861380
2025-04-08 17:30:00+00:00,30.23200035095215,31.600000381469727,30.150100708007812,30.63599967956543,2594979
2025-04-08 18:30:00+00:00,30.690000534057617,31.610000610351562,28.1299991607666,28.77669906616211,5495556
2025-04-08 19:30:00+00:00,28.75,29.0,27.643299102783203,28.950000762939453,2465221
2025-04-09 13:30:00+00:00,30.299999237060547,31.670000076293945,29.6200008392334,30.940000534057617,17162066
2025-04-09 14:30:00+00:00,30.940000534057617,31.510000228881836,29.610000610351562,30.450700759887695,4164028
2025-04-09 15:30:00+00:00,30.429000854492188,30.780000686645508,29.770099639892578,30.600000381469727,2776673
2025-04-09 16:30:00+00:00,30.594999313354492,36.81999969482422,30.459999084472656,34.79999923706055,11187417
2025-04-09 17:30:00+00:00,34.869998931884766,38.70989990234375,34.5,38.11000061035156,12056235
2025-04-09 18:30:00+00:00,38.130001068115234,38.879798889160156,36.97010040283203,38.560001373291016,6630909
2025-04-09 19:30:00+00:00,38.599998474121094,39.93000030517578,38.59000015258789,39.45000076293945,4117047
2025-04-10 13:30:00+00:00,36.02000045776367,36.5,34.400001525878906,35.83000183105469,11840362
2025-04-10 14:30:00+00:00,35.880001068115234,37.06999969482422,35.02239990234375,35.03839874267578,4296773
2025-04-10 15:30:00+00:00,35.029998779296875,35.27000045776367,31.69499969482422,32.36000061035156,6755761
2025-04-10 16:30:00+00:00,32.314998626708984,35.40999984741211,32.29999923706055,34.05229949951172,5164121
2025-04-10 17:30:00+00:00,34.02980041503906,35.47999954223633,33.790000915527344,35.38999938964844,3690893
2025-04-10 18:30:00+00:00,35.41999816894531,35.7400016784668,34.0,34.00410079956055,3092679
2025-04-10 19:30:00+00:00,34.00199890136719,35.099998474121094,33.36159896850586,34.796199798583984,2772805
2025-04-11 13:30:00+00:00,35.465999603271484,36.769798278808594,34.7400016784668,34.849998474121094,11333933
2025-04-11 14:30:00+00:00,34.869998931884766,36.209999084472656,34.71760177612305,35.4900016784668,3614275
2025-04-11 15:30:00+00:00,35.45029830932617,36.31999969482422,35.34000015258789,35.98500061035156,2225129
2025-04-11 16:30:00+00:00,35.9901008605957,37.019901275634766,35.970001220703125,36.159400939941406,3256822
2025-04-11 17:30:00+00:00,36.18000030517578,37.28960037231445,35.88999938964844,36.560001373291016,2862843
2025-04-11 18:30:00+00:00,36.560001373291016,36.66999816894531,36.060001373291016,36.40610122680664,2182186
2025-04-11 19:30:00+00:00,36.38999938964844,36.97010040283203,36.220001220703125,36.83000183105469,1707635
2025-04-14 13:30:00+00:00,39.099998474121094,39.17959976196289,37.22999954223633,38.0,11305290
2025-04-14 14:30:00+00:00,38.02000045776367,38.29999923706055,37.15019989013672,37.189998626708984,2657350
2025-04-14 15:30:00+00:00,37.20000076293945,37.41999816894531,35.689998626708984,36.27289962768555,3735632
2025-04-14 16:30:00+00:00,36.29999923706055,37.099998474121094,36.279998779296875,36.630001068115234,2468748
2025-04-14 17:30:00+00:00,36.58000183105469,37.20000076293945,36.17839813232422,37.100101470947266,2085983
2025-04-14 18:30:00+00:00,37.06999969482422,37.538700103759766,37.029998779296875,37.189998626708984,1156758
2025-04-14 19:30:00+00:00,37.17250061035156,37.47999954223633,36.720401763916016,36.77989959716797,726655
2025-04-15 13:30:00+00:00,36.9900016784668,38.130001068115234,36.630001068115234,36.959999084472656,6810093
2025-04-15 14:30:00+00:00,36.970001220703125,37.955101013183594,36.95000076293945,37.63999938964844,2727865
2025-04-15 15:30:00+00:00,37.650001525878906,38.685001373291016,37.490699768066406,38.459999084472656,3127296
2025-04-15 16:30:00+00:00,38.43600082397461,38.53990173339844,37.45000076293945,37.535099029541016,2653992
2025-04-15 17:30:00+00:00,37.529998779296875,38.029998779296875,37.47999954223633,37.70000076293945,1704065
2025-04-15 18:30:00+00:00,37.70000076293945,38.09000015258789,37.61000061035156,37.7598991394043,1392702
2025-04-15 19:30:00+00:00,37.7599983215332,37.839698791503906,37.58000183105469,37.689998626708984,722032
2025-04-16 13:30:00+00:00,32.560001373291016,34.11000061035156,32.470001220703125,33.2588005065918,13341689
2025-04-16 14:30:00+00:00,33.22999954223633,33.279998779296875,32.10499954223633,33.005001068115234,4109753
2025-04-16 15:30:00+00:00,33.01499938964844,33.150001525878906,31.950000762939453,32.160099029541016,2903889
2025-04-16 16:30:00+00:00,32.16999816894531,32.329898834228516,31.649999618530273,32.1786994934082,2509009
2025-04-16 17:30:00+00:00,32.18000030517578,32.20000076293945,30.70009994506836,30.981199264526367,5042397
2025-04-16 18:30:00+00:00,30.979999542236328,31.030000686645508,29.825000762939453,30.181299209594727,5087952
2025-04-16 19:30:00+00:00,30.200000762939453,32.559898376464844,30.200000762939453,32.54999923706055,3467447
2025-04-17 13:30:00+00:00,32.459999084472656,32.474998474121094,30.010000228881836,30.020099639892578,9424994
2025-04-17 14:30:00+00:00,30.028400421142578,30.530000686645508,29.75,29.954999923706055,4855962
2025-04-17 15:30:00+00:00,29.959999084472656,30.559999465942383,29.81999969482422,30.479999542236328,2438394
2025-04-17 16:30:00+00:00,30.462499618530273,30.839799880981445,30.18000030517578,30.219999313354492,1980934
2025-04-17 17:30:00+00:00,30.229999542236328,31.18000030517578,30.200000762939453,31.040199279785156,1829053
2025-04-17 18:30:00+00:00,31.06999969482422,31.260000228881836,30.34000015258789,30.469999313354492,1877111
2025-04-17 19:30:00+00:00,30.440000534057617,30.75909996032715,30.229999542236328,30.579999923706055,1913344
2025-04-21 13:30:00+00:00,28.961999893188477,29.360000610351562,27.084999084472656,27.22010040283203,9570943
2025-04-21 14:30:00+00:00,27.204999923706055,27.649999618530273,27.1200008392334,27.2450008392334,3008971
2025-04-21 15:30:00+00:00,27.25,27.479700088500977,27.15999984741211,27.219999313354492,2338128
2025-04-21 16:30:00+00:00,27.203500747680664,27.559999465942383,26.809999465942383,26.940000534057617,2751952
2025-04-21 17:30:00+00:00,26.924999237060547,27.1200008392334,26.7549991607666,27.078800201416016,1242463
2025-04-21 18:30:00+00:00,27.075000762939453,27.239900588989258,26.799999237060547,27.079999923706055,1265110
2025-04-21 19:30:00+00:00,27.129899978637695,28.0310001373291,27.094999313354492,27.790000915527344,1799570
2025-04-22 13:30:00+00:00,28.915000915527344,29.270000457763672,28.145000457763672,29.06999969482422,6159818
2025-04-22 14:30:00+00:00,29.075000762939453,29.309999465942383,28.682600021362305,28.985000610351562,2720941
2025-04-22 15:30:00+00:00,29.0,29.514999389648438,28.655000686645508,29.43000030517578,2571006
2025-04-22 16:30:00+00:00,29.420000076293945,29.489700317382812,28.46339988708496,28.55500030517578,1971495
2025-04-22 17:30:00+00:00,28.569900512695312,28.799400329589844,28.229999542236328,28.75,1349988
2025-04-22 18:30:00+00:00,28.770000457763672,28.954999923706055,28.30500030517578,28.32029914855957,904460
2025-04-22 19:30:00+00:00,28.30500030517578,29.045000076293945,28.06999969482422,28.989999771118164,1540936
2025-04-23 13:30:00+00:00,32.29999923706055,32.439998626708984,31.1299991607666,32.060001373291016,9882134
2025-04-23 14:30:00+00:00,32.04499816894531,32.38999938964844,31.360000610351562,31.450000762939453,2981359
2025-04-23 15:30:00+00:00,31.469999313354492,31.649999618530273,31.165000915527344,31.59000015258789,2264673
2025-04-23 16:30:00+00:00,31.59000015258789,32.15800094604492,31.459999084472656,31.940099716186523,1817271
2025-04-23 17:30:00+00:00,31.969999313354492,32.10900115966797,31.710100173950195,31.780000686645508,904401
2025-04-23 18:30:00+00:00,31.815000534057617,31.915000915527344,30.989999771118164,31.049999237060547,1369879
2025-04-23 19:30:00+00:00,31.050100326538086,31.30500030517578,30.811199188232422,31.1200008392334,1256690
2025-04-24 13:30:00+00:00,31.649999618530273,32.83000183105469,31.469999313354492,32.82500076293945,6890329
2025-04-24 14:30:00+00:00,32.79999923706055,33.189998626708984,32.42100143432617,32.769901275634766,3172286
2025-04-24 15:30:00+00:00,32.79880142211914,33.130001068115234,32.61149978637695,33.02000045776367,1880825
2025-04-24 16:30:00+00:00,33.03030014038086,33.42129898071289,33.0,33.37009811401367,2196864
2025-04-24 17:30:00+00:00,33.380001068115234,33.470001220703125,33.110198974609375,33.400001525878906,1015739
2025-04-24 18:30:00+00:00,33.380001068115234,33.4900016784668,32.900001525878906,33.040000915527344,1511323
2025-04-24 19:30:00+00:00,33.02000045776367,33.5099983215332,32.9900016784668,33.41999816894531,1072318
2025-04-25 13:30:00+00:00,33.674800872802734,34.459999084472656,32.95000076293945,34.11000061035156,6917735
2025-04-25 14:30:00+00:00,34.130001068115234,35.02000045776367,33.970001220703125,34.80500030517578,3206093
2025-04-25 15:30:00+00:00,34.81999969482422,35.36000061035156,34.720001220703125,35.33000183105469,2529739
2025-04-25 16:30:00+00:00,35.31999969482422,36.86000061035156,35.220001220703125,36.83000183105469,3515379
2025-04-25 17:30:00+00:00,36.82500076293945,36.83000183105469,35.54999923706055,36.19049835205078,3058464
2025-04-25 18:30:00+00:00,36.189998626708984,36.54349899291992,36.025001525878906,36.11009979248047,1762078
2025-04-25 19:30:00+00:00,36.095001220703125,36.2599983215332,35.779998779296875,36.220001220703125,1876693
2025-04-28 13:30:00+00:00,35.38999938964844,35.846500396728516,34.220001220703125,34.65999984741211,7828067
2025-04-28 14:30:00+00:00,34.65999984741211,34.7599983215332,33.255001068115234,33.39500045776367,3606256
2025-04-28 15:30:00+00:00,33.43000030517578,34.0,33.37089920043945,33.37900161743164,1735808
2025-04-28 16:30:00+00:00,33.3849983215332,33.81999969482422,33.03450012207031,33.19499969482422,1388034
2025-04-28 17:30:00+00:00,33.20000076293945,33.91999816894531,33.12049865722656,33.834999084472656,1150276
2025-04-28 18:30:00+00:00,33.849998474121094,34.494998931884766,33.720001220703125,34.43000030517578,1210086
2025-04-28 19:30:00+00:00,34.40999984741211,34.86000061035156,34.400001525878906,34.75,1151717
2025-04-29 13:30:00+00:00,34.11000061035156,35.399898529052734,33.9900016784668,34.650001525878906,5768588
2025-04-29 14:30:00+00:00,34.65879821777344,35.0099983215332,34.560001373291016,34.83000183105469,1531558
2025-04-29 15:30:00+00:00,34.837501525878906,35.11800003051758,34.650001525878906,34.869998931884766,1288632
2025-04-29 16:30:00+00:00,34.8650016784668,34.9900016784668,34.45000076293945,34.779998779296875,1221499
2025-04-29 17:30:00+00:00,34.77009963989258,35.667999267578125,34.77009963989258,35.571800231933594,1809485
2025-04-29 18:30:00+00:00,35.559898376464844,35.63999938964844,34.869998931884766,35.209999084472656,1601342
2025-04-29 19:30:00+00:00,35.21849822998047,35.279998779296875,34.81999969482422,34.88999938964844,859119
2025-04-30 13:30:00+00:00,32.02000045776367,33.08000183105469,31.75,33.005001068115234,7045610
2025-04-30 14:30:00+00:00,32.9900016784668,33.359901428222656,32.80500030517578,33.255001068115234,2149495
2025-04-30 15:30:00+00:00,33.25,33.599998474121094,32.93000030517578,33.040000915527344,1495894
2025-04-30 16:30:00+00:00,33.040000915527344,33.31999969482422,32.775001525878906,33.29999923706055,1060640
2025-04-30 17:30:00+00:00,33.290000915527344,34.13999938964844,33.25239944458008,33.77949905395508,1797594
2025-04-30 18:30:00+00:00,33.7599983215332,34.18000030517578,33.68000030517578,33.80009841918945,1524645
2025-04-30 19:30:00+00:00,33.810001373291016,34.84000015258789,33.7400016784668,34.790000915527344,1663891
2025-05-01 13:30:00+00:00,37.5099983215332,38.150001525878906,36.90010070800781,37.68989944458008,8585184
2025-05-01 14:30:00+00:00,37.689300537109375,38.709999084472656,37.564998626708984,38.320499420166016,4128966
2025-05-01 15:30:00+00:00,38.369998931884766,38.380001068115234,37.5099983215332,37.88019943237305,2713608
2025-05-01 16:30:00+00:00,37.844398498535156,38.02989959716797,37.400001525878906,37.8400993347168,1583971
2025-05-01 17:30:00+00:00,37.814998626708984,38.04999923706055,37.41999816894531,37.89690017700195,1162282
2025-05-01 18:30:00+00:00,37.900001525878906,37.939998626708984,37.400001525878906,37.470001220703125,886583
2025-05-01 19:30:00+00:00,37.470001220703125,37.4900016784668,36.40999984741211,36.540000915527344,1671920
2025-05-02 13:30:00+00:00,38.25,39.0099983215332,37.70199966430664,38.040000915527344,7501907
2025-05-02 14:30:00+00:00,38.040000915527344,38.630001068115234,37.79999923706055,38.529998779296875,2311919
2025-05-02 15:30:00+00:00,38.54999923706055,38.91999816894531,38.46500015258789,38.58169937133789,2148421
2025-05-02 16:30:00+00:00,38.60129928588867,38.74620056152344,38.070098876953125,38.34000015258789,1717123
2025-05-02 17:30:00+00:00,38.34000015258789,38.68519973754883,38.2400016784668,38.63010025024414,1335184
2025-05-02 18:30:00+00:00,38.63999938964844,38.77000045776367,38.25130081176758,38.40999984741211,1101177
2025-05-02 19:30:00+00:00,38.3849983215332,38.48500061035156,38.04499816894531,38.36000061035156,992695
2025-05-05 13:30:00+00:00,37.349998474121094,38.34000015258789,37.22999954223633,37.61000061035156,4141338
2025-05-05 14:30:00+00:00,37.595001220703125,38.064998626708984,37.209999084472656,38.03499984741211,1457624
2025-05-05 15:30:00+00:00,38.040000915527344,38.17499923706055,37.691200256347656,37.95000076293945,876772
2025-05-05 16:30:00+00:00,37.94499969482422,38.189998626708984,37.90999984741211,38.17499923706055,851317
2025-05-05 17:30:00+00:00,38.185001373291016,38.43980026245117,38.15999984741211,38.3400993347168,754221
2025-05-05 18:30:00+00:00,38.349998474121094,38.53499984741211,38.12009811401367,38.32500076293945,1436284
2025-05-05 19:30:00+00:00,38.31999969482422,38.4900016784668,37.88999938964844,37.915000915527344,866020
2025-05-06 13:30:00+00:00,36.314998626708984,37.38999938964844,35.959999084472656,37.150001525878906,4758709
2025-05-06 14:30:00+00:00,37.207000732421875,37.564998626708984,37.12009811401367,37.45500183105469,1734791
2025-05-06 15:30:00+00:00,37.45000076293945,37.93000030517578,37.13999938964844,37.4297981262207,1412961
2025-05-06 16:30:00+00:00,37.40999984741211,37.669898986816406,37.150001525878906,37.34000015258789,822300
2025-05-06 17:30:00+00:00,37.36000061035156,37.920101165771484,37.220001220703125,37.869998931884766,843831
2025-05-06 18:30:00+00:00,37.849998474121094,38.269901275634766,37.779998779296875,38.23500061035156,1212266
2025-05-06 19:30:00+00:00,38.229801177978516,38.55500030517578,37.68000030517578,37.72999954223633,1329322
2025-05-07 13:30:00+00:00,37.39500045776367,37.829898834228516,37.13999938964844,37.72999954223633,3156428
2025-05-07 14:30:00+00:00,37.709999084472656,37.84370040893555,37.369998931884766,37.5900993347168,1312235
2025-05-07 15:30:00+00:00,37.59000015258789,38.21870040893555,37.56999969482422,37.834999084472656,1300514
2025-05-07 16:30:00+00:00,37.83000183105469,38.14500045776367,37.79999923706055,38.02009963989258,575700
2025-05-07 17:30:00+00:00,38.040000915527344,38.05500030517578,36.915000915527344,37.40999984741211,1428948
2025-05-07 18:30:00+00:00,37.385101318359375,37.970001220703125,37.22999954223633,37.558799743652344,1413681
2025-05-07 19:30:00+00:00,37.54999923706055,40.5,37.52000045776367,40.08000183105469,7364332
2025-05-08 13:30:00+00:00,41.099998474121094,41.099998474121094,39.70880126953125,40.189998626708984,7863408
2025-05-08 14:30:00+00:00,40.19419860839844,40.439998626708984,39.26499938964844,40.22999954223633,2893612
2025-05-08 15:30:00+00:00,40.220001220703125,41.02870178222656,40.080101013183594,40.7599983215332,2968213
2025-05-08 16:30:00+00:00,40.75,40.88990020751953,40.540000915527344,40.66999816894531,1454250
2025-05-08 17:30:00+00:00,40.65999984741211,40.849998474121094,40.40999984741211,40.70000076293945,1218630
2025-05-08 18:30:00+00:00,40.720001220703125,41.16999816894531,40.63010025024414,41.070098876953125,1171378
2025-05-08 19:30:00+00:00,41.080299377441406,41.11000061035156,40.23889923095703,40.290000915527344,935967
2025-05-09 13:30:00+00:00,40.31999969482422,40.84000015258789,39.20000076293945,39.39500045776367,5290488
2025-05-09 14:30:00+00:00,39.390098571777344,39.84000015258789,38.77009963989258,39.56079864501953,3990537
2025-05-09 15:30:00+00:00,39.560001373291016,39.83000183105469,39.290000915527344,39.494998931884766,1335120
2025-05-09 16:30:00+00:00,39.470001220703125,39.7599983215332,39.38999938964844,39.599998474121094,708962
2025-05-09 17:30:00+00:00,39.59550094604492,39.92499923706055,39.470001220703125,39.70500183105469,694580
2025-05-09 18:30:00+00:00,39.70009994506836,39.84299850463867,39.630001068115234,39.79999923706055,623258
2025-05-09 19:30:00+00:00,39.79999923706055,39.8849983215332,39.605499267578125,39.709999084472656,831785
2025-05-12 13:30:00+00:00,43.290000915527344,43.94929885864258,42.34000015258789,42.600101470947266,10077293
2025-05-12 14:30:00+00:00,42.61000061035156,43.27989959716797,42.21500015258789,43.154998779296875,2896984
2025-05-12 15:30:00+00:00,43.150001525878906,43.8650016784668,43.01499938964844,43.64500045776367,2524216
2025-05-12 16:30:00+00:00,43.654998779296875,44.0,43.61000061035156,43.83639907836914,1726609
2025-05-12 17:30:00+00:00,43.834999084472656,44.0099983215332,43.70000076293945,43.87009811401367,1394833
2025-05-12 18:30:00+00:00,43.880001068115234,44.060001373291016,43.69499969482422,43.77000045776367,1399830
2025-05-12 19:30:00+00:00,43.7588996887207,44.08000183105469,43.41999816894531,44.04999923706055,1473842
2025-05-13 13:30:00+00:00,45.459999084472656,48.65999984741211,45.125,48.4911994934082,13151597
2025-05-13 14:30:00+00:00,48.5,49.63990020751953,48.29999923706055,48.935001373291016,6602126
2025-05-13 15:30:00+00:00,48.93000030517578,49.400001525878906,48.56999969482422,49.38090133666992,3496250
2025-05-13 16:30:00+00:00,49.369998931884766,49.769901275634766,49.130001068115234,49.654998779296875,2635709
2025-05-13 17:30:00+00:00,49.650001525878906,49.915000915527344,48.959999084472656,49.375,2849034
2025-05-13 18:30:00+00:00,49.36349868774414,49.529998779296875,48.86000061035156,49.20989990234375,2263577
2025-05-13 19:30:00+00:00,49.18000030517578,49.369998931884766,48.93000030517578,48.94990158081055,1704953
2025-05-14 13:30:00+00:00,51.50080108642578,52.709999084472656,50.31999969482422,51.04990005493164,12752118
2025-05-14 14:30:00+00:00,51.01959991455078,52.27000045776367,50.832000732421875,52.19990158081055,4447183
2025-05-14 15:30:00+00:00,52.18000030517578,52.880001068115234,52.029998779296875,52.79999923706055,3123580
2025-05-14 16:30:00+00:00,52.7848014831543,53.130001068115234,52.029998779296875,52.40480041503906,2637906
2025-05-14 17:30:00+00:00,52.404998779296875,52.91999816894531,52.22800064086914,52.47990036010742,1339413
2025-05-14 18:30:00+00:00,52.52000045776367,53.03010177612305,52.51499938964844,52.720001220703125,1634132
2025-05-14 19:30:00+00:00,52.7047004699707,53.095001220703125,52.25,53.060001373291016,1626714
2025-05-15 13:30:00+00:00,52.099998474121094,52.540000915527344,50.95009994506836,51.4109992980957,9291151
2025-05-15 14:30:00+00:00,51.470001220703125,52.380001068115234,51.08000183105469,52.29119873046875,3127252
2025-05-15 15:30:00+00:00,52.329898834228516,52.959999084472656,52.16019821166992,52.935001373291016,2671761
2025-05-15 16:30:00+00:00,52.93000030517578,53.78499984741211,52.86000061035156,53.72990036010742,3874278
2025-05-15 17:30:00+00:00,53.720001220703125,53.72990036010742,52.58000183105469,53.03030014038086,2470430
2025-05-15 18:30:00+00:00,53.05500030517578,53.220001220703125,51.65999984741211,51.77000045776367,2281813
2025-05-15 19:30:00+00:00,51.77000045776367,52.68000030517578,51.77000045776367,52.66999816894531,2164190
2025-05-16 13:30:00+00:00,53.53499984741211,53.75,52.72999954223633,53.04999923706055,7479515
2025-05-16 14:30:00+00:00,53.059898376464844,53.059898376464844,51.525001525878906,52.600101470947266,3919364
2025-05-16 15:30:00+00:00,52.6150016784668,52.97999954223633,52.38999938964844,52.560001373291016,1822774
2025-05-16 16:30:00+00:00,52.55500030517578,53.35100173950195,52.290000915527344,53.345001220703125,1842969
2025-05-16 17:30:00+00:00,53.350101470947266,53.68000030517578,52.68199920654297,52.779998779296875,1884836
2025-05-16 18:30:00+00:00,52.77000045776367,53.20970153808594,52.72999954223633,52.790000915527344,1472896
2025-05-16 19:30:00+00:00,52.78499984741211,53.040000915527344,52.619998931884766,52.970001220703125,1776496
2025-05-19 13:30:00+00:00,50.755001068115234,53.38869857788086,50.709999084472656,52.929901123046875,9744551
2025-05-19 14:30:00+00:00,52.91999816894531,53.02000045776367,52.13249969482422,52.63010025024414,2013224
2025-05-19 15:30:00+00:00,52.6349983215332,53.2599983215332,51.46900177001953,52.869998931884766,1857000
2025-05-19 16:30:00+00:00,52.88999938964844,53.231998443603516,52.46009826660156,52.92499923706055,1278816
2025-05-19 17:30:00+00:00,52.919898986816406,53.22990036010742,52.65999984741211,52.77000045776367,1055138
2025-05-19 18:30:00+00:00,52.7599983215332,53.04999923706055,52.70000076293945,52.79999923706055,966259
2025-05-19 19:30:00+00:00,52.79999923706055,53.15599822998047,52.77000045776367,53.099998474121094,926007
2025-05-20 13:30:00+00:00,52.1349983215332,52.345001220703125,50.81999969482422,51.11000061035156,6500462
2025-05-20 14:30:00+00:00,51.06999969482422,51.84000015258789,50.93000030517578,51.724998474121094,2103720
2025-05-20 15:30:00+00:00,51.73500061035156,52.10499954223633,51.619998931884766,51.959999084472656,1258475
2025-05-20 16:30:00+00:00,51.959999084472656,52.2400016784668,51.93000030517578,51.970001220703125,1028498
2025-05-20 17:30:00+00:00,51.974998474121094,52.07500076293945,51.400001525878906,51.470001220703125,1029169
2025-05-20 18:30:00+00:00,51.459999084472656,51.810001373291016,51.130001068115234,51.7400016784668,1414397
2025-05-20 19:30:00+00:00,51.75,52.23500061035156,51.72999954223633,52.16999816894531,1026796
2025-05-21 13:30:00+00:00,51.1349983215332,52.56999969482422,51.119998931884766,51.96989822387695,4941718
2025-05-21 14:30:00+00:00,51.95500183105469,53.419898986816406,51.720001220703125,53.34000015258789,3556242
2025-05-21 15:30:00+00:00,53.349998474121094,54.51499938964844,53.21200180053711,54.27000045776367,3929458
2025-05-21 16:30:00+00:00,54.27989959716797,54.52000045776367,51.189998626708984,51.26409912109375,4044480
2025-05-21 17:30:00+00:00,51.2599983215332,52.05160140991211,50.525001525878906,50.94649887084961,10030913
2025-05-21 18:30:00+00:00,50.95000076293945,51.415000915527344,49.172000885009766,49.589900970458984,7771147
2025-05-21 19:30:00+00:00,49.56999969482422,50.619998931884766,49.56999969482422,50.099998474121094,4393791
2025-05-22 13:30:00+00:00,50.5099983215332,51.79999923706055,49.9900016784668,51.095001220703125,7443999
2025-05-22 14:30:00+00:00,51.13999938964844,51.45000076293945,50.72999954223633,50.994998931884766,2327120
2025-05-22 15:30:00+00:00,50.97999954223633,51.709999084472656,50.77000045776367,51.380001068115234,1675828
2025-05-22 16:30:00+00:00,51.38999938964844,51.58000183105469,51.09000015258789,51.45000076293945,1158236
2025-05-22 17:30:00+00:00,51.439998626708984,51.6150016784668,51.16999816894531,51.31999969482422,811722
2025-05-22 18:30:00+00:00,51.310001373291016,51.994998931884766,51.249000549316406,51.72999954223633,1079509
2025-05-22 19:30:00+00:00,51.748199462890625,51.779998779296875,50.79999923706055,50.869998931884766,1049961
2025-05-23 13:30:00+00:00,48.689998626708984,49.61000061035156,48.08000183105469,49.11000061035156,10288493
2025-05-23 14:30:00+00:00,49.125,49.84000015258789,48.849998474121094,49.458099365234375,2633406
2025-05-23 15:30:00+00:00,49.40999984741211,49.68870162963867,49.20000076293945,49.47999954223633,1498238
2025-05-23 16:30:00+00:00,49.47090148925781,50.30500030517578,49.279998779296875,50.20000076293945,1591025
2025-05-23 17:30:00+00:00,50.179901123046875,50.7400016784668,49.781898498535156,50.31999969482422,2678269
2025-05-23 18:30:00+00:00,50.31999969482422,50.52000045776367,49.689998626708984,49.9010009765625,1712493
2025-05-23 19:30:00+00:00,49.90999984741211,50.20500183105469,49.58000183105469,49.68000030517578,1210665
2025-05-27 13:30:00+00:00,51.77000045776367,52.779998779296875,51.22010040283203,52.689998626708984,7879724
2025-05-27 14:30:00+00:00,52.70000076293945,52.88999938964844,52.439998626708984,52.63999938964844,2951908
2025-05-27 15:30:00+00:00,52.64500045776367,52.81999969482422,52.36000061035156,52.67499923706055,1725608
2025-05-27 16:30:00+00:00,52.66999816894531,52.97800064086914,52.625,52.935001373291016,1500821
2025-05-27 17:30:00+00:00,52.91999816894531,52.96989822387695,52.5099983215332,52.65999984741211,1347771
2025-05-27 18:30:00+00:00,52.65999984741211,52.80500030517578,52.47010040283203,52.57500076293945,1198066
2025-05-27 19:30:00+00:00,52.560001373291016,52.81999969482422,52.25,52.814998626708984,1598907
2025-05-28 13:30:00+00:00,53.21500015258789,53.45750045776367,52.46189880371094,52.660099029541016,6767314
2025-05-28 14:30:00+00:00,52.65999984741211,52.94779968261719,52.29999923706055,52.91999816894531,1953313
2025-05-28 15:30:00+00:00,52.915000915527344,53.310001373291016,52.83219909667969,53.20989990234375,2335435
2025-05-28 16:30:00+00:00,53.20000076293945,53.599998474121094,52.86000061035156,53.570098876953125,1976024
2025-05-28 17:30:00+00:00,53.56999969482422,54.189998626708984,53.415000915527344,53.7400016784668,2893730
2025-05-28 18:30:00+00:00,53.72999954223633,54.150001525878906,53.48500061035156,53.875,2509116
2025-05-28 19:30:00+00:00,53.869998931884766,53.869998931884766,52.29999923706055,52.310001373291016,2873838
2025-05-29 13:30:00+00:00,57.900001525878906,59.0,55.7599983215332,56.79999923706055,17307614
2025-05-29 14:30:00+00:00,56.779998779296875,57.80009841918945,56.45000076293945,57.599998474121094,4736126
2025-05-29 15:30:00+00:00,57.59000015258789,57.630001068115234,56.36000061035156,56.761199951171875,3261417
2025-05-29 16:30:00+00:00,56.75,57.11000061035156,56.08000183105469,56.224998474121094,2006457
2025-05-29 17:30:00+00:00,56.209999084472656,56.29999923706055,54.70000076293945,55.11000061035156,3120535
2025-05-29 18:30:00+00:00,55.119998931884766,55.849998474121094,55.119998931884766,55.43579864501953,1681376
2025-05-29 19:30:00+00:00,55.439998626708984,55.85499954223633,55.07500076293945,55.63999938964844,1694311
2025-05-30 13:30:00+00:00,55.25,55.95000076293945,52.902000427246094,54.16849899291992,7534268
2025-05-30 14:30:00+00:00,54.130001068115234,54.22520065307617,52.720001220703125,53.14360046386719,3299239
2025-05-30 15:30:00+00:00,53.150001525878906,53.25,50.9900016784668,51.119998931884766,3951344
2025-05-30 16:30:00+00:00,51.18989944458008,52.189998626708984,50.61349868774414,51.849998474121094,3971945
2025-05-30 17:30:00+00:00,51.84000015258789,52.339900970458984,51.310001373291016,52.0702018737793,1708893
2025-05-30 18:30:00+00:00,52.11000061035156,52.64910125732422,51.650001525878906,52.5,1886026
2025-05-30 19:30:00+00:00,52.49800109863281,52.83000183105469,51.869998931884766,52.150001525878906,1698984
2025-06-02 13:30:00+00:00,52.630001068115234,54.310001373291016,52.61000061035156,53.540000915527344,6363639
2025-06-02 14:30:00+00:00,53.529998779296875,53.93000030517578,53.03499984741211,53.380001068115234,2372593
2025-06-02 15:30:00+00:00,53.368900299072266,54.29999923706055,53.314998626708984,54.119998931884766,1922847
2025-06-02 16:30:00+00:00,54.099998474121094,54.369998931884766,53.85150146484375,54.244998931884766,1291088
2025-06-02 17:30:00+00:00,54.23500061035156,54.65999984741211,53.900001525878906,54.580101013183594,1362307
2025-06-02 18:30:00+00:00,54.59000015258789,54.619998931884766,54.21120071411133,54.29990005493164,871389
2025-06-02 19:30:00+00:00,54.279998779296875,54.36000061035156,53.79759979248047,54.099998474121094,873766
2025-06-03 13:30:00+00:00,55.150001525878906,57.33000183105469,54.540000915527344,57.15999984741211,7083867
2025-06-03 14:30:00+00:00,57.150001525878906,57.720001220703125,56.83000183105469,57.57789993286133,2988637
2025-06-03 15:30:00+00:00,57.56999969482422,57.654998779296875,56.9900016784668,57.380001068115234,1654900
2025-06-03 16:30:00+00:00,57.369998931884766,57.61000061035156,57.36000061035156,57.41999816894531,1180818
2025-06-03 17:30:00+00:00,57.41170120239258,57.41170120239258,56.34000015258789,57.04499816894531,2089145
2025-06-03 18:30:00+00:00,57.029998779296875,57.33000183105469,56.86009979248047,57.27009963989258,1009661
2025-06-03 19:30:00+00:00,57.2599983215332,57.29999923706055,56.95500183105469,57.119998931884766,1087925
2025-06-04 13:30:00+00:00,57.869998931884766,58.029998779296875,55.720001220703125,56.900001525878906,6724569
2025-06-04 14:30:00+00:00,56.880001068115234,57.35499954223633,56.68000030517578,57.16360092163086,2201174
2025-06-04 15:30:00+00:00,57.15999984741211,57.25,56.4900016784668,56.5093994140625,1583163
2025-06-04 16:30:00+00:00,56.5,56.880001068115234,56.38999938964844,56.730098724365234,950083
2025-06-04 17:30:00+00:00,56.724998474121094,57.39500045776367,56.641300201416016,57.39500045776367,854186
2025-06-04 18:30:00+00:00,57.399898529052734,57.599998474121094,57.24919891357422,57.43000030517578,1164640
2025-06-04 19:30:00+00:00,57.43920135498047,57.665000915527344,57.20000076293945,57.599998474121094,1014173
2025-06-05 13:30:00+00:00,57.82500076293945,58.65999984741211,56.68000030517578,57.679298400878906,4632118
2025-06-05 14:30:00+00:00,57.70000076293945,58.689998626708984,56.959999084472656,58.540000915527344,3030268
2025-06-05 15:30:00+00:00,58.529998779296875,59.314998626708984,58.18009948730469,58.52000045776367,3162101
2025-06-05 16:30:00+00:00,58.5099983215332,58.570098876953125,56.72010040283203,57.349998474121094,2782730
2025-06-05 17:30:00+00:00,57.34000015258789,57.49869918823242,55.93000030517578,56.65010070800781,1596785
2025-06-05 18:30:00+00:00,56.6869010925293,56.97999954223633,55.13999938964844,55.7400016784668,1955321
2025-06-05 19:30:00+00:00,55.78499984741211,56.720001220703125,55.78499984741211,56.02000045776367,1112682
2025-06-06 13:30:00+00:00,58.0,58.619998931884766,57.2218017578125,57.31769943237305,5049569
2025-06-06 14:30:00+00:00,57.470001220703125,58.20000076293945,57.25,57.45000076293945,1841032
2025-06-06 15:30:00+00:00,57.5,58.29999923706055,57.290000915527344,57.82500076293945,1092668
2025-06-06 16:30:00+00:00,57.86000061035156,57.93000030517578,57.25,57.70000076293945,818539
2025-06-06 17:30:00+00:00,57.720001220703125,58.17499923706055,57.63999938964844,57.88999938964844,728212
2025-06-06 18:30:00+00:00,57.88999938964844,58.279998779296875,57.56010055541992,57.665000915527344,835570
2025-06-06 19:30:00+00:00,57.630001068115234,57.68000030517578,57.31999969482422,57.349998474121094,950705
2025-06-09 13:30:00+00:00,58.56999969482422,59.79800033569336,58.33000183105469,59.5,4747540
2025-06-09 14:30:00+00:00,59.529998779296875,60.02000045776367,58.4900016784668,58.55009841918945,3320008
2025-06-09 15:30:00+00:00,58.58000183105469,58.81999969482422,57.619998931884766,57.77000045776367,2618018
2025-06-09 16:30:00+00:00,57.81999969482422,58.433998107910156,57.755001068115234,58.22999954223633,1229386
2025-06-09 17:30:00+00:00,58.220001220703125,58.329898834228516,57.584999084472656,58.27000045776367,934567
2025-06-09 18:30:00+00:00,58.255001068115234,58.43000030517578,58.03200149536133,58.22999954223633,743637
2025-06-09 19:30:00+00:00,58.189998626708984,58.209999084472656,57.75,58.084999084472656,993255
2025-06-10 13:30:00+00:00,58.130001068115234,58.44499969482422,57.43000030517578,58.23500061035156,3408607
2025-06-10 14:30:00+00:00,58.202701568603516,58.4900016784668,57.83000183105469,58.131900787353516,1353915
2025-06-10 15:30:00+00:00,58.130001068115234,58.5,57.191001892089844,58.489898681640625,1270835
2025-06-10 16:30:00+00:00,58.470001220703125,58.617698669433594,58.11109924316406,58.16999816894531,1078518
2025-06-10 17:30:00+00:00,58.119998931884766,58.5,57.68000030517578,58.4900016784668,855489
2025-06-10 18:30:00+00:00,58.48139953613281,59.41999816894531,58.310001373291016,59.16999816894531,2059677
2025-06-10 19:30:00+00:00,59.18000030517578,59.185699462890625,58.58000183105469,59.13999938964844,1137210
2025-06-11 13:30:00+00:00,59.72999954223633,60.029998779296875,58.38999938964844,59.579898834228516,5064867
2025-06-11 14:30:00+00:00,59.560001373291016,59.72999954223633,58.709999084472656,59.30979919433594,1584786
2025-06-11 15:30:00+00:00,59.27000045776367,59.349998474121094,58.180301666259766,58.66999816894531,1305535
2025-06-11 16:30:00+00:00,58.689998626708984,59.06999969482422,58.38999938964844,58.959999084472656,790423
2025-06-11 17:30:00+00:00,58.974998474121094,59.02989959716797,57.58000183105469,57.93009948730469,1349909
2025-06-11 18:30:00+00:00,57.90999984741211,58.31999969482422,57.44499969482422,57.85499954223633,1035662
2025-06-11 19:30:00+00:00,57.849998474121094,58.33000183105469,57.790000915527344,58.209999084472656,602558
2025-06-12 13:30:00+00:00,57.41999816894531,59.29999923706055,57.41999816894531,59.220001220703125,4195399
2025-06-12 14:30:00+00:00,59.260101318359375,59.97999954223633,59.15999984741211,59.51499938964844,2642465
2025-06-12 15:30:00+00:00,59.52000045776367,59.7400016784668,59.13999938964844,59.529998779296875,1090142
2025-06-12 16:30:00+00:00,59.51499938964844,59.650001525878906,59.18000030517578,59.41999816894531,625508
2025-06-12 17:30:00+00:00,59.45500183105469,59.81999969482422,59.43000030517578,59.529998779296875,905789
2025-06-12 18:30:00+00:00,59.540000915527344,59.900001525878906,59.367000579833984,59.77000045776367,917180
2025-06-12 19:30:00+00:00,59.77000045776367,59.95000076293945,59.560001373291016,59.95000076293945,839420
2025-06-13 13:30:00+00:00,57.790000915527344,58.7400016784668,56.689998626708984,56.779998779296875,4748666
2025-06-13 14:30:00+00:00,56.79999923706055,58.20000076293945,56.70000076293945,58.16999816894531,1601914
2025-06-13 15:30:00+00:00,58.209999084472656,58.560001373291016,58.150001525878906,58.310001373291016,894743
2025-06-13 16:30:00+00:00,58.349998474121094,58.560001373291016,57.849998474121094,57.974998474121094,967537
2025-06-13 17:30:00+00:00,57.959999084472656,58.119998931884766,57.08000183105469,57.11000061035156,1059156
2025-06-13 18:30:00+00:00,57.099998474121094,57.5,56.52000045776367,57.04690170288086,1371313
2025-06-13 19:30:00+00:00,57.04999923706055,57.45000076293945,57.00419998168945,57.380001068115234,890731
2025-06-16 13:30:00+00:00,58.5,59.755001068115234,58.459999084472656,59.42499923706055,3676845
2025-06-16 14:30:00+00:00,59.42570114135742,60.79999923706055,59.04999923706055,60.21500015258789,3068628
2025-06-16 15:30:00+00:00,60.20750045776367,60.70500183105469,60.18000030517578,60.625,1295691
2025-06-16 16:30:00+00:00,60.64500045776367,60.68000030517578,60.15449905395508,60.377899169921875,787143
2025-06-16 17:30:00+00:00,60.36000061035156,60.40999984741211,59.875,60.02000045776367,750139
2025-06-16 18:30:00+00:00,60.029998779296875,60.029998779296875,59.599998474121094,59.834999084472656,789388
2025-06-16 19:30:00+00:00,59.810001373291016,59.82500076293945,59.279998779296875,59.56999969482422,750315
2025-06-17 13:30:00+00:00,59.40999984741211,60.0099983215332,59.06050109863281,59.33209991455078,3095506
2025-06-17 14:30:00+00:00,59.334999084472656,59.790000915527344,59.21149826049805,59.41999816894531,913364
2025-06-17 15:30:00+00:00,59.400001525878906,59.95989990234375,59.20000076293945,59.85309982299805,1156967
2025-06-17 16:30:00+00:00,59.81800079345703,59.93000030517578,59.213199615478516,59.70500183105469,1159189
2025-06-17 17:30:00+00:00,59.66999816894531,59.88710021972656,58.970001220703125,59.150001525878906,1100580
2025-06-17 18:30:00+00:00,59.150001525878906,59.400001525878906,58.81999969482422,59.2218017578125,674458
2025-06-17 19:30:00+00:00,59.290000915527344,59.599998474121094,59.02000045776367,59.029998779296875,617576
2025-06-18 13:30:00+00:00,58.970001220703125,60.04499816894531,58.279998779296875,59.95159912109375,2712530
2025-06-18 14:30:00+00:00,59.97999954223633,60.290000915527344,59.68000030517578,59.79800033569336,1208538
2025-06-18 15:30:00+00:00,59.810001373291016,60.275001525878906,59.724998474121094,60.02000045776367,1009249
2025-06-18 16:30:00+00:00,60.02000045776367,60.279998779296875,59.869998931884766,59.90999984741211,550237
2025-06-18 17:30:00+00:00,59.880001068115234,60.20000076293945,59.58000183105469,59.84000015258789,752739
2025-06-18 18:30:00+00:00,59.80229949951172,60.0,58.92279815673828,59.11000061035156,1080644
2025-06-18 19:30:00+00:00,59.09000015258789,60.25,59.02000045776367,60.150001525878906,960402
2025-06-20 13:30:00+00:00,60.084999084472656,60.720001220703125,58.994998931884766,59.43000030517578,4659293
2025-06-20 14:30:00+00:00,59.38999938964844,59.75,57.84000015258789,58.81999969482422,2854538
2025-06-20 15:30:00+00:00,58.8400993347168,59.279998779296875,58.630001068115234,58.869998931884766,1032950
2025-06-20 16:30:00+00:00,58.900001525878906,59.1875,58.46500015258789,58.4900016784668,852330
2025-06-20 17:30:00+00:00,58.45000076293945,59.11199951171875,58.290000915527344,59.02000045776367,698059
2025-06-20 18:30:00+00:00,59.025299072265625,59.14500045776367,58.540000915527344,58.709999084472656,648516
2025-06-20 19:30:00+00:00,58.709999084472656,58.8583984375,58.275001525878906,58.709999084472656,745047
2025-06-23 13:30:00+00:00,58.38999938964844,59.119998931884766,57.529998779296875,58.57500076293945,2656722
2025-06-23 14:30:00+00:00,58.608001708984375,59.040000915527344,58.5,58.75,850923
2025-06-23 15:30:00+00:00,58.630001068115234,58.90999984741211,57.95399856567383,57.9901008605957,722345
2025-06-23 16:30:00+00:00,58.000099182128906,59.239898681640625,57.29999923706055,59.20000076293945,1490734
2025-06-23 17:30:00+00:00,59.209999084472656,59.470001220703125,58.79999923706055,58.810001373291016,824257
2025-06-23 18:30:00+00:00,58.790000915527344,59.18000030517578,58.669898986816406,58.77000045776367,488971
2025-06-23 19:30:00+00:00,58.7400016784668,59.15999984741211,58.599998474121094,59.0099983215332,387694
2025-06-24 13:30:00+00:00,60.380001068115234,62.04499816894531,60.26499938964844,61.31999969482422,5025767
2025-06-24 14:30:00+00:00,61.345001220703125,61.65999984741211,61.15999984741211,61.23099899291992,1393579
2025-06-24 15:30:00+00:00,61.25,61.46989822387695,60.959999084472656,61.45500183105469,965775
2025-06-24 16:30:00+00:00,61.44499969482422,61.67499923706055,61.31999969482422,61.47010040283203,910667
2025-06-24 17:30:00+00:00,61.474998474121094,61.79999923706055,61.474998474121094,61.60499954223633,798102
2025-06-24 18:30:00+00:00,61.599998474121094,61.75,61.448699951171875,61.499900817871094,671721
2025-06-24 19:30:00+00:00,61.4900016784668,62.06999969482422,61.470001220703125,61.9900016784668,1071295
2025-06-25 13:30:00+00:00,63.2400016784668,65.93000030517578,63.20000076293945,65.64009857177734,7951547
2025-06-25 14:30:00+00:00,65.65010070800781,66.30500030517578,65.07270050048828,65.51499938964844,2899775
2025-06-25 15:30:00+00:00,65.51000213623047,65.63590240478516,64.95999908447266,65.58999633789062,1092314
2025-06-25 16:30:00+00:00,65.59500122070312,67.08999633789062,65.45989990234375,67.06500244140625,2226336
2025-06-25 17:30:00+00:00,67.06500244140625,67.16000366210938,66.4749984741211,67.09200286865234,1778222
2025-06-25 18:30:00+00:00,67.06999969482422,67.5,66.5999984741211,66.93499755859375,1382541
2025-06-25 19:30:00+00:00,66.92939758300781,67.5,66.58999633789062,67.5,1151741
2025-06-26 13:30:00+00:00,68.83999633789062,69.2750015258789,67.12999725341797,69.25800323486328,6387349
2025-06-26 14:30:00+00:00,69.22000122070312,69.4800033569336,67.80999755859375,67.9218978881836,2181718
2025-06-26 15:30:00+00:00,67.94000244140625,68.62000274658203,67.82009887695312,68.55000305175781,742021
2025-06-26 16:30:00+00:00,68.5199966430664,69.0,68.08999633789062,68.87020111083984,862943
2025-06-26 17:30:00+00:00,68.86000061035156,69.27999877929688,68.65010070800781,68.91999816894531,897809
2025-06-26 18:30:00+00:00,68.88999938964844,68.93000030517578,68.37999725341797,68.41999816894531,765379
2025-06-26 19:30:00+00:00,68.36489868164062,68.4801025390625,67.86499786376953,68.0199966430664,956528
2025-06-27 13:30:00+00:00,68.73500061035156,70.05000305175781,68.12000274658203,70.04000091552734,4566868
2025-06-27 14:30:00+00:00,70.04000091552734,70.54000091552734,69.5,70.4749984741211,2425956
2025-06-27 15:30:00+00:00,70.44819641113281,71.1500015258789,69.93000030517578,70.2979965209961,2010018
2025-06-27 16:30:00+00:00,70.24500274658203,70.37999725341797,69.63999938964844,70.11000061035156,1303575
2025-06-27 17:30:00+00:00,70.0199966430664,70.16999816894531,69.03009796142578,69.06999969482422,1990200
2025-06-27 18:30:00+00:00,69.08499908447266,69.5199966430664,68.31999969482422,69.20999908447266,1456534
2025-06-27 19:30:00+00:00,69.22989654541016,70.40499877929688,69.20010375976562,70.33000183105469,1009511
2025-06-30 13:30:00+00:00,70.68000030517578,70.91999816894531,68.72000122070312,69.69010162353516,4585273
2025-06-30 14:30:00+00:00,69.7300033569336,70.15989685058594,69.41999816894531,69.66999816894531,1232840
2025-06-30 15:30:00+00:00,69.64520263671875,70.76000213623047,69.5999984741211,70.27999877929688,1267435
2025-06-30 16:30:00+00:00,70.22000122070312,70.66000366210938,70.22000122070312,70.36499786376953,492932
2025-06-30 17:30:00+00:00,70.35910034179688,70.62000274658203,70.12000274658203,70.13999938964844,527764
2025-06-30 18:30:00+00:00,70.13500213623047,70.5999984741211,69.51000213623047,70.47000122070312,698332
2025-06-30 19:30:00+00:00,70.48799896240234,71.08000183105469,70.36509704589844,70.41999816894531,1052856
2025-07-01 13:30:00+00:00,68.83999633789062,69.79000091552734,67.26010131835938,67.49299621582031,3733323
2025-07-01 14:30:00+00:00,67.47000122070312,67.66999816894531,64.69000244140625,65.97760009765625,4101372
2025-07-01 15:30:00+00:00,65.91999816894531,66.46769714355469,65.33999633789062,66.38999938964844,1637521
2025-07-01 16:30:00+00:00,66.38999938964844,67.80500030517578,66.31999969482422,67.18990325927734,1630426
2025-07-01 17:30:00+00:00,67.16999816894531,67.69999694824219,66.94000244140625,67.2300033569336,554921
2025-07-01 18:30:00+00:00,67.22000122070312,67.48999786376953,65.97000122070312,66.66539764404297,759686
2025-07-01 19:30:00+00:00,66.66999816894531,67.0199966430664,66.23999786376953,66.27999877929688,757059
2025-07-02 13:30:00+00:00,66.05000305175781,68.75,66.01000213623047,68.69499969482422,4470617
2025-07-02 14:30:00+00:00,68.69000244140625,70.0,68.54000091552734,68.94499969482422,2763242
2025-07-02 15:30:00+00:00,68.93000030517578,69.79499816894531,68.68250274658203,69.56500244140625,1437230
2025-07-02 16:30:00+00:00,69.5999984741211,69.96510314941406,69.36000061035156,69.66000366210938,1121693
2025-07-02 17:30:00+00:00,69.68499755859375,69.75,69.23999786376953,69.45999908447266,555292
2025-07-02 18:30:00+00:00,69.44999694824219,69.5479965209961,69.06999969482422,69.40630340576172,718130
2025-07-02 19:30:00+00:00,69.36000061035156,69.83999633789062,69.33999633789062,69.69000244140625,763287
2025-07-03 13:30:00+00:00,70.5199966430664,72.9000015258789,70.08000183105469,72.58999633789062,4816951
2025-07-03 14:30:00+00:00,72.58000183105469,72.76000213623047,71.31999969482422,71.87000274658203,2479535
2025-07-03 15:30:00+00:00,71.87999725341797,72.01499938964844,71.43499755859375,71.47000122070312,964392
2025-07-07 13:30:00+00:00,70.40499877929688,71.41000366210938,70.30000305175781,70.53009796142578,3640989
2025-07-07 14:30:00+00:00,70.5,70.80500030517578,69.66000366210938,70.54000091552734,1495429
2025-07-07 15:30:00+00:00,70.36969757080078,70.875,69.9800033569336,70.43000030517578,1179035
2025-07-07 16:30:00+00:00,70.41999816894531,70.77999877929688,70.27010345458984,70.53630065917969,734192
2025-07-07 17:30:00+00:00,70.5199966430664,70.91999816894531,70.01000213623047,70.05999755859375,887178
2025-07-07 18:30:00+00:00,70.08000183105469,70.80509948730469,70.0199966430664,70.5,705302
2025-07-07 19:30:00+00:00,70.49500274658203,70.76000213623047,70.33000183105469,70.4800033569336,706893
2025-07-08 13:30:00+00:00,71.49800109863281,71.75,70.58999633789062,71.1500015258789,3399274
2025-07-08 14:30:00+00:00,71.16999816894531,71.36000061035156,70.83000183105469,71.18499755859375,1387647
2025-07-08 15:30:00+00:00,71.18499755859375,71.87999725341797,71.04000091552734,71.75,946422
2025-07-08 16:30:00+00:00,71.77999877929688,71.80000305175781,71.37999725341797,71.62000274658203,982672
2025-07-08 17:30:00+00:00,71.63999938964844,72.19999694824219,71.341796875,71.56999969482422,889970
2025-07-08 18:30:00+00:00,71.552001953125,71.91999816894531,71.42179870605469,71.9000015258789,562445
2025-07-08 19:30:00+00:00,71.88999938964844,72.04499816894531,71.73989868164062,71.97000122070312,658239
2025-07-09 13:30:00+00:00,73.01000213623047,75.94000244140625,73.01000213623047,74.7300033569336,5522916
2025-07-09 14:30:00+00:00,74.76000213623047,75.08000183105469,74.18199920654297,74.98999786376953,1767411
2025-07-09 15:30:00+00:00,74.9801025390625,75.01000213623047,74.5999984741211,74.91999816894531,835389
2025-07-09 16:30:00+00:00,74.94000244140625,75.0,74.2699966430664,74.28990173339844,1076531
2025-07-09 17:30:00+00:00,74.28919982910156,74.69999694824219,74.23500061035156,74.52999877929688,509284
2025-07-09 18:30:00+00:00,74.55000305175781,74.87999725341797,74.30000305175781,74.55999755859375,635865
2025-07-09 19:30:00+00:00,74.54000091552734,74.69999694824219,74.30500030517578,74.51000213623047,625048
2025-07-10 13:30:00+00:00,75.7699966430664,76.0,73.66000366210938,74.0999984741211,4824209
2025-07-10 14:30:00+00:00,74.13500213623047,74.4800033569336,73.37999725341797,74.30000305175781,1731411
2025-07-10 15:30:00+00:00,74.30000305175781,74.94000244140625,74.2699966430664,74.9000015258789,1175689
2025-07-10 16:30:00+00:00,74.90499877929688,75.25,74.66000366210938,75.0509033203125,1127594
2025-07-10 17:30:00+00:00,75.06900024414062,76.02100372314453,75.04010009765625,75.31009674072266,1659437
2025-07-10 18:30:00+00:00,75.31990051269531,75.8550033569336,75.25499725341797,75.63500213623047,868558
2025-07-10 19:30:00+00:00,75.62000274658203,75.81999969482422,75.42469787597656,75.6500015258789,726117
2025-07-11 13:30:00+00:00,75.11000061035156,78.80000305175781,75.11000061035156,78.58999633789062,5474903
2025-07-11 14:30:00+00:00,78.58000183105469,79.05999755859375,77.44999694824219,77.82009887695312,2695526
2025-07-11 15:30:00+00:00,77.79499816894531,78.36000061035156,77.27999877929688,77.77999877929688,1283283
2025-07-11 16:30:00+00:00,77.80000305175781,77.9800033569336,77.33999633789062,77.51000213623047,752375
2025-07-11 17:30:00+00:00,77.51000213623047,77.55999755859375,76.7699966430664,77.05010223388672,1004450
2025-07-11 18:30:00+00:00,77.03970336914062,77.41500091552734,76.29000091552734,76.5,1090207
2025-07-11 19:30:00+00:00,76.48999786376953,76.6500015258789,76.30999755859375,76.32489776611328,695660
2025-07-14 13:30:00+00:00,76.80000305175781,76.81999969482422,73.65499877929688,75.2249984741211,4370270
2025-07-14 14:30:00+00:00,75.2249984741211,76.66000366210938,74.88999938964844,76.16500091552734,1325134
2025-07-14 15:30:00+00:00,76.16000366210938,76.61000061035156,76.0199966430664,76.37000274658203,572843
2025-07-14 16:30:00+00:00,76.36000061035156,76.72589874267578,76.0,76.46199798583984,560578
2025-07-14 17:30:00+00:00,76.47000122070312,76.58000183105469,76.11000061035156,76.2300033569336,347694
2025-07-14 18:30:00+00:00,76.19000244140625,76.41500091552734,75.81220245361328,75.83000183105469,459847
2025-07-14 19:30:00+00:00,75.82250213623047,75.93000030517578,75.47000122070312,75.55999755859375,454946
2025-07-15 13:30:00+00:00,82.0250015258789,82.94999694824219,80.23999786376953,82.41000366210938,10211824
2025-07-15 14:30:00+00:00,82.41000366210938,83.16999816894531,81.68000030517578,82.25499725341797,2519511
2025-07-15 15:30:00+00:00,82.25,82.44499969482422,81.93000030517578,82.2300033569336,828283
2025-07-15 16:30:00+00:00,82.2300033569336,82.38999938964844,81.30500030517578,81.45999908447266,898627
2025-07-15 17:30:00+00:00,81.47000122070312,82.0,81.22059631347656,81.81999969482422,795783
2025-07-15 18:30:00+00:00,81.80000305175781,81.83999633789062,80.90499877929688,81.1449966430664,1087744
2025-07-15 19:30:00+00:00,81.1500015258789,81.8499984741211,81.0999984741211,81.48999786376953,954966
2025-07-16 13:30:00+00:00,81.9000015258789,82.58499908447266,80.58000183105469,80.93000030517578,3489562
2025-07-16 14:30:00+00:00,80.93000030517578,81.53669738769531,80.25,81.30000305175781,1559770
2025-07-16 15:30:00+00:00,81.30999755859375,81.58000183105469,79.88999938964844,81.30999755859375,1639424
2025-07-16 16:30:00+00:00,81.30000305175781,82.2699966430664,81.2300033569336,81.79000091552734,907103
2025-07-16 17:30:00+00:00,81.79010009765625,81.94000244140625,81.02999877929688,81.87999725341797,571864
2025-07-16 18:30:00+00:00,81.86499786376953,82.0,81.55999755859375,81.67500305175781,488251
2025-07-16 19:30:00+00:00,81.6500015258789,82.29000091552734,81.63500213623047,82.19000244140625,801179
2025-07-17 13:30:00+00:00,82.97000122070312,84.37809753417969,81.70999908447266,83.70989990234375,4380820
2025-07-17 14:30:00+00:00,83.69999694824219,84.08999633789062,83.42500305175781,83.85310363769531,1437601
2025-07-17 15:30:00+00:00,83.87000274658203,84.87000274658203,83.71499633789062,84.60009765625,1329160
2025-07-17 16:30:00+00:00,84.58999633789062,84.71499633789062,84.1500015258789,84.45500183105469,914687
2025-07-17 17:30:00+00:00,84.48999786376953,84.65499877929688,83.86000061035156,84.03119659423828,812969
2025-07-17 18:30:00+00:00,84.05000305175781,84.4103012084961,83.931396484375,84.02999877929688,699581
2025-07-17 19:30:00+00:00,83.9999008178711,84.25,83.80000305175781,83.87000274658203,868344
2025-07-18 13:30:00+00:00,84.33499908447266,84.87999725341797,82.66000366210938,82.81999969482422,4279713
2025-07-18 14:30:00+00:00,82.81999969482422,83.43499755859375,82.01000213623047,82.86499786376953,2000210
2025-07-18 15:30:00+00:00,82.88999938964844,83.2699966430664,82.69999694824219,82.87979888916016,866487
2025-07-18 16:30:00+00:00,82.86000061035156,83.43000030517578,82.52999877929688,83.3489990234375,888917
2025-07-18 17:30:00+00:00,83.32499694824219,83.42990112304688,82.83999633789062,83.11000061035156,533683
2025-07-18 18:30:00+00:00,83.0999984741211,83.12000274658203,82.61299896240234,82.79000091552734,587829
2025-07-18 19:30:00+00:00,82.79000091552734,83.11000061035156,82.54000091552734,83.06009674072266,714388
2025-07-21 13:30:00+00:00,83.42500305175781,84.01000213623047,82.39009857177734,83.70989990234375,2999571
2025-07-21 14:30:00+00:00,83.75,83.79930114746094,83.13009643554688,83.36009979248047,836039
2025-07-21 15:30:00+00:00,83.36499786376953,83.48999786376953,82.18499755859375,82.7300033569336,956023
2025-07-21 16:30:00+00:00,82.73500061035156,83.29499816894531,82.69499969482422,83.23500061035156,972866
2025-07-21 17:30:00+00:00,83.23999786376953,83.45999908447266,83.16000366210938,83.3499984741211,429972
2025-07-21 18:30:00+00:00,83.37000274658203,83.38500213623047,82.56500244140625,82.64430236816406,719656
2025-07-21 19:30:00+00:00,82.658203125,82.80999755859375,81.93009948730469,82.16010284423828,715770
2025-07-22 13:30:00+00:00,81.2489013671875,82.0199966430664,75.58000183105469,77.0,6899480
2025-07-22 14:30:00+00:00,77.0,79.02999877929688,77.0,78.68000030517578,1838859
2025-07-22 15:30:00+00:00,78.73999786376953,79.43000030517578,78.36000061035156,78.41000366210938,1013272
2025-07-22 16:30:00+00:00,78.39900207519531,79.19999694824219,78.23999786376953,79.08999633789062,669217
2025-07-22 17:30:00+00:00,79.0999984741211,79.23999786376953,78.23500061035156,78.77999877929688,550496
2025-07-22 18:30:00+00:00,78.73919677734375,78.9800033569336,78.5999984741211,78.73500061035156,433434
2025-07-22 19:30:00+00:00,78.72000122070312,78.83999633789062,77.88999938964844,77.88999938964844,725441
2025-07-23 13:30:00+00:00,80.2499008178711,81.03929901123047,78.77999877929688,79.8499984741211,3956888
2025-07-23 14:30:00+00:00,79.87000274658203,80.47000122070312,79.23999786376953,80.21050262451172,1334595
2025-07-23 15:30:00+00:00,80.19000244140625,80.52999877929688,79.31999969482422,79.36000061035156,1112239
2025-07-23 16:30:00+00:00,79.3499984741211,79.98809814453125,79.33999633789062,79.76000213623047,475126
2025-07-23 17:30:00+00:00,79.76000213623047,81.81999969482422,79.75,81.26499938964844,1302112
2025-07-23 18:30:00+00:00,81.2427978515625,81.65499877929688,81.08999633789062,81.33000183105469,865012
2025-07-23 19:30:00+00:00,81.31999969482422,81.44000244140625,80.83999633789062,81.44000244140625,709698
2025-07-24 13:30:00+00:00,83.0250015258789,83.87000274658203,81.87999725341797,82.61499786376953,3020721
2025-07-24 14:30:00+00:00,82.61000061035156,83.65499877929688,82.54000091552734,83.18000030517578,1320502
2025-07-24 15:30:00+00:00,83.18000030517578,83.56999969482422,82.91500091552734,83.41999816894531,856623
2025-07-24 16:30:00+00:00,83.44000244140625,84.1050033569336,83.26010131835938,83.875,1018596
2025-07-24 17:30:00+00:00,83.875,84.2699966430664,83.69000244140625,83.91000366210938,623858
2025-07-24 18:30:00+00:00,83.9000015258789,84.17990112304688,83.69999694824219,84.08000183105469,597926
2025-07-24 19:30:00+00:00,84.08000183105469,84.2300033569336,83.77999877929688,84.17500305175781,598695
2025-07-25 13:30:00+00:00,83.95500183105469,85.05000305175781,83.36060333251953,84.80059814453125,2887906
2025-07-25 14:30:00+00:00,84.8051986694336,85.0,84.01010131835938,84.41999816894531,1245249
2025-07-25 15:30:00+00:00,84.42030334472656,84.8499984741211,84.12000274658203,84.7300033569336,642430
2025-07-25 16:30:00+00:00,84.7249984741211,84.83000183105469,84.18000030517578,84.23989868164062,451462
2025-07-25 17:30:00+00:00,84.23999786376953,84.31999969482422,83.41999816894531,84.01959991455078,828552
2025-07-25 18:30:00+00:00,84.0199966430664,84.4000015258789,83.79049682617188,84.1500015258789,416474
2025-07-25 19:30:00+00:00,84.13999938964844,84.31999969482422,83.69999694824219,83.80999755859375,486832
2025-07-28 13:30:00+00:00,84.44000244140625,85.81999969482422,84.44000244140625,85.2300033569336,3383776
2025-07-28 14:30:00+00:00,85.19999694824219,85.54000091552734,84.58999633789062,85.2313003540039,1043040
2025-07-28 15:30:00+00:00,85.25,85.41999816894531,84.99500274658203,85.32009887695312,703137
2025-07-28 16:30:00+00:00,85.31999969482422,85.55010223388672,85.0199966430664,85.5,648421
2025-07-28 17:30:00+00:00,85.5,85.95500183105469,85.49500274658203,85.74009704589844,641383
2025-07-28 18:30:00+00:00,85.7699966430664,86.51000213623047,85.5,86.41000366210938,1119553
2025-07-28 19:30:00+00:00,86.41999816894531,87.02999877929688,86.0999984741211,87.0,757460
2025-07-29 13:30:00+00:00,88.19999694824219,89.5199966430664,87.86000061035156,88.32009887695312,3769640
2025-07-29 14:30:00+00:00,88.37000274658203,88.86000061035156,85.91649627685547,86.09010314941406,2277020
2025-07-29 15:30:00+00:00,86.08000183105469,86.98500061035156,85.43000030517578,86.56999969482422,1282559
2025-07-29 16:30:00+00:00,86.56990051269531,86.86000061035156,86.11000061035156,86.41000366210938,513452
2025-07-29 17:30:00+00:00,86.41999816894531,86.82890319824219,86.03500366210938,86.4198989868164,651372
2025-07-29 18:30:00+00:00,86.44000244140625,86.77989959716797,86.01000213623047,86.05000305175781,594049
2025-07-29 19:30:00+00:00,86.08999633789062,86.19000244140625,85.45999908447266,85.75,749998
2025-07-30 13:30:00+00:00,86.84310150146484,88.8499984741211,86.24500274658203,88.59010314941406,3084805
2025-07-30 14:30:00+00:00,88.61000061035156,89.37999725341797,88.31999969482422,88.41000366210938,1393819
2025-07-30 15:30:00+00:00,88.41000366210938,89.29499816894531,88.27999877929688,88.92009735107422,1336511
2025-07-30 16:30:00+00:00,88.9800033569336,89.48989868164062,88.95999908447266,89.12110137939453,959639
2025-07-30 17:30:00+00:00,89.125,89.77999877929688,89.0199966430664,89.63500213623047,810313
2025-07-30 18:30:00+00:00,89.65499877929688,89.9800033569336,87.70010375976562,88.74800109863281,1840332
2025-07-30 19:30:00+00:00,88.72000122070312,89.5,88.70999908447266,89.41999816894531,710930
2025-07-31 13:30:00+00:00,93.0,93.30999755859375,90.5,91.63500213623047,5252845
2025-07-31 14:30:00+00:00,91.66000366210938,91.80000305175781,88.7699966430664,89.97000122070312,2780490
2025-07-31 15:30:00+00:00,89.98999786376953,91.55180358886719,89.8949966430664,91.4448013305664,1257154
2025-07-31 16:30:00+00:00,91.4000015258789,91.55999755859375,88.9198989868164,89.0999984741211,1322210
2025-07-31 17:30:00+00:00,89.08509826660156,89.52989959716797,86.04000091552734,87.44000244140625,2666229
2025-07-31 18:30:00+00:00,87.4281997680664,88.25,87.30500030517578,87.51000213623047,1100591
2025-07-31 19:30:00+00:00,87.5199966430664,88.16999816894531,87.23999786376953,87.94999694824219,907311
2025-08-01 13:30:00+00:00,83.94000244140625,85.08000183105469,81.01000213623047,85.0199966430664,6614551
2025-08-01 14:30:00+00:00,85.0198974609375,86.04000091552734,84.44000244140625,84.83999633789062,2060926
2025-08-01 15:30:00+00:00,84.81999969482422,86.55999755859375,84.69999694824219,85.84500122070312,1383784
2025-08-01 16:30:00+00:00,85.85240173339844,85.88999938964844,82.76000213623047,83.16999816894531,1717513
2025-08-01 17:30:00+00:00,83.13999938964844,83.69999694824219,81.87000274658203,83.34269714355469,1627373
2025-08-01 18:30:00+00:00,83.31500244140625,84.2083969116211,82.82499694824219,83.79000091552734,1601231
2025-08-01 19:30:00+00:00,83.77999877929688,84.7300033569336,83.25,83.66000366210938,830187
2025-08-04 13:30:00+00:00,85.13999938964844,87.95999908447266,84.60009765625,87.80999755859375,4323082
2025-08-04 14:30:00+00:00,87.7699966430664,87.9749984741211,86.86000061035156,87.72000122070312,1501447
2025-08-04 15:30:00+00:00,87.70999908447266,88.87999725341797,87.55000305175781,88.77999877929688,1298420
2025-08-04 16:30:00+00:00,88.7699966430664,88.94999694824219,88.4749984741211,88.87999725341797,742961
2025-08-04 17:30:00+00:00,88.875,89.625,88.55500030517578,89.12000274658203,1019795
2025-08-04 18:30:00+00:00,89.11000061035156,89.4749984741211,88.79499816894531,89.1449966430664,804805
2025-08-04 19:30:00+00:00,89.16000366210938,89.79000091552734,88.97000122070312,89.77999877929688,813196
2025-08-05 13:30:00+00:00,89.36000061035156,90.02999877929688,87.57990264892578,88.0250015258789,4220925
2025-08-05 14:30:00+00:00,88.04000091552734,88.26509857177734,85.72000122070312,86.69000244140625,2814317
2025-08-05 15:30:00+00:00,86.62000274658203,87.94120025634766,86.01509857177734,87.71499633789062,1274912
2025-08-05 16:30:00+00:00,87.69000244140625,88.01000213623047,86.80000305175781,87.83999633789062,686456
2025-08-05 17:30:00+00:00,87.8301010131836,88.88999938964844,87.75199890136719,88.27999877929688,717049
2025-08-05 18:30:00+00:00,88.2699966430664,88.5999984741211,87.44499969482422,88.5999984741211,736701
2025-08-05 19:30:00+00:00,88.62999725341797,88.75,87.92500305175781,88.01000213623047,672534
2025-08-06 13:30:00+00:00,86.13999938964844,89.16000366210938,86.07499694824219,87.80000305175781,3530334
2025-08-06 14:30:00+00:00,87.77999877929688,88.1500015258789,86.58999633789062,87.9114990234375,1688483
2025-08-06 15:30:00+00:00,87.94000244140625,89.11000061035156,87.80000305175781,87.99500274658203,1092781
2025-08-06 16:30:00+00:00,87.9800033569336,88.18949890136719,87.41999816894531,88.1760025024414,758136
2025-08-06 17:30:00+00:00,88.18499755859375,89.0199966430664,88.03500366210938,88.96499633789062,707068
2025-08-06 18:30:00+00:00,88.96009826660156,89.5905990600586,88.62999725341797,89.39990234375,802170
2025-08-06 19:30:00+00:00,89.375,89.62000274658203,89.06999969482422,89.19000244140625,591152
2025-08-07 13:30:00+00:00,91.26000213623047,93.55999755859375,91.02999877929688,92.19999694824219,5314212
2025-08-07 14:30:00+00:00,92.05500030517578,92.79000091552734,90.86000061035156,91.20999908447266,1549662
2025-08-07 15:30:00+00:00,91.25,91.72000122070312,90.19999694824219,90.83000183105469,896864
2025-08-07 16:30:00+00:00,90.86499786376953,91.04499816894531,89.16999816894531,89.69999694824219,1116058
2025-08-07 17:30:00+00:00,89.69000244140625,89.98500061035156,88.56500244140625,89.1500015258789,1081207
2025-08-07 18:30:00+00:00,89.12000274658203,89.94999694824219,88.8499984741211,89.18000030517578,1278852
2025-08-07 19:30:00+00:00,89.18000030517578,90.54000091552734,89.11000061035156,90.54000091552734,798256
2025-08-08 13:30:00+00:00,91.22000122070312,92.37999725341797,90.04000091552734,91.81999969482422,2853445
2025-08-08 14:30:00+00:00,91.8499984741211,92.93000030517578,91.68000030517578,92.6500015258789,1308635
2025-08-08 15:30:00+00:00,92.63999938964844,92.91000366210938,91.9000015258789,92.552001953125,1027339
2025-08-08 16:30:00+00:00,92.55000305175781,92.55000305175781,91.25,91.49500274658203,1278691
2025-08-08 17:30:00+00:00,91.48999786376953,92.5,91.48999786376953,92.2300033569336,627939
2025-08-08 18:30:00+00:00,92.23999786376953,92.68000030517578,92.23999786376953,92.3219985961914,534237
2025-08-08 19:30:00+00:00,92.31999969482422,92.41000366210938,91.80000305175781,92.4000015258789,667948
2025-08-11 13:30:00+00:00,91.6365966796875,93.2699966430664,89.86000061035156,92.95500183105469,4819617
2025-08-11 14:30:00+00:00,92.95999908447266,93.30000305175781,91.98500061035156,92.7699966430664,1451832
2025-08-11 15:30:00+00:00,92.77999877929688,93.44999694824219,92.5,93.34549713134766,2019659
2025-08-11 16:30:00+00:00,93.33999633789062,93.4000015258789,92.45999908447266,92.84500122070312,745176
2025-08-11 17:30:00+00:00,92.87560272216797,93.05999755859375,92.18499755859375,92.502197265625,732276
2025-08-11 18:30:00+00:00,92.5,92.68509674072266,91.69999694824219,91.74009704589844,824335
2025-08-11 19:30:00+00:00,91.76000213623047,92.16500091552734,91.12999725341797,91.54000091552734,653739
2025-08-12 13:30:00+00:00,92.55000305175781,92.58000183105469,89.05000305175781,90.5199966430664,5490013
2025-08-12 14:30:00+00:00,90.55000305175781,92.13999938964844,90.33999633789062,91.5999984741211,1760933
2025-08-12 15:30:00+00:00,91.5999984741211,92.31999969482422,91.36000061035156,91.8499984741211,955892
2025-08-12 16:30:00+00:00,91.8499984741211,92.28500366210938,91.3499984741211,91.81500244140625,735517
2025-08-12 17:30:00+00:00,91.81999969482422,92.6511001586914,91.76000213623047,92.6449966430664,823953
2025-08-12 18:30:00+00:00,92.65499877929688,92.8949966430664,92.25,92.33999633789062,590207
2025-08-12 19:30:00+00:00,92.33000183105469,92.75,91.9000015258789,92.7300033569336,858191
2025-08-13 13:30:00+00:00,91.87999725341797,93.5,90.5,90.93000030517578,4468839
2025-08-13 14:30:00+00:00,90.94000244140625,91.33999633789062,88.86499786376953,89.66999816894531,2746824
2025-08-13 15:30:00+00:00,89.68000030517578,90.62999725341797,89.0999984741211,89.58999633789062,1490549
2025-08-13 16:30:00+00:00,89.55000305175781,90.5250015258789,88.9000015258789,90.50160217285156,1584216
2025-08-13 17:30:00+00:00,90.51000213623047,91.18499755859375,89.97000122070312,90.84980010986328,1077649
2025-08-13 18:30:00+00:00,90.8499984741211,91.44499969482422,90.61000061035156,90.79000091552734,1011103
2025-08-13 19:30:00+00:00,90.77999877929688,91.1698989868164,90.14009857177734,91.08999633789062,841389
2025-08-14 13:30:00+00:00,89.27999877929688,92.1500015258789,88.95999908447266,92.07990264892578,4068464
2025-08-14 14:30:00+00:00,92.08499908447266,92.4800033569336,90.51020050048828,90.875,2018357
2025-08-14 15:30:00+00:00,90.8499984741211,91.68000030517578,90.47000122070312,90.64700317382812,1187608
2025-08-14 16:30:00+00:00,90.7249984741211,91.69000244140625,90.62650299072266,91.66000366210938,633035
2025-08-14 17:30:00+00:00,91.62000274658203,91.62999725341797,90.97000122070312,91.01000213623047,418402
2025-08-14 18:30:00+00:00,91.01000213623047,91.53500366210938,90.91000366210938,91.43000030517578,445763
2025-08-14 19:30:00+00:00,91.45500183105469,91.72650146484375,91.27999877929688,91.47000122070312,397865
2025-08-15 13:30:00+00:00,91.22000122070312,91.29000091552734,87.5,89.33999633789062,4558563
2025-08-15 14:30:00+00:00,89.36009979248047,89.46900177001953,88.16000366210938,88.99800109863281,1404420
2025-08-15 15:30:00+00:00,88.88999938964844,89.0199966430664,87.82499694824219,88.31999969482422,1087490
2025-08-15 16:30:00+00:00,88.35150146484375,89.19999694824219,88.25,89.10199737548828,657427
2025-08-15 17:30:00+00:00,89.11000061035156,89.70500183105469,89.11000061035156,89.58000183105469,715345
2025-08-15 18:30:00+00:00,89.58999633789062,89.66000366210938,88.88999938964844,89.38500213623047,520296
2025-08-15 19:30:00+00:00,89.41000366210938,89.94000244140625,89.3416976928711,89.83499908447266,818241
2025-08-18 13:30:00+00:00,90.0,92.30000305175781,90.0,92.05000305175781,3951960
2025-08-18 14:30:00+00:00,92.02999877929688,92.05000305175781,90.3290023803711,90.54000091552734,1346159
2025-08-18 15:30:00+00:00,90.54000091552734,91.19000244140625,90.45999908447266,91.13639831542969,546450
2025-08-18 16:30:00+00:00,91.15010070800781,91.2699966430664,90.33999633789062,90.87000274658203,476714
2025-08-18 17:30:00+00:00,90.88999938964844,91.20999908447266,90.52999877929688,91.16570281982422,509423
2025-08-18 18:30:00+00:00,91.14250183105469,91.95999908447266,91.14250183105469,91.5000991821289,655375
2025-08-18 19:30:00+00:00,91.55999755859375,91.75,91.37000274658203,91.37000274658203,484949
2025-08-19 13:30:00+00:00,91.7750015258789,91.81999969482422,87.88050079345703,87.98809814453125,3699352
2025-08-19 14:30:00+00:00,88.01000213623047,88.48860168457031,86.64990234375,87.6500015258789,2502301
2025-08-19 15:30:00+00:00,87.61000061035156,88.0,86.1500015258789,86.86900329589844,1343108
2025-08-19 16:30:00+00:00,86.87999725341797,87.06999969482422,85.0999984741211,86.01000213623047,1739925
2025-08-19 17:30:00+00:00,86.0199966430664,86.55999755859375,85.77870178222656,85.87999725341797,784839
2025-08-19 18:30:00+00:00,85.9197998046875,86.05000305175781,84.9800033569336,85.68240356445312,829431
2025-08-19 19:30:00+00:00,85.68000030517578,85.7698974609375,84.9000015258789,85.0,823897
2025-08-20 13:30:00+00:00,84.41500091552734,84.41500091552734,78.3499984741211,79.76000213623047,9996025
2025-08-20 14:30:00+00:00,79.76000213623047,81.875,78.41819763183594,81.82499694824219,3783251
2025-08-20 15:30:00+00:00,81.8499984741211,83.44999694824219,81.13200378417969,83.3949966430664,2217108
2025-08-20 16:30:00+00:00,83.38999938964844,83.41000366210938,82.08999633789062,82.84989929199219,1408872
2025-08-20 17:30:00+00:00,82.83999633789062,83.76000213623047,81.98999786376953,82.22000122070312,1291406
2025-08-20 18:30:00+00:00,82.19000244140625,84.16000366210938,82.15989685058594,83.88999938964844,1266529
2025-08-20 19:30:00+00:00,83.87999725341797,84.79989624023438,83.73999786376953,84.68000030517578,1230914
2025-08-21 13:30:00+00:00,84.02999877929688,86.12000274658203,83.31999969482422,85.69989776611328,6256256
2025-08-21 14:30:00+00:00,85.70999908447266,85.70999908447266,83.91999816894531,84.25,1813965
2025-08-21 15:30:00+00:00,84.33000183105469,84.9000015258789,83.43499755859375,83.52999877929688,1399713
2025-08-21 16:30:00+00:00,83.5199966430664,84.10990142822266,83.12999725341797,83.58999633789062,1271956
2025-08-21 17:30:00+00:00,83.58869934082031,84.45999908447266,83.58000183105469,84.02999877929688,977931
2025-08-21 18:30:00+00:00,84.02999877929688,84.3550033569336,83.58000183105469,84.0999984741211,635479
2025-08-21 19:30:00+00:00,84.05999755859375,84.30000305175781,83.80000305175781,84.23999786376953,928024
2025-08-22 13:30:00+00:00,81.93000030517578,86.97000122070312,80.54090118408203,85.61000061035156,5994767
2025-08-22 14:30:00+00:00,85.5011978149414,87.37999725341797,85.2699966430664,87.22000122070312,2280653
2025-08-22 15:30:00+00:00,87.21499633789062,87.66500091552734,86.0199966430664,86.16000366210938,1644411
2025-08-22 16:30:00+00:00,86.19999694824219,87.36799621582031,86.03099822998047,87.36799621582031,863904
2025-08-22 17:30:00+00:00,87.36000061035156,87.48999786376953,86.93499755859375,87.19000244140625,892750
2025-08-22 18:30:00+00:00,87.20999908447266,87.5199966430664,86.83999633789062,87.13999938964844,847015
2025-08-22 19:30:00+00:00,87.16000366210938,87.41000366210938,86.73999786376953,87.08999633789062,816411
2025-08-25 13:30:00+00:00,87.43000030517578,88.4635009765625,85.66999816894531,88.0719985961914,5584299
2025-08-25 14:30:00+00:00,88.05000305175781,90.2699966430664,87.94000244140625,90.25969696044922,2971070
2025-08-25 15:30:00+00:00,90.26000213623047,90.9000015258789,90.06999969482422,90.52999877929688,2193891
2025-08-25 16:30:00+00:00,90.5,90.72000122070312,89.67009735107422,90.04000091552734,1528337
2025-08-25 17:30:00+00:00,90.02999877929688,90.50879669189453,89.7699966430664,90.37000274658203,1239408
2025-08-25 18:30:00+00:00,90.37000274658203,90.6500015258789,89.95010375976562,90.06999969482422,1198961
2025-08-25 19:30:00+00:00,90.06999969482422,90.2699966430664,88.69999694824219,88.88999938964844,1378917
2025-08-26 13:30:00+00:00,89.05999755859375,90.20999908447266,87.83999633789062,89.98500061035156,4522776
2025-08-26 14:30:00+00:00,89.97000122070312,90.73999786376953,89.69499969482422,89.87999725341797,2273635
2025-08-26 15:30:00+00:00,89.86499786376953,90.93000030517578,89.77999877929688,90.68000030517578,1507468
2025-08-26 16:30:00+00:00,90.66999816894531,90.73500061035156,90.2249984741211,90.61000061035156,1002601
2025-08-26 17:30:00+00:00,90.61499786376953,90.8499984741211,89.88999938964844,90.80000305175781,998377
2025-08-26 18:30:00+00:00,90.80000305175781,91.24500274658203,90.74500274658203,91.0199966430664,1220195
2025-08-26 19:30:00+00:00,91.00990295410156,91.36000061035156,90.52999877929688,90.75,1314822
2025-08-27 13:30:00+00:00,91.0999984741211,91.12000274658203,88.0999984741211,90.0199966430664,6833505
2025-08-27 14:30:00+00:00,90.03209686279297,91.38999938964844,90.0250015258789,90.55999755859375,2784941
2025-08-27 15:30:00+00:00,90.52999877929688,91.18000030517578,90.06999969482422,90.3656997680664,1737033
2025-08-27 16:30:00+00:00,90.36990356445312,91.01349639892578,90.23999786376953,90.88990020751953,1338577
2025-08-27 17:30:00+00:00,90.88749694824219,91.43000030517578,90.58999633789062,91.16999816894531,1383285
2025-08-27 18:30:00+00:00,91.16000366210938,91.16999816894531,89.88999938964844,90.62000274658203,1832233
2025-08-27 19:30:00+00:00,90.63999938964844,90.77999877929688,90.2301025390625,90.48970031738281,1952688
2025-08-28 13:30:00+00:00,89.75499725341797,93.32499694824219,85.37999725341797,86.63999938964844,13395004
2025-08-28 14:30:00+00:00,86.65299987792969,89.51750183105469,86.55999755859375,88.0999984741211,3531021
2025-08-28 15:30:00+00:00,88.0999984741211,88.73999786376953,87.31999969482422,88.61000061035156,1682640
2025-08-28 16:30:00+00:00,88.63999938964844,88.88990020751953,87.62000274658203,88.83000183105469,1266860
2025-08-28 17:30:00+00:00,88.83000183105469,89.73999786376953,88.71869659423828,89.73930358886719,1228840
2025-08-28 18:30:00+00:00,89.73999786376953,90.43499755859375,88.86000061035156,88.95999908447266,1785850
2025-08-28 19:30:00+00:00,88.91999816894531,89.94000244140625,88.87000274658203,88.98999786376953,1281095
2025-08-29 13:30:00+00:00,86.91999816894531,86.94000244140625,82.68000030517578,83.94000244140625,8292641
2025-08-29 14:30:00+00:00,83.91000366210938,84.11000061035156,82.26499938964844,83.63999938964844,3546117
2025-08-29 15:30:00+00:00,83.63500213623047,83.7249984741211,82.51000213623047,83.02999877929688,2174720
2025-08-29 16:30:00+00:00,83.04499816894531,83.64720153808594,82.05000305175781,82.41500091552734,1805567
2025-08-29 17:30:00+00:00,82.41999816894531,83.1500015258789,82.15989685058594,82.45999908447266,1625115
2025-08-29 18:30:00+00:00,82.49009704589844,83.1332015991211,82.44999694824219,82.91000366210938,1250501
2025-08-29 19:30:00+00:00,82.91000366210938,83.36000061035156,82.24649810791016,83.05000305175781,1384240
2025-09-02 13:30:00+00:00,78.94999694824219,81.30999755859375,77.7699966430664,79.63999938964844,6994077
2025-09-02 14:30:00+00:00,79.60990142822266,79.64939880371094,77.6698989868164,78.17500305175781,3093138
2025-09-02 15:30:00+00:00,78.13999938964844,78.20989990234375,76.4000015258789,77.07499694824219,3359942
2025-09-02 16:30:00+00:00,77.08429718017578,78.43000030517578,77.01200103759766,78.33999633789062,1605286
2025-09-02 17:30:00+00:00,78.31999969482422,78.68499755859375,78.0999984741211,78.30280303955078,955100
2025-09-02 18:30:00+00:00,78.30999755859375,79.47000122070312,78.13999938964844,79.31179809570312,1200124
2025-09-02 19:30:00+00:00,79.37999725341797,80.0999984741211,79.3499984741211,79.7699966430664,1239165
2025-09-03 13:30:00+00:00,79.94499969482422,80.73989868164062,78.59010314941406,80.30999755859375,4023497
2025-09-03 14:30:00+00:00,80.30999755859375,81.28990173339844,79.58999633789062,79.67009735107422,1812000
2025-09-03 15:30:00+00:00,79.66999816894531,80.70490264892578,79.37310028076172,80.47000122070312,1116073
2025-09-03 16:30:00+00:00,80.44999694824219,80.44999694824219,79.59500122070312,79.81500244140625,883358
2025-09-03 17:30:00+00:00,79.78500366210938,79.93000030517578,78.33000183105469,78.45159912109375,1017843
2025-09-03 18:30:00+00:00,78.44999694824219,78.73999786376953,78.0,78.47869873046875,1265069
2025-09-03 19:30:00+00:00,78.46009826660156,79.62000274658203,78.44000244140625,79.5999984741211,1120047
2025-09-04 13:30:00+00:00,79.48999786376953,80.73979949951172,78.44999694824219,79.80989837646484,3651075
2025-09-04 14:30:00+00:00,79.80999755859375,80.22000122070312,79.0728988647461,79.7698974609375,1726356
2025-09-04 15:30:00+00:00,79.79989624023438,79.88500213623047,79.2249984741211,79.45999908447266,963443
2025-09-04 16:30:00+00:00,79.40499877929688,80.0999984741211,79.38929748535156,79.43000030517578,778727
2025-09-04 17:30:00+00:00,79.43499755859375,79.80999755859375,79.3499984741211,79.38999938964844,701786
2025-09-04 18:30:00+00:00,79.38999938964844,80.05000305175781,79.38500213623047,79.8499984741211,755789
2025-09-04 19:30:00+00:00,79.8499984741211,80.58000183105469,79.75,80.51000213623047,974488
2025-09-05 13:30:00+00:00,76.0,78.02989959716797,73.55000305175781,74.38999938964844,9104916
2025-09-05 14:30:00+00:00,74.3499984741211,75.31990051269531,73.39759826660156,75.27999877929688,3557885
2025-09-05 15:30:00+00:00,75.27010345458984,76.12000274658203,75.08499908447266,75.52050018310547,2242426
2025-09-05 16:30:00+00:00,75.58999633789062,76.24500274658203,75.44999694824219,75.74500274658203,1188101
2025-09-05 17:30:00+00:00,75.70999908447266,76.0,75.07990264892578,75.89949798583984,1175418
2025-09-05 18:30:00+00:00,75.91000366210938,76.24469757080078,75.22200012207031,76.19499969482422,1043796
2025-09-05 19:30:00+00:00,76.19000244140625,76.27999877929688,75.69999694824219,76.16000366210938,1082200
2025-09-08 13:30:00+00:00,76.6500015258789,79.69999694824219,76.54000091552734,79.05999755859375,5289594
2025-09-08 14:30:00+00:00,79.04000091552734,79.22350311279297,78.41000366210938,78.79000091552734,1373345
2025-09-08 15:30:00+00:00,78.75499725341797,79.05000305175781,78.1500015258789,78.98500061035156,1246714
2025-09-08 16:30:00+00:00,78.97859954833984,79.0,78.38999938964844,78.69999694824219,817069
2025-09-08 17:30:00+00:00,78.70999908447266,78.98999786376953,78.41010284423828,78.54000091552734,738396
2025-09-08 18:30:00+00:00,78.61000061035156,78.7300033569336,77.87999725341797,78.05860137939453,566349
2025-09-08 19:30:00+00:00,78.08550262451172,78.62000274658203,77.1500015258789,77.3499984741211,1029240
2025-09-09 13:30:00+00:00,77.84500122070312,78.47000122070312,76.5199966430664,77.06950378417969,3116327
2025-09-09 14:30:00+00:00,77.05000305175781,77.11499786376953,75.83910369873047,76.77790069580078,1822507
2025-09-09 15:30:00+00:00,76.76000213623047,77.82720184326172,76.49500274658203,77.63999938964844,1069234
2025-09-09 16:30:00+00:00,77.61000061035156,77.70999908447266,76.91999816894531,77.05999755859375,925417
2025-09-09 17:30:00+00:00,77.05000305175781,77.50800323486328,76.84010314941406,77.19999694824219,908253
2025-09-09 18:30:00+00:00,77.19000244140625,79.13999938964844,77.08999633789062,79.01000213623047,1553731
2025-09-09 19:30:00+00:00,79.02999877929688,79.68499755859375,78.65499877929688,79.5,986853
2025-09-10 13:30:00+00:00,84.9749984741211,87.08000183105469,83.88999938964844,85.9000015258789,7807793
2025-09-10 14:30:00+00:00,85.88999938964844,87.41999816894531,85.88009643554688,86.80999755859375,2558477
2025-09-10 15:30:00+00:00,86.81999969482422,86.91000366210938,85.73999786376953,86.21009826660156,1409266
2025-09-10 16:30:00+00:00,86.2300033569336,86.34989929199219,85.63999938964844,86.2300033569336,1242980
2025-09-10 17:30:00+00:00,86.21499633789062,86.51000213623047,84.5,84.61750030517578,1020907
2025-09-10 18:30:00+00:00,84.60990142822266,85.06600189208984,84.36000061035156,85.01010131835938,832675
2025-09-10 19:30:00+00:00,85.04000091552734,85.79000091552734,84.98999786376953,85.55000305175781,940778
2025-09-11 13:30:00+00:00,87.87000274658203,88.19999694824219,85.22000122070312,85.52999877929688,4587719
2025-09-11 14:30:00+00:00,85.52999877929688,86.65740203857422,85.41999816894531,86.31449890136719,0
2025-09-11 15:30:00+00:00,86.30999755859375,86.7300033569336,85.69499969482422,85.82499694824219,4059782
2025-09-11 16:30:00+00:00,85.83999633789062,85.93990325927734,85.2249984741211,85.36499786376953,869497
2025-09-11 17:30:00+00:00,85.36000061035156,85.96510314941406,84.77999877929688,85.81999969482422,1306921
2025-09-11 18:30:00+00:00,85.81999969482422,85.96499633789062,85.23999786376953,85.38999938964844,655718
2025-09-11 19:30:00+00:00,85.37000274658203,85.62000274658203,85.15350341796875,85.3499984741211,777198
2025-09-12 13:30:00+00:00,85.98500061035156,86.57990264892578,84.66999816894531,85.95099639892578,3026580
2025-09-12 14:30:00+00:00,85.94760131835938,86.7197036743164,85.81009674072266,85.83499908447266,1618034
2025-09-12 15:30:00+00:00,85.81999969482422,86.32990264892578,85.5199966430664,86.26010131835938,1251010
2025-09-12 16:30:00+00:00,86.25,86.3550033569336,85.70999908447266,85.716796875,940370
2025-09-12 17:30:00+00:00,85.69999694824219,86.11000061035156,85.62999725341797,85.64009857177734,736071
2025-09-12 18:30:00+00:00,85.6500015258789,86.08000183105469,85.5999984741211,85.86499786376953,972442
2025-09-12 19:30:00+00:00,85.8499984741211,86.12999725341797,85.58499908447266,85.95999908447266,901220
2025-09-15 13:30:00+00:00,83.8949966430664,84.75900268554688,82.80000305175781,83.72000122070312,5495166
2025-09-15 14:30:00+00:00,83.72000122070312,85.39649963378906,83.0999984741211,85.19010162353516,2023831
2025-09-15 15:30:00+00:00,85.20760345458984,86.20999908447266,84.94999694824219,85.72000122070312,1798436
2025-09-15 16:30:00+00:00,85.72019958496094,86.4000015258789,85.31999969482422,85.44000244140625,904902
2025-09-15 17:30:00+00:00,85.41999816894531,86.01170349121094,85.41999816894531,85.69999694824219,718011
2025-09-15 18:30:00+00:00,85.68000030517578,85.98999786376953,85.12000274658203,85.38009643554688,504053
2025-09-15 19:30:00+00:00,85.3499984741211,85.91000366210938,85.11990356445312,85.87999725341797,433785
2025-09-16 13:30:00+00:00,85.08000183105469,85.62999725341797,83.9000015258789,84.47000122070312,3219471
2025-09-16 14:30:00+00:00,84.47000122070312,84.98200225830078,84.0,84.30870056152344,987055
2025-09-16 15:30:00+00:00,84.29000091552734,84.3499984741211,83.05500030517578,83.48999786376953,1237847
2025-09-16 16:30:00+00:00,83.44999694824219,83.61000061035156,83.16999816894531,83.36750030517578,648927
2025-09-16 17:30:00+00:00,83.37000274658203,83.37999725341797,82.88990020751953,83.01000213623047,738258
2025-09-16 18:30:00+00:00,83.0198974609375,83.42500305175781,82.91999816894531,82.9749984741211,623445
2025-09-16 19:30:00+00:00,82.95999908447266,83.33499908447266,82.62000274658203,83.05999755859375,783269
2025-09-17 13:30:00+00:00,80.86000061035156,81.45999908447266,78.22750091552734,78.56999969482422,5548663
2025-09-17 14:30:00+00:00,78.5999984741211,79.18000030517578,78.13140106201172,78.79010009765625,1747958
2025-09-17 15:30:00+00:00,78.83000183105469,78.87000274658203,77.79989624023438,78.32489776611328,1370520
2025-09-17 16:30:00+00:00,78.25900268554688,78.69999694824219,77.75199890136719,78.66000366210938,725504
2025-09-17 17:30:00+00:00,78.66999816894531,79.94499969482422,77.16000366210938,78.62999725341797,1673010
2025-09-17 18:30:00+00:00,78.63999938964844,79.74669647216797,76.94029998779297,79.55999755859375,2244192
2025-09-17 19:30:00+00:00,79.51000213623047,79.62999725341797,78.56050109863281,78.66999816894531,816680
2025-09-18 13:30:00+00:00,82.12000274658203,83.76000213623047,81.22000122070312,83.73400115966797,6666321
2025-09-18 14:30:00+00:00,83.7499008178711,84.30000305175781,83.11000061035156,84.18000030517578,2062948
2025-09-18 15:30:00+00:00,84.18499755859375,84.45999908447266,83.47000122070312,84.18009948730469,1063539
2025-09-18 16:30:00+00:00,84.18000030517578,84.79669952392578,84.14839935302734,84.5,836516
2025-09-18 17:30:00+00:00,84.5,84.5999984741211,83.94329833984375,84.45999908447266,625438
2025-09-18 18:30:00+00:00,84.45240020751953,84.93000030517578,84.20999908447266,84.2499008178711,896230
2025-09-18 19:30:00+00:00,84.2300033569336,84.91999816894531,84.02999877929688,84.11000061035156,801240
2025-09-19 13:30:00+00:00,83.76499938964844,85.57559967041016,83.11000061035156,85.5,3236076
2025-09-19 14:30:00+00:00,85.48999786376953,85.84700012207031,84.04000091552734,84.16999816894531,1823368
2025-09-19 15:30:00+00:00,84.12999725341797,84.4000015258789,83.69999694824219,83.93000030517578,1176316
2025-09-19 16:30:00+00:00,83.91000366210938,83.94989776611328,83.45999908447266,83.78140258789062,731956
2025-09-19 17:30:00+00:00,83.76499938964844,84.08989715576172,83.47000122070312,83.47000122070312,694887
2025-09-19 18:30:00+00:00,83.4800033569336,84.31330108642578,83.46499633789062,84.16000366210938,797936
2025-09-19 19:30:00+00:00,84.16000366210938,84.66500091552734,83.69999694824219,84.43000030517578,1219936
2025-09-22 13:30:00+00:00,83.17500305175781,83.9000015258789,82.62000274658203,83.28500366210938,3088614
2025-09-22 14:30:00+00:00,83.27999877929688,83.9000015258789,83.15589904785156,83.32499694824219,1313995
2025-09-22 15:30:00+00:00,83.35880279541016,90.0199966430664,83.27999877929688,89.74500274658203,6796160
2025-09-22 16:30:00+00:00,89.80799865722656,92.0,89.62999725341797,90.52059936523438,5788615
2025-09-22 17:30:00+00:00,90.52369689941406,91.19999694824219,89.91999816894531,90.24019622802734,1963695
2025-09-22 18:30:00+00:00,90.23999786376953,91.44000244140625,90.08000183105469,90.80000305175781,1432044
2025-09-22 19:30:00+00:00,90.81990051269531,91.30000305175781,90.19999694824219,91.06999969482422,1487810
2025-09-23 13:30:00+00:00,89.30999755859375,89.9000015258789,86.66999816894531,88.15010070800781,4286058
2025-09-23 14:30:00+00:00,88.19000244140625,88.26000213623047,86.93000030517578,87.75499725341797,1525236
2025-09-23 15:30:00+00:00,87.73999786376953,87.84989929199219,86.87999725341797,87.00900268554688,747644
2025-09-23 16:30:00+00:00,87.01499938964844,87.25,86.0999984741211,86.21199798583984,1089675
2025-09-23 17:30:00+00:00,86.19499969482422,86.28500366210938,84.8499984741211,85.43499755859375,1419153
2025-09-23 18:30:00+00:00,85.4375,86.11000061035156,85.15499877929688,85.6500015258789,7316154
2025-09-23 19:30:00+00:00,85.625,86.41000366210938,85.58999633789062,85.97000122070312,888208
2025-09-24 13:30:00+00:00,87.08499908447266,87.16999816894531,85.12999725341797,85.98999786376953,1946104
2025-09-24 14:30:00+00:00,85.94999694824219,86.33999633789062,85.41999816894531,85.86499786376953,753201
2025-09-24 15:30:00+00:00,85.80000305175781,85.86000061035156,83.01000213623047,83.82990264892578,1518034
2025-09-24 16:30:00+00:00,83.83999633789062,84.75,83.33000183105469,84.66500091552734,824139
2025-09-24 17:30:00+00:00,84.67500305175781,84.87000274658203,84.05500030517578,84.23919677734375,608729
2025-09-24 18:30:00+00:00,84.27999877929688,84.86000061035156,84.11000061035156,84.5999984741211,451377
2025-09-24 19:30:00+00:00,84.61000061035156,84.75,84.24199676513672,84.41000366210938,365913
2025-09-25 13:30:00+00:00,82.08999633789062,85.12000274658203,80.83000183105469,84.6697998046875,2699584
2025-09-25 14:30:00+00:00,84.68000030517578,86.0,84.48999786376953,85.5,1169084
2025-09-25 15:30:00+00:00,85.58000183105469,87.61000061035156,85.56999969482422,86.67240142822266,1379893
2025-09-25 16:30:00+00:00,86.69999694824219,87.13970184326172,84.9000015258789,85.4437026977539,1070883
2025-09-25 17:30:00+00:00,85.43499755859375,85.58499908447266,83.16580200195312,84.73770141601562,867899
2025-09-25 18:30:00+00:00,84.69300079345703,85.24459838867188,84.31050109863281,84.5886001586914,502369
2025-09-25 19:30:00+00:00,84.5823974609375,85.36000061035156,84.38200378417969,85.0999984741211,514782
2025-09-26 13:30:00+00:00,85.51000213623047,85.9800033569336,82.47000122070312,83.09100341796875,2262620
2025-09-26 14:30:00+00:00,83.05999755859375,84.22000122070312,82.89700317382812,84.19999694824219,1010303
2025-09-26 15:30:00+00:00,84.20559692382812,84.32499694824219,83.29540252685547,83.9729995727539,476563
2025-09-26 16:30:00+00:00,83.94999694824219,84.9800033569336,83.66000366210938,84.56999969482422,500010
2025-09-26 17:30:00+00:00,84.5999984741211,85.30000305175781,84.45010375976562,85.15989685058594,479502
2025-09-26 18:30:00+00:00,85.11100006103516,85.19999694824219,84.5999984741211,85.07140350341797,381200
2025-09-26 19:30:00+00:00,85.07499694824219,85.61000061035156,84.91000366210938,85.55999755859375,4846153
2025-09-29 13:30:00+00:00,87.68000030517578,91.12999725341797,87.68000030517578,90.5199966430664,4800178
2025-09-29 14:30:00+00:00,90.54000091552734,91.00499725341797,89.37999725341797,89.55000305175781,1426238
2025-09-29 15:30:00+00:00,89.4800033569336,89.74500274658203,88.67009735107422,89.23999786376953,832014
2025-09-29 16:30:00+00:00,89.25,89.5,88.54000091552734,89.13500213623047,586833
2025-09-29 17:30:00+00:00,89.1050033569336,89.45999908447266,88.91000366210938,88.91000366210938,482221
2025-09-29 18:30:00+00:00,88.92500305175781,89.06800079345703,87.95099639892578,88.12999725341797,619327
2025-09-29 19:30:00+00:00,88.19499969482422,89.12999725341797,88.13500213623047,89.05999755859375,459616
2025-09-30 13:30:00+00:00,89.0999984741211,92.05000305175781,88.70999908447266,91.87960052490234,3086361
2025-09-30 14:30:00+00:00,91.9000015258789,94.42849731445312,91.70020294189453,93.41000366210938,3279659
2025-09-30 15:30:00+00:00,93.41000366210938,94.19499969482422,92.7332992553711,93.81999969482422,1103065
2025-09-30 16:30:00+00:00,93.8499984741211,94.04000091552734,92.45999908447266,92.73999786376953,811483
2025-09-30 17:30:00+00:00,92.70999908447266,93.56009674072266,92.36589813232422,93.37000274658203,608387
2025-09-30 18:30:00+00:00,93.3499984741211,93.41000366210938,92.16000366210938,93.0,630165
2025-09-30 19:30:00+00:00,93.0250015258789,93.83930206298828,92.41999816894531,93.51000213623047,756908
2025-10-01 13:30:00+00:00,92.2699966430664,93.69999694824219,90.94000244140625,93.66999816894531,2496188
2025-10-01 14:30:00+00:00,93.71499633789062,94.88500213623047,93.3479995727539,93.56999969482422,1802883
2025-10-01 15:30:00+00:00,93.56999969482422,94.54000091552734,93.44999694824219,93.62000274658203,827132
2025-10-01 16:30:00+00:00,93.63870239257812,95.16500091552734,93.51200103759766,94.58499908447266,1083509
2025-10-01 17:30:00+00:00,94.61000061035156,94.9749984741211,94.33999633789062,94.5,5797737
2025-10-01 18:30:00+00:00,94.51000213623047,94.71499633789062,94.19999694824219,94.2249984741211,857444
2025-10-01 19:30:00+00:00,94.20999908447266,94.4800033569336,93.44000244140625,94.20999908447266,1061224
2025-10-02 13:30:00+00:00,96.63500213623047,98.08999633789062,95.29000091552734,97.13999938964844,5480183
2025-10-02 14:30:00+00:00,97.16999816894531,97.44999694824219,95.94999694824219,96.9000015258789,1899218
2025-10-02 15:30:00+00:00,96.9000015258789,96.93489837646484,96.01000213623047,96.26000213623047,1162406
2025-10-02 16:30:00+00:00,96.21499633789062,96.51499938964844,95.8324966430664,96.15010070800781,707500
2025-10-02 17:30:00+00:00,96.0999984741211,96.2654037475586,95.68000030517578,95.91000366210938,669096
2025-10-02 18:30:00+00:00,95.87999725341797,96.33000183105469,95.74230194091797,96.21499633789062,559690
2025-10-02 19:30:00+00:00,96.20999908447266,96.26000213623047,95.80000305175781,95.88999938964844,766384
2025-10-03 13:30:00+00:00,96.19999694824219,97.30000305175781,95.31999969482422,95.90950012207031,2809773
2025-10-03 14:30:00+00:00,95.8949966430664,96.7699966430664,95.3499984741211,96.44000244140625,1338899
2025-10-03 15:30:00+00:00,96.43000030517578,96.5,95.37999725341797,95.65270233154297,1289602
2025-10-03 16:30:00+00:00,95.6449966430664,95.6449966430664,93.88999938964844,94.12000274658203,1751926
2025-10-03 17:30:00+00:00,94.04000091552734,94.45580291748047,92.29010009765625,94.38999938964844,1637451
2025-10-03 18:30:00+00:00,94.42109680175781,94.68000030517578,93.97000122070312,94.25499725341797,799066
2025-10-03 19:30:00+00:00,94.24040222167969,94.91000366210938,94.1500015258789,94.52999877929688,836957
2025-10-06 13:30:00+00:00,92.4800033569336,94.12000274658203,90.26000213623047,92.41000366210938,7072727
2025-10-06 14:30:00+00:00,92.41000366210938,93.0999984741211,91.11000061035156,92.87989807128906,2248398
2025-10-06 15:30:00+00:00,92.91000366210938,94.12999725341797,92.9000015258789,93.83999633789062,1425944
2025-10-06 16:30:00+00:00,93.86000061035156,93.87000274658203,92.94999694824219,93.06300354003906,745197
2025-10-06 17:30:00+00:00,93.06999969482422,93.08699798583984,92.30999755859375,92.5,880388
2025-10-06 18:30:00+00:00,92.51000213623047,92.94999694824219,92.41999816894531,92.72000122070312,595401
2025-10-06 19:30:00+00:00,92.73999786376953,92.92510223388672,92.33999633789062,92.44000244140625,742862
2025-10-07 13:30:00+00:00,93.12000274658203,95.90840148925781,93.05000305175781,94.87999725341797,4537842
2025-10-07 14:30:00+00:00,94.88999938964844,95.41000366210938,91.68000030517578,92.11000061035156,3091988
2025-10-07 15:30:00+00:00,92.0999984741211,93.02999877929688,91.2699966430664,92.3499984741211,1824210
2025-10-07 16:30:00+00:00,92.44000244140625,93.27999877929688,92.37999725341797,92.79000091552734,1214422
2025-10-07 17:30:00+00:00,92.7699966430664,92.88819885253906,92.05000305175781,92.7500991821289,554036
2025-10-07 18:30:00+00:00,92.73999786376953,92.80999755859375,92.31999969482422,92.44969940185547,428774
2025-10-07 19:30:00+00:00,92.44999694824219,92.54000091552734,91.77999877929688,91.83999633789062,707558
2025-10-08 13:30:00+00:00,93.5999984741211,96.20999908447266,93.57009887695312,95.8499984741211,4597202
2025-10-08 14:30:00+00:00,95.81999969482422,96.02999877929688,94.56999969482422,95.0613021850586,2006366
2025-10-08 15:30:00+00:00,95.0999984741211,95.20999908447266,94.43499755859375,95.0,1219479
2025-10-08 16:30:00+00:00,95.0,95.29499816894531,94.5999984741211,94.93000030517578,614568
2025-10-08 17:30:00+00:00,94.98999786376953,95.69000244140625,94.94999694824219,95.2300033569336,1408979
2025-10-08 18:30:00+00:00,95.2699966430664,95.55000305175781,94.80999755859375,95.41000366210938,778125
2025-10-08 19:30:00+00:00,95.38999938964844,95.93499755859375,95.11000061035156,95.87000274658203,1143939
2025-10-09 13:30:00+00:00,98.97000122070312,102.14990234375,97.88999938964844,100.54019927978516,8360041
2025-10-09 14:30:00+00:00,100.52999877929688,101.57839965820312,99.02999877929688,100.61959838867188,2580279
2025-10-09 15:30:00+00:00,100.61000061035156,101.41999816894531,100.25,100.73899841308594,1423696
2025-10-09 16:30:00+00:00,100.75180053710938,100.86000061035156,99.2699966430664,99.48999786376953,1173712
2025-10-09 17:30:00+00:00,99.51000213623047,100.02999877929688,99.0,99.37699890136719,947361
2025-10-09 18:30:00+00:00,99.3499984741211,100.37000274658203,98.98500061035156,99.5801010131836,1062639
2025-10-09 19:30:00+00:00,99.58999633789062,99.80000305175781,99.05999755859375,99.38999938964844,691469
2025-10-10 13:30:00+00:00,100.2699966430664,102.30000305175781,98.94999694824219,102.06300354003906,4586825
2025-10-10 14:30:00+00:00,102.04429626464844,102.44999694824219,94.94000244140625,95.5020980834961,6282362
2025-10-10 15:30:00+00:00,95.45999908447266,96.86000061035156,92.91000366210938,95.76000213623047,4797470
2025-10-10 16:30:00+00:00,95.69999694824219,96.2750015258789,93.21060180664062,94.80480194091797,2342283
2025-10-10 17:30:00+00:00,94.75,95.06999969482422,93.54000091552734,94.331298828125,1788925
2025-10-10 18:30:00+00:00,94.4000015258789,94.55999755859375,92.66999816894531,92.95999908447266,1604136
2025-10-10 19:30:00+00:00,93.0199966430664,93.12000274658203,89.4000015258789,89.54000091552734,3245948
2025-10-13 13:30:00+00:00,94.26499938964844,96.37999725341797,93.72049713134766,94.79000091552734,5803006
2025-10-13 14:30:00+00:00,94.81999969482422,95.0811996459961,92.3499984741211,94.61000061035156,2020350
2025-10-13 15:30:00+00:00,94.61000061035156,94.94999694824219,94.05000305175781,94.70999908447266,1113339
2025-10-13 16:30:00+00:00,94.75509643554688,95.70999908447266,94.61000061035156,94.83999633789062,962015
2025-10-13 17:30:00+00:00,94.9000015258789,94.96530151367188,94.0,94.25,772813
2025-10-13 18:30:00+00:00,94.26010131835938,94.5,93.58999633789062,94.14070129394531,934743
2025-10-13 19:30:00+00:00,94.12999725341797,95.05999755859375,93.87999725341797,94.6050033569336,736481
2025-10-14 13:30:00+00:00,90.96499633789062,91.04000091552734,86.0,88.71379852294922,6961238
2025-10-14 14:30:00+00:00,88.66500091552734,88.69999694824219,87.22000122070312,87.81999969482422,2172411
2025-10-14 15:30:00+00:00,87.80000305175781,89.83000183105469,87.62999725341797,89.7300033569336,2591233
2025-10-14 16:30:00+00:00,89.7699966430664,90.45500183105469,89.19000244140625,89.5199966430664,1584793
2025-10-14 17:30:00+00:00,89.55000305175781,89.56999969482422,87.80000305175781,88.47000122070312,1742081
2025-10-14 18:30:00+00:00,88.5,88.64969635009766,88.00460052490234,88.16999816894531,920086
2025-10-14 19:30:00+00:00,88.16500091552734,88.18009948730469,86.12000274658203,86.30999755859375,2045747
2025-10-15 13:30:00+00:00,90.83999633789062,90.86000061035156,87.22250366210938,88.52999877929688,5739307
2025-10-15 14:30:00+00:00,88.55000305175781,89.31500244140625,87.66999816894531,87.87999725341797,1925155
2025-10-15 15:30:00+00:00,87.86000061035156,87.9000015258789,86.13999938964844,86.91899871826172,1848167
2025-10-15 16:30:00+00:00,86.91999816894531,86.94999694824219,83.66000366210938,84.4800033569336,2349440
2025-10-15 17:30:00+00:00,84.44000244140625,86.26000213623047,84.4303970336914,86.04000091552734,1115522
2025-10-15 18:30:00+00:00,86.04000091552734,86.88999938964844,85.97000122070312,86.39630126953125,717992
2025-10-15 19:30:00+00:00,86.41000366210938,86.57839965820312,84.9000015258789,86.12999725341797,818397
2025-10-16 13:30:00+00:00,88.2300033569336,89.08000183105469,87.41999816894531,88.5,4119141
2025-10-16 14:30:00+00:00,88.55780029296875,89.32060241699219,88.0999984741211,88.41999816894531,1469174
2025-10-16 15:30:00+00:00,88.37999725341797,88.8499984741211,86.98999786376953,87.10009765625,1185974
2025-10-16 16:30:00+00:00,87.04000091552734,88.44000244140625,86.0,88.44000244140625,1705246
2025-10-16 17:30:00+00:00,88.41000366210938,88.62000274658203,86.0824966430664,86.55000305175781,1016892
2025-10-16 18:30:00+00:00,86.68000030517578,87.7300033569336,86.08000183105469,86.93810272216797,798861
2025-10-16 19:30:00+00:00,87.0,88.0999984741211,86.69000244140625,87.94000244140625,621432
2025-10-17 13:30:00+00:00,86.19999694824219,89.5,85.93000030517578,89.29989624023438,4693425
2025-10-17 14:30:00+00:00,89.30999755859375,89.33609771728516,86.66999816894531,86.9000015258789,1819328
2025-10-17 15:30:00+00:00,86.95999908447266,88.7699966430664,86.1449966430664,88.64240264892578,1253612
2025-10-17 16:30:00+00:00,88.75,88.94999694824219,88.05000305175781,88.41000366210938,445528
2025-10-17 17:30:00+00:00,88.36000061035156,89.80999755859375,87.97000122070312,89.6500015258789,1000001
2025-10-17 18:30:00+00:00,89.64019775390625,90.04029846191406,89.25,89.69000244140625,544771
2025-10-17 19:30:00+00:00,89.68350219726562,89.68350219726562,88.81999969482422,89.19999694824219,437127
2025-10-20 13:30:00+00:00,89.06500244140625,90.97000122070312,87.76370239257812,90.86119842529297,3395560
2025-10-20 14:30:00+00:00,90.91999816894531,91.12989807128906,89.12000274658203,89.72319793701172,1519107
2025-10-20 15:30:00+00:00,89.83000183105469,89.85700225830078,89.02999877929688,89.75,699129
2025-10-20 16:30:00+00:00,89.76000213623047,90.18000030517578,89.47840118408203,89.75350189208984,511719
2025-10-20 17:30:00+00:00,89.79350280761719,89.91999816894531,89.43119812011719,89.57499694824219,268147
2025-10-20 18:30:00+00:00,89.5999984741211,89.73049926757812,88.5999984741211,88.9457015991211,526909
2025-10-20 19:30:00+00:00,88.91999816894531,89.13999938964844,88.54000091552734,88.56999969482422,649790
2025-10-21 13:30:00+00:00,88.72000122070312,88.7302017211914,85.9800033569336,86.22250366210938,3053511
2025-10-21 14:30:00+00:00,86.2499008178711,88.16819763183594,85.86009979248047,87.86000061035156,1258829
2025-10-21 15:30:00+00:00,87.91999816894531,88.58999633789062,87.47769927978516,88.43000030517578,677221
2025-10-21 16:30:00+00:00,88.41000366210938,88.41000366210938,87.06999969482422,87.47000122070312,631804
2025-10-21 17:30:00+00:00,87.45999908447266,87.66999816894531,86.97000122070312,87.18000030517578,428973
2025-10-21 18:30:00+00:00,87.2249984741211,87.45999908447266,86.94000244140625,87.33180236816406,460642
2025-10-21 19:30:00+00:00,87.27999877929688,87.58999633789062,87.11000061035156,87.11000061035156,375829
2025-10-22 13:30:00+00:00,87.19999694824219,89.31500244140625,86.4000015258789,86.41000366210938,3013953
2025-10-22 14:30:00+00:00,86.38999938964844,86.86990356445312,84.86000061035156,84.94000244140625,2216910
2025-10-22 15:30:00+00:00,84.94000244140625,85.94000244140625,84.0199966430664,85.26000213623047,1333482
2025-10-22 16:30:00+00:00,85.29000091552734,85.47000122070312,83.37000274658203,83.80000305175781,1661680
2025-10-22 17:30:00+00:00,83.7300033569336,84.12999725341797,82.91000366210938,83.80000305175781,1088407
2025-10-22 18:30:00+00:00,83.81999969482422,85.6500015258789,83.7300033569336,85.5,824337
2025-10-22 19:30:00+00:00,85.5,86.3499984741211,85.48500061035156,86.27999877929688,657345
2025-10-23 13:30:00+00:00,86.41000366210938,87.6500015258789,85.79000091552734,87.54000091552734,1983983
2025-10-23 14:30:00+00:00,87.4800033569336,88.27999877929688,87.19000244140625,87.87760162353516,1110087
2025-10-23 15:30:00+00:00,87.91000366210938,88.36499786376953,87.30999755859375,87.72000122070312,647437
2025-10-23 16:30:00+00:00,87.75,88.1698989868164,87.5,87.67980194091797,533468
2025-10-23 17:30:00+00:00,87.68009948730469,88.79989624023438,87.68000030517578,88.55000305175781,631795
2025-10-23 18:30:00+00:00,88.56500244140625,88.88990020751953,88.5199966430664,88.64649963378906,493435
2025-10-23 19:30:00+00:00,88.63999938964844,88.63999938964844,87.85009765625,88.05000305175781,424318
2025-10-24 13:30:00+00:00,89.5999984741211,91.70999908447266,89.30999755859375,90.33000183105469,3267528
2025-10-24 14:30:00+00:00,90.33999633789062,91.2300033569336,90.08000183105469,90.8895034790039,1019687
2025-10-24 15:30:00+00:00,90.93000030517578,91.27999877929688,90.79000091552734,90.81999969482422,793246
2025-10-24 16:30:00+00:00,90.80000305175781,91.0999984741211,90.62249755859375,90.7300033569336,395085
2025-10-24 17:30:00+00:00,90.72000122070312,91.3499984741211,90.72000122070312,91.01499938964844,571291
2025-10-24 18:30:00+00:00,90.97000122070312,93.08000183105469,90.7333984375,92.53600311279297,1293492
2025-10-24 19:30:00+00:00,92.52999877929688,92.63800048828125,91.76000213623047,91.94999694824219,570340
2025-10-27 13:30:00+00:00,95.5199966430664,96.83999633789062,94.06009674072266,95.45999908447266,4737882
2025-10-27 14:30:00+00:00,95.5,97.02999877929688,95.30000305175781,96.5,1715519
2025-10-27 15:30:00+00:00,96.5199966430664,96.83000183105469,96.3499984741211,96.50299835205078,574967
2025-10-27 16:30:00+00:00,96.51000213623047,97.34500122070312,96.39250183105469,96.90499877929688,756895
2025-10-27 17:30:00+00:00,96.91500091552734,97.01000213623047,96.1500015258789,96.16999816894531,468715
2025-10-27 18:30:00+00:00,96.19000244140625,96.51499938964844,95.87999725341797,96.30999755859375,642527
2025-10-27 19:30:00+00:00,96.31999969482422,97.25,96.30999755859375,97.01499938964844,694432
2025-10-28 13:30:00+00:00,98.61000061035156,101.05699920654297,98.1416015625,98.40499877929688,4530721
2025-10-28 14:30:00+00:00,98.41000366210938,98.91999816894531,97.77999877929688,98.38009643554688,1204177
2025-10-28 15:30:00+00:00,98.37000274658203,99.79989624023438,97.4916000366211,99.29000091552734,1698586
2025-10-28 16:30:00+00:00,99.29000091552734,102.14299774169922,98.86000061035156,100.19000244140625,4173789
2025-10-28 17:30:00+00:00,100.21499633789062,105.18000030517578,100.08000183105469,104.95999908447266,4327895
2025-10-28 18:30:00+00:00,104.94000244140625,107.88999938964844,104.69499969482422,107.69010162353516,3687218
2025-10-28 19:30:00+00:00,107.69999694824219,108.83999633789062,106.36009979248047,106.69010162353516,2456295
2025-10-29 13:30:00+00:00,114.08499908447266,118.5,113.16000366210938,116.87999725341797,9332568
2025-10-29 14:30:00+00:00,116.88999938964844,117.904296875,113.94000244140625,114.9800033569336,3670451
2025-10-29 15:30:00+00:00,114.86920166015625,115.20999908447266,110.94000244140625,112.56999969482422,3492419
2025-10-29 16:30:00+00:00,112.54740142822266,113.83999633789062,111.4000015258789,112.80999755859375,1566721
2025-10-29 17:30:00+00:00,112.76000213623047,114.0999984741211,112.1802978515625,112.92500305175781,1147268
2025-10-29 18:30:00+00:00,112.91000366210938,113.39990234375,110.66000366210938,113.0469970703125,2186374
2025-10-29 19:30:00+00:00,113.0,114.05999755859375,112.52010345458984,113.19999694824219,1123813
2025-10-30 13:30:00+00:00,111.43000030517578,112.0,106.89340209960938,107.75,3294685
2025-10-30 14:30:00+00:00,107.73999786376953,109.51000213623047,107.60710144042969,108.68000030517578,704288
2025-10-30 15:30:00+00:00,108.70999908447266,109.5,107.5999984741211,109.08999633789062,466614
2025-10-30 16:30:00+00:00,109.06009674072266,109.3499984741211,108.05000305175781,108.65499877929688,356150
2025-10-30 17:30:00+00:00,108.6500015258789,110.1780014038086,108.38999938964844,109.22019958496094,475790
2025-10-30 18:30:00+00:00,109.30000305175781,110.0,107.40010070800781,108.12000274658203,496214
2025-10-30 19:30:00+00:00,108.08000183105469,108.6500015258789,107.51000213623047,108.45989990234375,476037
2025-10-31 13:30:00+00:00,112.20999908447266,113.81999969482422,110.27999877929688,111.13999938964844,1995624
2025-10-31 14:30:00+00:00,111.17500305175781,112.3499984741211,110.62999725341797,110.96499633789062,639717
2025-10-31 15:30:00+00:00,110.87999725341797,111.36000061035156,108.7699966430664,109.58999633789062,821034
2025-10-31 16:30:00+00:00,109.63520050048828,110.0,107.54000091552734,108.37999725341797,592930
2025-10-31 17:30:00+00:00,108.375,109.9800033569336,107.93550109863281,109.8550033569336,362730
2025-10-31 18:30:00+00:00,109.8499984741211,110.4000015258789,108.9000015258789,110.05000305175781,357808
2025-10-31 19:30:00+00:00,110.0199966430664,110.27999877929688,108.0,108.0,682338
2025-11-03 14:30:00+00:00,113.89969635009766,115.3489990234375,112.55000305175781,113.58000183105469,2656647
2025-11-03 15:30:00+00:00,113.55000305175781,114.37999725341797,112.79399871826172,113.76300048828125,571411
2025-11-03 16:30:00+00:00,113.7146987915039,115.83000183105469,113.51000213623047,115.3499984741211,748015
2025-11-03 17:30:00+00:00,115.31999969482422,117.3499984741211,115.314697265625,117.0,936276
2025-11-03 18:30:00+00:00,117.0199966430664,117.06999969482422,113.37000274658203,113.5,1001862
2025-11-03 19:30:00+00:00,113.51000213623047,114.29129791259766,112.55000305175781,112.83499908447266,931426
2025-11-03 20:30:00+00:00,112.70999908447266,113.16000366210938,112.09600067138672,112.7300033569336,816495
2025-11-04 14:30:00+00:00,108.22489929199219,109.42469787597656,106.11000061035156,106.91000366210938,2381289
2025-11-04 15:30:00+00:00,106.88999938964844,107.69999694824219,106.12000274658203,107.10769653320312,790702
2025-11-04 16:30:00+00:00,107.12999725341797,107.59500122070312,104.88999938964844,106.1449966430664,683620
2025-11-04 17:30:00+00:00,106.12999725341797,106.4447021484375,104.88999938964844,104.8949966430664,391893
2025-11-04 18:30:00+00:00,104.9000015258789,106.01499938964844,104.25499725341797,105.29000091552734,389862
2025-11-04 19:30:00+00:00,105.26000213623047,105.26000213623047,103.55999755859375,104.96499633789062,455771
2025-11-04 20:30:00+00:00,104.94000244140625,105.3499984741211,102.8499984741211,103.6500015258789,516156
2025-11-05 14:30:00+00:00,103.70500183105469,106.05999755859375,101.83000183105469,105.63990020751953,1808164
2025-11-05 15:30:00+00:00,105.58000183105469,108.01000213623047,105.38990020751953,107.44000244140625,1012279
2025-11-05 16:30:00+00:00,107.40350341796875,107.45999908447266,106.19100189208984,106.33000183105469,474808
2025-11-05 17:30:00+00:00,106.33989715576172,106.87760162353516,105.72000122070312,106.01000213623047,334918
2025-11-05 18:30:00+00:00,105.97000122070312,107.36000061035156,105.87000274658203,106.0177001953125,355588
2025-11-05 19:30:00+00:00,106.0199966430664,106.56500244140625,104.10009765625,104.48190307617188,557997
2025-11-05 20:30:00+00:00,104.45999908447266,104.45999908447266,99.75499725341797,99.95999908447266,1119881
2025-11-06 14:30:00+00:00,101.30000305175781,102.41999816894531,96.70999908447266,97.7865982055664,2539512
2025-11-06 15:30:00+00:00,97.86000061035156,98.0,94.08999633789062,95.33499908447266,1685469
2025-11-06 16:30:00+00:00,95.33000183105469,95.38999938964844,90.9520034790039,91.36090087890625,1417234
2025-11-06 17:30:00+00:00,91.33999633789062,94.29000091552734,91.11000061035156,93.80999755859375,935718
2025-11-06 18:30:00+00:00,93.80999755859375,95.2300033569336,92.95500183105469,95.14669799804688,632652
2025-11-06 19:30:00+00:00,95.12000274658203,95.25,93.88999938964844,94.44000244140625,654848
2025-11-06 20:30:00+00:00,94.38009643554688,94.56999969482422,91.69000244140625,92.62000274658203,720506
2025-11-07 14:30:00+00:00,89.21499633789062,90.20999908447266,86.3915023803711,86.95999908447266,3242638
2025-11-07 15:30:00+00:00,87.0199966430664,87.37000274658203,83.58999633789062,84.74009704589844,2321832
2025-11-07 16:30:00+00:00,84.72000122070312,87.19999694824219,84.35040283203125,86.6500015258789,1052909
2025-11-07 17:30:00+00:00,86.62999725341797,89.04000091552734,86.16000366210938,89.0,994169
2025-11-07 18:30:00+00:00,88.98999786376953,90.0,88.25,89.51029968261719,982257
2025-11-07 19:30:00+00:00,89.55000305175781,91.94999694824219,89.48999786376953,90.6698989868164,1446069
2025-11-07 20:30:00+00:00,90.6500015258789,92.74500274658203,90.6500015258789,92.69000244140625,869209
2025-11-10 14:30:00+00:00,99.41000366210938,101.33000183105469,98.23999786376953,100.91999816894531,2893169
2025-11-10 15:30:00+00:00,100.91999816894531,101.93000030517578,98.3499984741211,98.47000122070312,1380256
2025-11-10 16:30:00+00:00,98.46730041503906,100.4000015258789,98.12359619140625,100.1500015258789,798170
2025-11-10 17:30:00+00:00,100.16999816894531,101.52300262451172,100.1500015258789,101.01000213623047,4365898
2025-11-10 18:30:00+00:00,101.0199966430664,102.32060241699219,100.8499984741211,102.16000366210938,0
2025-11-10 19:30:00+00:00,102.16999816894531,103.13999938964844,101.9800033569336,103.02529907226562,507205
2025-11-10 20:30:00+00:00,102.98600006103516,104.16000366210938,102.88999938964844,103.27999877929688,649504
2025-11-11 14:30:00+00:00,99.30000305175781,99.5199966430664,96.06999969482422,96.48999786376953,3398240
2025-11-11 15:30:00+00:00,96.47000122070312,97.33000183105469,95.54000091552734,96.36000061035156,1417077
2025-11-11 16:30:00+00:00,96.37999725341797,97.25990295410156,95.30010223388672,96.41000366210938,930185
2025-11-11 17:30:00+00:00,96.4000015258789,98.02999877929688,96.30000305175781,97.70500183105469,813716
2025-11-11 18:30:00+00:00,97.68000030517578,98.72010040283203,97.19999694824219,98.03990173339844,852787
2025-11-11 19:30:00+00:00,98.05000305175781,98.38999938964844,97.61009979248047,98.19000244140625,425085
2025-11-11 20:30:00+00:00,98.16999816894531,98.375,96.9000015258789,97.23999786376953,5320822
2025-11-12 14:30:00+00:00,99.7699966430664,99.84989929199219,95.64009857177734,96.66500091552734,2497373
2025-11-12 15:30:00+00:00,96.76000213623047,97.1488037109375,95.47000122070312,97.08999633789062,1016600
2025-11-12 16:30:00+00:00,97.05999755859375,97.56800079345703,95.66000366210938,96.05999755859375,628744
2025-11-12 17:30:00+00:00,96.04499816894531,97.12989807128906,95.7780990600586,96.63300323486328,619865
2025-11-12 18:30:00+00:00,96.5999984741211,97.26000213623047,96.07009887695312,96.11000061035156,543397
2025-11-12 19:30:00+00:00,96.13500213623047,96.44499969482422,95.10009765625,96.38860321044922,517593
2025-11-12 20:30:00+00:00,96.41000366210938,97.83000183105469,96.29789733886719,97.83000183105469,436638
2025-11-13 14:30:00+00:00,95.0,95.33000183105469,90.89250183105469,92.0199966430664,2417996
2025-11-13 15:30:00+00:00,92.0199966430664,92.05999755859375,89.27999877929688,90.22000122070312,1555324
2025-11-13 16:30:00+00:00,90.26000213623047,91.07649993896484,89.27200317382812,90.87000274658203,758965
2025-11-13 17:30:00+00:00,90.80000305175781,91.14700317382812,88.5,88.7394027709961,633120
2025-11-13 18:30:00+00:00,88.77999877929688,89.9800033569336,87.75,89.93900299072266,773670
2025-11-13 19:30:00+00:00,89.81500244140625,90.40499877929688,88.98999786376953,89.86699676513672,525046
2025-11-13 20:30:00+00:00,89.87000274658203,91.12319946289062,89.62999725341797,90.79000091552734,611663
2025-11-14 14:30:00+00:00,86.79499816894531,91.5999984741211,84.5999984741211,90.78700256347656,3491585
2025-11-14 15:30:00+00:00,90.7699966430664,94.30000305175781,90.68000030517578,93.72010040283203,1262026
2025-11-14 16:30:00+00:00,93.7249984741211,94.41999816894531,93.12249755859375,93.77999877929688,610784
2025-11-14 17:30:00+00:00,93.80010223388672,94.01000213623047,92.41999816894531,92.9927978515625,511264
2025-11-14 18:30:00+00:00,93.00890350341797,93.73989868164062,92.19999694824219,93.6500015258789,522104
2025-11-14 19:30:00+00:00,93.70999908447266,94.69999694824219,93.49420166015625,93.83000183105469,867759
2025-11-14 20:30:00+00:00,93.71749877929688,94.13500213623047,93.0999984741211,93.96499633789062,501017
2025-11-17 14:30:00+00:00,89.70999908447266,92.70999908447266,88.72000122070312,91.30999755859375,2782872
2025-11-17 15:30:00+00:00,91.30000305175781,91.58999633789062,89.51000213623047,90.93000030517578,885201
2025-11-17 16:30:00+00:00,90.94000244140625,92.01000213623047,90.80000305175781,91.31999969482422,675765
2025-11-17 17:30:00+00:00,91.32859802246094,91.63739776611328,90.02999877929688,90.5,477101
2025-11-17 18:30:00+00:00,90.47550201416016,91.2699966430664,88.69999694824219,89.13990020751953,810792
2025-11-17 19:30:00+00:00,89.0999984741211,89.37000274658203,88.12999725341797,88.73999786376953,712407
2025-11-17 20:30:00+00:00,88.7699966430664,90.45999908447266,88.46499633789062,90.44999694824219,5186166
2025-11-18 14:30:00+00:00,87.18000030517578,88.06800079345703,83.62000274658203,85.75,3259242
2025-11-18 15:30:00+00:00,85.72000122070312,86.91000366210938,84.12999725341797,86.71299743652344,1143846
2025-11-18 16:30:00+00:00,86.71199798583984,87.5,85.3499984741211,85.44999694824219,880934
2025-11-18 17:30:00+00:00,85.5,88.38990020751953,85.31999969482422,87.44000244140625,923355
2025-11-18 18:30:00+00:00,87.54000091552734,88.29000091552734,86.9800033569336,87.2699966430664,889390
2025-11-18 19:30:00+00:00,87.33000183105469,88.42500305175781,86.27999877929688,86.73999786376953,765085
2025-11-18 20:30:00+00:00,86.75499725341797,86.94999694824219,85.12999725341797,85.1500015258789,609592
2025-11-19 14:30:00+00:00,88.48999786376953,91.30000305175781,87.0636978149414,91.13999938964844,2586379
2025-11-19 15:30:00+00:00,91.17990112304688,91.36000061035156,88.55010223388672,89.05999755859375,1292991
2025-11-19 16:30:00+00:00,89.05000305175781,89.13130187988281,87.68000030517578,88.08989715576172,803122
2025-11-19 17:30:00+00:00,88.0,89.23999786376953,86.64009857177734,87.95999908447266,950567
2025-11-19 18:30:00+00:00,87.9000015258789,89.47000122070312,87.84010314941406,88.30999755859375,576976
2025-11-19 19:30:00+00:00,88.33000183105469,90.5999984741211,88.06999969482422,90.27999877929688,1000598
2025-11-19 20:30:00+00:00,90.31999969482422,90.86949920654297,89.4000015258789,90.31999969482422,899963
2025-11-20 14:30:00+00:00,99.16000366210938,99.22000122070312,95.67009735107422,97.23999786376953,4329431
2025-11-20 15:30:00+00:00,97.19999694824219,97.90989685058594,91.98999786376953,93.27999877929688,2491611
2025-11-20 16:30:00+00:00,93.16000366210938,93.36000061035156,86.0,87.36000061035156,3550393
2025-11-20 17:30:00+00:00,87.19000244140625,89.41999816894531,85.48999786376953,88.12000274658203,2041920
2025-11-20 18:30:00+00:00,88.09500122070312,88.42440032958984,84.66000366210938,86.42379760742188,1577871
2025-11-20 19:30:00+00:00,86.2699966430664,87.38999938964844,85.1050033569336,86.0479965209961,1045863
2025-11-20 20:30:00+00:00,86.06999969482422,86.1698989868164,83.56999969482422,84.5,12616385
2025-11-21 14:30:00+00:00,84.87000274658203,85.80000305175781,79.5,79.79000091552734,4751589
2025-11-21 15:30:00+00:00,79.78019714355469,82.70999908447266,77.13999938964844,82.6500015258789,3196539
2025-11-21 16:30:00+00:00,82.68000030517578,85.0,82.61000061035156,84.69000244140625,1900619
2025-11-21 17:30:00+00:00,84.75,85.53500366210938,82.4000015258789,83.0999984741211,1189655
2025-11-21 18:30:00+00:00,83.0199966430664,87.94000244140625,83.0199966430664,87.62969970703125,2321609
2025-11-21 19:30:00+00:00,87.62999725341797,87.86000061035156,84.04000091552734,84.12000274658203,1256777
2025-11-21 20:30:00+00:00,84.01000213623047,84.53510284423828,82.38999938964844,82.69499969482422,740951
2025-11-24 14:30:00+00:00,83.19999694824219,84.4800033569336,80.41999816894531,81.8499984741211,4127681
2025-11-24 15:30:00+00:00,81.70999908447266,85.82129669189453,81.55989837646484,85.62560272216797,1966855
2025-11-24 16:30:00+00:00,85.56990051269531,86.56999969482422,85.16999816894531,85.9800033569336,1414574
2025-11-24 17:30:00+00:00,85.94999694824219,86.7699966430664,85.37999725341797,85.61299896240234,687367
2025-11-24 18:30:00+00:00,85.63999938964844,86.0199966430664,84.87010192871094,85.39009857177734,705316
2025-11-24 19:30:00+00:00,85.42420196533203,85.94000244140625,84.68499755859375,85.20099639892578,810106
2025-11-24 20:30:00+00:00,85.12000274658203,86.83000183105469,84.80000305175781,86.12000274658203,761563
2025-11-25 14:30:00+00:00,78.62999725341797,78.91000366210938,73.83000183105469,75.21499633789062,7133926
2025-11-25 15:30:00+00:00,75.19499969482422,78.76000213623047,75.19499969482422,78.62000274658203,2592853
2025-11-25 16:30:00+00:00,78.66999816894531,79.83499908447266,78.08999633789062,79.43000030517578,1982641
2025-11-25 17:30:00+00:00,79.42990112304688,80.30999755859375,78.96009826660156,80.05999755859375,1059400
2025-11-25 18:30:00+00:00,80.07939910888672,80.63500213623047,78.30000305175781,78.63999938964844,1083893
2025-11-25 19:30:00+00:00,78.69000244140625,80.72000122070312,77.62010192871094,80.58999633789062,1252616
2025-11-25 20:30:00+00:00,80.63099670410156,81.84989929199219,80.4800033569336,81.51000213623047,795923
2025-11-26 14:30:00+00:00,84.93499755859375,86.16999816894531,81.88999938964844,83.16000366210938,4179562
2025-11-26 15:30:00+00:00,83.16000366210938,84.53500366210938,83.1500015258789,84.3499984741211,1231443
2025-11-26 16:30:00+00:00,84.41000366210938,85.0979995727539,83.62999725341797,84.25,976285
2025-11-26 17:30:00+00:00,84.1698989868164,84.87999725341797,83.88999938964844,84.25,676117
2025-11-26 18:30:00+00:00,84.26000213623047,84.26000213623047,83.31300354003906,84.04900360107422,562069
2025-11-26 19:30:00+00:00,84.0199966430664,84.19000244140625,83.43000030517578,83.9800033569336,429912
2025-11-26 20:30:00+00:00,83.97000122070312,84.18000030517578,83.37999725341797,83.66999816894531,596039
2025-11-28 14:30:00+00:00,82.5,82.77999877929688,80.63500213623047,80.91010284423828,2661405
2025-11-28 15:30:00+00:00,80.91960144042969,81.6500015258789,80.41000366210938,80.7166976928711,1213136
2025-11-28 16:30:00+00:00,80.69999694824219,80.94999694824219,80.19999694824219,80.7603988647461,852225
2025-12-01 14:30:00+00:00,78.58000183105469,82.56999969482422,77.62979888916016,82.33989715576172,2797791
2025-12-01 15:30:00+00:00,82.30000305175781,83.37000274658203,81.75,82.43000030517578,979037
2025-12-01 16:30:00+00:00,82.4000015258789,83.4000015258789,82.30999755859375,83.15499877929688,508522
2025-12-01 17:30:00+00:00,83.19999694824219,83.61000061035156,82.5999984741211,82.81999969482422,429269
2025-12-01 18:30:00+00:00,82.81999969482422,83.32250213623047,82.31500244140625,82.44999694824219,404910
2025-12-01 19:30:00+00:00,82.4800033569336,82.86000061035156,82.0999984741211,82.7300033569336,360431
2025-12-01 20:30:00+00:00,82.76249694824219,83.30999755859375,82.6500015258789,83.30999755859375,505034
2025-12-02 14:30:00+00:00,84.94499969482422,88.52999877929688,84.80000305175781,86.33999633789062,3248903
2025-12-02 15:30:00+00:00,86.36000061035156,87.5999984741211,83.48999786376953,83.86129760742188,1885143
2025-12-02 16:30:00+00:00,83.7699966430664,85.41999816894531,83.31500244140625,85.33000183105469,963806
2025-12-02 17:30:00+00:00,85.33000183105469,85.5250015258789,84.33999633789062,84.94000244140625,751862
2025-12-02 18:30:00+00:00,84.87999725341797,85.0,84.02999877929688,84.22859954833984,489723
2025-12-02 19:30:00+00:00,84.20559692382812,84.95999908447266,84.19989776611328,84.69000244140625,495339
2025-12-02 20:30:00+00:00,84.6500015258789,84.86990356445312,84.25,84.5999984741211,607097
2025-12-03 14:30:00+00:00,84.28500366210938,84.4000015258789,82.45999908447266,83.61000061035156,2542814
2025-12-03 15:30:00+00:00,83.54000091552734,85.54000091552734,83.2300033569336,83.7699966430664,1241030
2025-12-03 16:30:00+00:00,83.7699966430664,84.41999816894531,83.12999725341797,83.64129638671875,652302
2025-12-03 17:30:00+00:00,83.62999725341797,84.19499969482422,83.37010192871094,83.91000366210938,367819
2025-12-03 18:30:00+00:00,84.0,84.55989837646484,83.72000122070312,83.97000122070312,615071
2025-12-03 19:30:00+00:00,83.97010040283203,84.16729736328125,83.2238998413086,83.32080078125,572506
2025-12-03 20:30:00+00:00,83.30799865722656,83.30999755859375,82.62000274658203,82.91999816894531,606574
2025-12-04 14:30:00+00:00,84.66999816894531,86.10980224609375,83.26000213623047,84.27999877929688,2941297
2025-12-04 15:30:00+00:00,84.25,86.02999877929688,84.22000122070312,85.69000244140625,1287323
2025-12-04 16:30:00+00:00,85.66999816894531,87.4000015258789,85.55999755859375,86.54000091552734,1225935
2025-12-04 17:30:00+00:00,86.50499725341797,87.02940368652344,86.08000183105469,86.58000183105469,4441872
2025-12-04 18:30:00+00:00,86.56819915771484,86.74500274658203,85.08999633789062,85.4000015258789,0
2025-12-04 19:30:00+00:00,85.3499984741211,86.22000122070312,85.3499984741211,85.37999725341797,391343
2025-12-04 20:30:00+00:00,85.37999725341797,86.43000030517578,85.36000061035156,86.41999816894531,353826
2025-12-05 14:30:00+00:00,86.76499938964844,87.48999786376953,83.88009643554688,85.75279998779297,2759724
2025-12-05 15:30:00+00:00,85.77999877929688,86.25,84.55999755859375,85.04720306396484,1106684
2025-12-05 16:30:00+00:00,85.05000305175781,85.59989929199219,84.54000091552734,84.83000183105469,571243
2025-12-05 17:30:00+00:00,84.83000183105469,85.3499984741211,84.55500030517578,85.26000213623047,354840
2025-12-05 18:30:00+00:00,85.23999786376953,85.45999908447266,84.2300033569336,84.5199966430664,350865
2025-12-05 19:30:00+00:00,84.5198974609375,85.06999969482422,84.37999725341797,84.86000061035156,252432
2025-12-05 20:30:00+00:00,84.8499984741211,85.47000122070312,84.36000061035156,85.30999755859375,436219
2025-12-08 14:30:00+00:00,85.69000244140625,88.42990112304688,85.33000183105469,85.98999786376953,2511716
2025-12-08 15:30:00+00:00,85.93000030517578,87.31999969482422,85.79010009765625,86.37999725341797,1286249
2025-12-08 16:30:00+00:00,86.36009979248047,86.56610107421875,85.85009765625,86.30000305175781,461463
2025-12-08 17:30:00+00:00,86.30000305175781,90.58000183105469,85.8499984741211,88.6500015258789,2370652
2025-12-08 18:30:00+00:00,88.57019805908203,88.77999877929688,86.62000274658203,87.5250015258789,1104927
2025-12-08 19:30:00+00:00,87.51789855957031,87.87989807128906,87.13999938964844,87.75990295410156,420032
2025-12-08 20:30:00+00:00,87.70999908447266,88.33000183105469,87.08000183105469,88.30999755859375,467552
2025-12-09 14:30:00+00:00,88.30000305175781,88.31999969482422,86.18990325927734,87.41000366210938,2834817
2025-12-09 15:30:00+00:00,87.41000366210938,88.41999816894531,86.95099639892578,87.80999755859375,1072685
2025-12-09 16:30:00+00:00,87.86000061035156,87.88999938964844,87.08000183105469,87.6500015258789,564909
2025-12-09 17:30:00+00:00,87.6500015258789,87.91999816894531,87.5199966430664,87.60579681396484,258600
2025-12-09 18:30:00+00:00,87.60579681396484,87.7300033569336,87.26000213623047,87.31999969482422,340859
2025-12-09 19:30:00+00:00,87.31999969482422,87.51000213623047,86.81999969482422,87.09010314941406,409518
2025-12-09 20:30:00+00:00,87.09010314941406,88.30000305175781,87.0,87.70999908447266,386881
2025-12-10 14:30:00+00:00,87.51000213623047,88.15499877929688,86.47000122070312,86.66000366210938,1474382
2025-12-10 15:30:00+00:00,86.67500305175781,86.79000091552734,84.91999816894531,85.69999694824219,1107502
2025-12-10 16:30:00+00:00,85.69999694824219,85.79000091552734,85.02999877929688,85.4113998413086,348317
2025-12-10 17:30:00+00:00,85.41000366210938,86.2300033569336,85.25,85.45230102539062,322169
2025-12-10 18:30:00+00:00,85.43499755859375,86.64600372314453,85.37000274658203,85.9000015258789,596447
2025-12-10 19:30:00+00:00,85.97000122070312,87.37200164794922,85.36000061035156,86.54000091552734,1080261
2025-12-10 20:30:00+00:00,86.55000305175781,86.7699966430664,86.26000213623047,86.52999877929688,501652
2025-12-11 14:30:00+00:00,83.24500274658203,83.30999755859375,79.80999755859375,81.16000366210938,3220564
2025-12-11 15:30:00+00:00,81.19999694824219,81.3499984741211,80.01000213623047,80.19999694824219,1090214
2025-12-11 16:30:00+00:00,80.20999908447266,81.80999755859375,80.08999633789062,81.54000091552734,787258
2025-12-11 17:30:00+00:00,81.6500015258789,82.77549743652344,81.58999633789062,82.32869720458984,590080
2025-12-11 18:30:00+00:00,82.30000305175781,83.90910339355469,82.06999969482422,83.81500244140625,629799
2025-12-11 19:30:00+00:00,83.8499984741211,84.19999694824219,82.95999908447266,83.30010223388672,589449
2025-12-11 20:30:00+00:00,83.28099822998047,83.88999938964844,83.08999633789062,83.83999633789062,483644
2025-12-12 14:30:00+00:00,84.5999984741211,85.52999877929688,82.33000183105469,82.47010040283203,1837371
2025-12-12 15:30:00+00:00,82.61000061035156,83.06999969482422,79.09500122070312,79.78089904785156,1918873
2025-12-12 16:30:00+00:00,79.80999755859375,80.5198974609375,78.51000213623047,79.72000122070312,1304295
2025-12-12 17:30:00+00:00,79.7699966430664,81.2300033569336,79.41999816894531,80.52999877929688,747159
2025-12-12 18:30:00+00:00,80.55000305175781,80.85009765625,79.27999877929688,79.41999816894531,418460
2025-12-12 19:30:00+00:00,79.5,79.83999633789062,78.91999816894531,79.11000061035156,503008
2025-12-12 20:30:00+00:00,79.18000030517578,79.20999908447266,77.95500183105469,78.29000091552734,6248965
2025-12-15 14:30:00+00:00,80.86499786376953,81.25,78.30000305175781,78.68000030517578,2576159
2025-12-15 15:30:00+00:00,78.63999938964844,81.31999969482422,78.56999969482422,81.18000030517578,913213
2025-12-15 16:30:00+00:00,81.22000122070312,81.23999786376953,80.25279998779297,80.58000183105469,427797
2025-12-15 17:30:00+00:00,80.5999984741211,80.9312973022461,79.90499877929688,80.16999816894531,390412
2025-12-15 18:30:00+00:00,80.16000366210938,80.63999938964844,79.77999877929688,80.20999908447266,321367
2025-12-15 19:30:00+00:00,80.19000244140625,80.24250030517578,79.27300262451172,79.44999694824219,353939
2025-12-15 20:30:00+00:00,79.4800033569336,79.87999725341797,79.08000183105469,79.36000061035156,443946
2025-12-16 14:30:00+00:00,79.16999816894531,80.4800033569336,78.16999816894531,79.28009796142578,1564684
2025-12-16 15:30:00+00:00,79.28500366210938,80.30999755859375,78.7699966430664,79.12989807128906,664263
2025-12-16 16:30:00+00:00,79.17120361328125,80.12000274658203,78.87000274658203,79.52999877929688,530043
2025-12-16 17:30:00+00:00,79.54000091552734,80.0,79.2300033569336,79.36329650878906,265858
2025-12-16 18:30:00+00:00,79.4800033569336,80.6415023803711,79.16000366210938,79.80999755859375,503822
2025-12-16 19:30:00+00:00,79.78700256347656,80.1863021850586,79.58999633789062,80.18000030517578,276369
2025-12-16 20:30:00+00:00,80.18499755859375,81.08000183105469,80.18000030517578,80.5,453361
2025-12-17 14:30:00+00:00,79.11499786376953,79.12000274658203,76.7699966430664,77.6500015258789,2310099
2025-12-17 15:30:00+00:00,77.62999725341797,77.7074966430664,74.25990295410156,74.72000122070312,1679738
2025-12-17 16:30:00+00:00,74.69000244140625,75.25,73.95999908447266,74.97579956054688,1112622
2025-12-17 17:30:00+00:00,75.0199966430664,76.23999786376953,74.8499984741211,75.7394027709961,928133
2025-12-17 18:30:00+00:00,75.69499969482422,75.7750015258789,74.4520034790039,74.49009704589844,495028
2025-12-17 19:30:00+00:00,74.53410339355469,75.18499755859375,74.28559875488281,74.74949645996094,412198
2025-12-17 20:30:00+00:00,74.75,75.30999755859375,74.44499969482422,74.51000213623047,339086
2025-12-18 14:30:00+00:00,77.6449966430664,78.23699951171875,75.2699966430664,78.08000183105469,2153000
2025-12-18 15:30:00+00:00,78.0199966430664,79.0199966430664,77.82009887695312,77.93419647216797,854795
2025-12-18 16:30:00+00:00,77.91000366210938,78.91999816894531,76.93009948730469,77.19609832763672,682454
2025-12-18 17:30:00+00:00,77.0999984741211,78.3499984741211,77.0999984741211,77.94999694824219,284689
2025-12-18 18:30:00+00:00,77.95999908447266,78.22699737548828,77.36009979248047,77.6698989868164,236983
2025-12-18 19:30:00+00:00,77.62999725341797,77.9197006225586,76.86380004882812,77.7300033569336,251418
2025-12-18 20:30:00+00:00,77.69000244140625,77.94000244140625,77.13500213623047,77.13999938964844,292668
2025-12-19 14:30:00+00:00,79.44999694824219,83.02999877929688,79.22000122070312,81.18350219726562,2124751
2025-12-19 15:30:00+00:00,81.0999984741211,82.0,80.94999694824219,81.79000091552734,625833
2025-12-19 16:30:00+00:00,81.8550033569336,83.29000091552734,81.8550033569336,82.85800170898438,584580
2025-12-19 17:30:00+00:00,82.87999725341797,83.3499984741211,82.20010375976562,82.33000183105469,382909
2025-12-19 18:30:00+00:00,82.37999725341797,83.12000274658203,81.93009948730469,82.94000244140625,426844
2025-12-19 19:30:00+00:00,82.91999816894531,83.2699966430664,82.66000366210938,82.80999755859375,325729
2025-12-19 20:30:00+00:00,82.74500274658203,83.30999755859375,82.41000366210938,83.29000091552734,4423187
2025-12-22 14:30:00+00:00,85.875,86.01000213623047,84.54000091552734,85.502197265625,1899650
2025-12-22 15:30:00+00:00,85.51000213623047,86.17620086669922,84.81999969482422,85.71990203857422,622964
2025-12-22 16:30:00+00:00,85.62010192871094,85.7249984741211,85.1449966430664,85.20999908447266,301584
2025-12-22 17:30:00+00:00,85.21920013427734,85.4000015258789,84.93000030517578,85.34500122070312,226689
2025-12-22 18:30:00+00:00,85.33280181884766,85.55000305175781,85.12000274658203,85.5,188581
2025-12-22 19:30:00+00:00,85.48999786376953,85.63999938964844,85.30000305175781,85.36499786376953,235747
2025-12-22 20:30:00+00:00,85.37999725341797,85.83000183105469,85.3499984741211,85.69999694824219,275777
2025-12-23 14:30:00+00:00,86.38500213623047,87.38999938964844,85.55000305175781,87.26000213623047,1534943
2025-12-23 15:30:00+00:00,87.20719909667969,89.78720092773438,87.05000305175781,89.6500015258789,1372909
2025-12-23 16:30:00+00:00,89.70999908447266,90.30999755859375,88.91999816894531,89.94499969482422,1030519
2025-12-23 17:30:00+00:00,89.95269775390625,90.1895980834961,89.54499816894531,89.76000213623047,392002
2025-12-23 18:30:00+00:00,89.66010284423828,90.46990203857422,89.66000366210938,90.3499984741211,388447
2025-12-23 19:30:00+00:00,90.29000091552734,90.52999877929688,90.08999633789062,90.44999694824219,343017
2025-12-23 20:30:00+00:00,90.43000030517578,90.94000244140625,90.37999725341797,90.8499984741211,431576
2025-12-24 14:30:00+00:00,89.46499633789062,90.3499984741211,88.33000183105469,88.9000015258789,1625108
2025-12-24 15:30:00+00:00,88.94000244140625,89.67919921875,88.66500091552734,89.59500122070312,578433
2025-12-24 16:30:00+00:00,89.58999633789062,90.12000274658203,89.58000183105469,89.86000061035156,447884
2025-12-26 14:30:00+00:00,91.44999694824219,93.69999694824219,91.1449966430664,93.01499938964844,2290733
2025-12-26 15:30:00+00:00,93.03559875488281,93.58000183105469,92.30999755859375,92.5,1149127
2025-12-26 16:30:00+00:00,92.4999008178711,92.79000091552734,91.9800033569336,92.26000213623047,410314
2025-12-26 17:30:00+00:00,92.24510192871094,93.0,92.16000366210938,93.0,383785
2025-12-26 18:30:00+00:00,92.9800033569336,94.06999969482422,92.95999908447266,93.62999725341797,590733
2025-12-26 19:30:00+00:00,93.6500015258789,93.69989776611328,92.83000183105469,92.8499984741211,498223
2025-12-26 20:30:00+00:00,92.83999633789062,93.08000183105469,91.94999694824219,92.0,433269
2025-12-29 14:30:00+00:00,89.27999877929688,90.2698974609375,87.55999755859375,88.83999633789062,2052484
2025-12-29 15:30:00+00:00,88.88999938964844,89.27999877929688,88.11000061035156,88.82869720458984,759352
2025-12-29 16:30:00+00:00,88.79199981689453,89.14990234375,88.4000015258789,88.4749984741211,355036
2025-12-29 17:30:00+00:00,88.47000122070312,89.19999694824219,88.4000015258789,89.0,210844
2025-12-29 18:30:00+00:00,89.03500366210938,89.36000061035156,88.62000274658203,88.91999816894531,222219
2025-12-29 19:30:00+00:00,88.94000244140625,89.62999725341797,88.93000030517578,89.4800033569336,227486
2025-12-29 20:30:00+00:00,89.5,89.9000015258789,89.27999877929688,89.75,361939
2025-12-30 14:30:00+00:00,89.66999816894531,90.43000030517578,88.5,88.73989868164062,1113858
2025-12-30 15:30:00+00:00,88.72000122070312,89.9800033569336,88.69000244140625,89.7500991821289,427343
2025-12-30 16:30:00+00:00,89.7699966430664,89.88999938964844,89.28340148925781,89.41010284423828,236105
2025-12-30 17:30:00+00:00,89.41000366210938,89.74530029296875,89.2300033569336,89.72000122070312,151234
2025-12-30 18:30:00+00:00,89.72239685058594,89.83930206298828,89.41000366210938,89.62999725341797,339030
2025-12-30 19:30:00+00:00,89.625,89.68000030517578,88.91999816894531,89.05000305175781,908861
2025-12-30 20:30:00+00:00,89.02999877929688,89.39959716796875,88.98750305175781,89.06600189208984,468401
2025-12-31 14:30:00+00:00,90.86499786376953,91.87539672851562,89.56610107421875,90.4072036743164,1497224
2025-12-31 15:30:00+00:00,90.41000366210938,90.54000091552734,89.61499786376953,90.2699966430664,437806
2025-12-31 16:30:00+00:00,90.2699966430664,90.67980194091797,90.12000274658203,90.33999633789062,304801
2025-12-31 17:30:00+00:00,90.3499984741211,90.41999816894531,89.94999694824219,90.37999725341797,207238
2025-12-31 18:30:00+00:00,90.37010192871094,90.45010375976562,89.44999694824219,89.4999008178711,246343
2025-12-31 19:30:00+00:00,89.5199966430664,89.5199966430664,88.58999633789062,88.64730072021484,431064
2025-12-31 20:30:00+00:00,88.63999938964844,88.92990112304688,88.02999877929688,88.02999877929688,354251
2026-01-02 14:30:00+00:00,91.05999755859375,93.91000366210938,90.80000305175781,91.7499008178711,2525748
2026-01-02 15:30:00+00:00,91.69999694824219,92.80999755859375,89.5999984741211,90.81990051269531,1445965
2026-01-02 16:30:00+00:00,90.80000305175781,91.26000213623047,90.3550033569336,90.69000244140625,588300
2026-01-02 17:30:00+00:00,90.7300033569336,91.11000061035156,90.4000015258789,90.56999969482422,337313
2026-01-02 18:30:00+00:00,90.5999984741211,90.87000274658203,89.55999755859375,90.41010284423828,380588
2026-01-02 19:30:00+00:00,90.55000305175781,90.80999755859375,89.83000183105469,90.23999786376953,228786
2026-01-02 20:30:00+00:00,90.19999694824219,90.30000305175781,89.7699966430664,90.04000091552734,249729
2026-01-05 14:30:00+00:00,92.94000244140625,94.68000030517578,90.66999816894531,91.33000183105469,2074384
2026-01-05 15:30:00+00:00,91.33999633789062,92.08999633789062,90.54000091552734,91.47979736328125,976885
2026-01-05 16:30:00+00:00,91.41000366210938,91.68499755859375,88.47000122070312,88.9800033569336,1104056
2026-01-05 17:30:00+00:00,88.93000030517578,89.43920135498047,88.37999725341797,89.13999938964844,574290
2026-01-05 18:30:00+00:00,89.13999938964844,89.54750061035156,87.80999755859375,88.08000183105469,742116
2026-01-05 19:30:00+00:00,88.05000305175781,88.91999816894531,87.5999984741211,88.85099792480469,481548
2026-01-05 20:30:00+00:00,88.80999755859375,89.47000122070312,88.68000030517578,89.41999816894531,364972
2026-01-06 14:30:00+00:00,92.08599853515625,93.2499008178711,90.2300033569336,92.5,2652885
2026-01-06 15:30:00+00:00,92.4113998413086,92.61000061035156,89.16999816894531,89.86000061035156,1675604
2026-01-06 16:30:00+00:00,89.8499984741211,90.7750015258789,89.68000030517578,90.61000061035156,863663
2026-01-06 17:30:00+00:00,90.61990356445312,90.9198989868164,89.58000183105469,89.6500015258789,556924
2026-01-06 18:30:00+00:00,89.47000122070312,89.61009979248047,88.6500015258789,89.25499725341797,476130
2026-01-06 19:30:00+00:00,89.37999725341797,89.54570007324219,88.26000213623047,88.31999969482422,374137
2026-01-06 20:30:00+00:00,88.28500366210938,88.94999694824219,88.21279907226562,88.58999633789062,319053
2026-01-07 14:30:00+00:00,89.77999877929688,92.44000244140625,87.94999694824219,92.0999984741211,2343739
2026-01-07 15:30:00+00:00,92.1449966430664,92.18000030517578,89.75,90.7249984741211,1401851
2026-01-07 16:30:00+00:00,90.80000305175781,91.69000244140625,90.66999816894531,91.16000366210938,672903
2026-01-07 17:30:00+00:00,91.0999984741211,91.3550033569336,90.77999877929688,90.81199645996094,385584
2026-01-07 18:30:00+00:00,90.86199951171875,91.13999938964844,90.4000015258789,90.54000091552734,402487
2026-01-07 19:30:00+00:00,90.41999816894531,90.91999816894531,89.9800033569336,90.18000030517578,363026
2026-01-07 20:30:00+00:00,90.19999694824219,90.44000244140625,89.98780059814453,90.36499786376953,459470
2026-01-08 14:30:00+00:00,90.30000305175781,90.69999694824219,86.07620239257812,87.43000030517578,2245069
2026-01-08 15:30:00+00:00,87.44989776611328,88.2300033569336,86.05000305175781,86.27999877929688,1103463
2026-01-08 16:30:00+00:00,86.25,86.81990051269531,85.48999786376953,85.71499633789062,720778
2026-01-08 17:30:00+00:00,85.68000030517578,86.27999877929688,85.29000091552734,86.1438980102539,607331
2026-01-08 18:30:00+00:00,86.1500015258789,86.27999877929688,85.16999816894531,85.5250015258789,402234
2026-01-08 19:30:00+00:00,85.58000183105469,86.62670135498047,85.58000183105469,86.48500061035156,491513
2026-01-08 20:30:00+00:00,86.58999633789062,86.69000244140625,86.05000305175781,86.46499633789062,351689
2026-01-09 14:30:00+00:00,86.0,87.08699798583984,85.06999969482422,86.28009796142578,1556039
2026-01-09 15:30:00+00:00,86.31999969482422,86.8499984741211,85.70999908447266,86.56999969482422,587283
2026-01-09 16:30:00+00:00,86.55999755859375,86.95999908447266,86.02999877929688,86.27999877929688,387407
2026-01-09 17:30:00+00:00,86.27899932861328,86.52989959716797,85.97000122070312,86.4800033569336,261585
2026-01-09 18:30:00+00:00,86.47000122070312,87.55000305175781,86.38999938964844,87.12000274658203,642150
2026-01-09 19:30:00+00:00,87.16000366210938,87.30000305175781,86.79000091552734,86.81500244140625,305992
2026-01-09 20:30:00+00:00,86.77580261230469,86.88999938964844,86.16000366210938,86.16999816894531,342899
2026-01-12 14:30:00+00:00,84.56999969482422,87.38999938964844,84.5,85.9124984741211,1475957
2026-01-12 15:30:00+00:00,85.93990325927734,86.54000091552734,85.08999633789062,86.52999877929688,746061
2026-01-12 16:30:00+00:00,86.5,88.04000091552734,85.95999908447266,87.4800033569336,614900
2026-01-12 17:30:00+00:00,87.47010040283203,88.00990295410156,87.03009796142578,87.94999694824219,382972
2026-01-12 18:30:00+00:00,88.0,88.22000122070312,87.67839813232422,88.11100006103516,294004
2026-01-12 19:30:00+00:00,88.11000061035156,88.12000274658203,87.12999725341797,87.2249984741211,339019
2026-01-12 20:30:00+00:00,87.16999816894531,87.22000122070312,86.18000030517578,86.20999908447266,3279707
2026-01-13 14:30:00+00:00,86.25,86.39949798583984,85.01000213623047,85.25,1557566
2026-01-13 15:30:00+00:00,85.23999786376953,86.9800033569336,84.80000305175781,86.45999908447266,976763
2026-01-13 16:30:00+00:00,86.44000244140625,89.13999938964844,86.38999938964844,87.55999755859375,1244990
2026-01-13 17:30:00+00:00,87.56819915771484,87.72750091552734,85.875,86.33599853515625,658076
2026-01-13 18:30:00+00:00,86.31639862060547,86.37999725341797,85.75,86.0199966430664,426586
2026-01-13 19:30:00+00:00,86.0199966430664,86.13999938964844,85.54450225830078,86.01000213623047,297891
2026-01-13 20:30:00+00:00,86.0199966430664,87.0,85.80999755859375,86.93000030517578,247834
2026-01-14 14:30:00+00:00,85.09989929199219,85.28589630126953,82.41000366210938,83.125,2653446
2026-01-14 15:30:00+00:00,83.12999725341797,84.01499938964844,82.70999908447266,83.44000244140625,846320
2026-01-14 16:30:00+00:00,83.39009857177734,83.53900146484375,82.84500122070312,83.5199966430664,467703
2026-01-14 17:30:00+00:00,83.4000015258789,83.73680114746094,83.0199966430664,83.6500015258789,277627
2026-01-14 18:30:00+00:00,83.54000091552734,83.54000091552734,83.0199966430664,83.2300033569336,206696
2026-01-14 19:30:00+00:00,83.27339935302734,83.95999908447266,82.3499984741211,83.54000091552734,551367
2026-01-14 20:30:00+00:00,83.55999755859375,84.61000061035156,83.5,84.5199966430664,533216
2026-01-15 14:30:00+00:00,87.9000015258789,89.91000366210938,87.47000122070312,88.5,3077158
2026-01-15 15:30:00+00:00,88.5999984741211,89.37000274658203,87.87999725341797,88.49430084228516,695374
2026-01-15 16:30:00+00:00,88.44999694824219,90.12000274658203,88.33280181884766,89.52249908447266,859452
2026-01-15 17:30:00+00:00,89.5199966430664,90.06999969482422,89.08999633789062,90.0510025024414,363887
2026-01-15 18:30:00+00:00,90.06999969482422,90.4801025390625,89.16000366210938,89.28500366210938,654463
2026-01-15 19:30:00+00:00,89.19000244140625,90.19999694824219,88.19000244140625,88.4000015258789,623882
2026-01-15 20:30:00+00:00,88.37000274658203,88.5,87.41000366210938,88.1500015258789,522251
2026-01-16 14:30:00+00:00,89.5999984741211,91.12999725341797,88.5199966430664,88.52999877929688,2254524
2026-01-16 15:30:00+00:00,88.51000213623047,89.0199966430664,88.02999877929688,88.86000061035156,841591
2026-01-16 16:30:00+00:00,88.83000183105469,89.21880340576172,88.52999877929688,88.87750244140625,383477
2026-01-16 17:30:00+00:00,88.86170196533203,89.0999984741211,88.33000183105469,88.80999755859375,333589
2026-01-16 18:30:00+00:00,88.8301010131836,89.25,88.54000091552734,88.59989929199219,314224
2026-01-16 19:30:00+00:00,88.55500030517578,88.87999725341797,88.5250015258789,88.62999725341797,267014
2026-01-16 20:30:00+00:00,88.5999984741211,88.7300033569336,87.08499908447266,87.20999908447266,701734
2026-01-20 14:30:00+00:00,83.00499725341797,83.41000366210938,81.0,82.11910247802734,2718442
2026-01-20 15:30:00+00:00,82.08999633789062,83.09989929199219,81.19999694824219,81.66000366210938,845388
2026-01-20 16:30:00+00:00,81.58000183105469,81.80000305175781,80.95999908447266,81.36000061035156,687270
2026-01-20 17:30:00+00:00,81.36000061035156,81.44999694824219,80.69000244140625,80.91000366210938,403235
2026-01-20 18:30:00+00:00,80.9000015258789,81.32499694824219,80.36000061035156,80.80000305175781,478478
2026-01-20 19:30:00+00:00,80.80000305175781,81.0,79.80000305175781,79.94000244140625,534540
2026-01-20 20:30:00+00:00,79.94999694824219,80.33999633789062,79.19999694824219,79.625,487463
2026-01-21 14:30:00+00:00,80.29969787597656,82.08000183105469,79.8333969116211,81.94999694824219,2177360
2026-01-21 15:30:00+00:00,81.94999694824219,84.55690002441406,81.86000061035156,83.6500015258789,1457673
2026-01-21 16:30:00+00:00,83.67980194091797,83.67990112304688,80.6500015258789,80.75,1391123
2026-01-21 17:30:00+00:00,80.7239990234375,81.66999816894531,80.54000091552734,81.44000244140625,512999
2026-01-21 18:30:00+00:00,81.44999694824219,83.97000122070312,81.37010192871094,83.86000061035156,633503
2026-01-21 19:30:00+00:00,83.87999725341797,86.01000213623047,83.77999877929688,84.58000183105469,1640924
2026-01-21 20:30:00+00:00,84.57499694824219,85.4000015258789,84.0999984741211,84.1698989868164,525942
2026-01-22 14:30:00+00:00,85.49500274658203,86.7699966430664,84.73249816894531,85.58999633789062,1547165
2026-01-22 15:30:00+00:00,85.58360290527344,86.47000122070312,85.2699966430664,86.38999938964844,496914
2026-01-22 16:30:00+00:00,86.41999816894531,86.76499938964844,85.41999816894531,85.68800354003906,481307
2026-01-22 17:30:00+00:00,85.70800018310547,85.91500091552734,85.18009948730469,85.45999908447266,412273
2026-01-22 18:30:00+00:00,85.41999816894531,85.58999633789062,85.06999969482422,85.4000015258789,193597
2026-01-22 19:30:00+00:00,85.375,85.55000305175781,84.9000015258789,84.9000015258789,238672
2026-01-22 20:30:00+00:00,84.87000274658203,85.55000305175781,84.71089935302734,85.49189758300781,485394
2026-01-23 14:30:00+00:00,88.0199966430664,89.86000061035156,87.33000183105469,88.12000274658203,2914418
2026-01-23 15:30:00+00:00,88.12000274658203,88.4800033569336,87.61000061035156,88.22000122070312,705049
2026-01-23 16:30:00+00:00,88.16999816894531,88.62000274658203,87.66999816894531,88.17350006103516,504632
2026-01-23 17:30:00+00:00,88.21990203857422,88.4999008178711,87.625,88.33080291748047,332524
2026-01-23 18:30:00+00:00,88.25,88.77999877929688,87.9800033569336,88.2301025390625,326911
2026-01-23 19:30:00+00:00,88.23999786376953,88.43000030517578,87.6050033569336,87.66000366210938,317412
2026-01-23 20:30:00+00:00,87.66999816894531,88.31999969482422,87.62999725341797,88.06999969482422,287878
2026-01-26 14:30:00+00:00,87.63999938964844,89.44000244140625,87.3386001586914,87.77999877929688,1642240
2026-01-26 15:30:00+00:00,87.80000305175781,88.01499938964844,86.62000274658203,87.29499816894531,883248
2026-01-26 16:30:00+00:00,87.29000091552734,87.68000030517578,86.94999694824219,87.14320373535156,360753
2026-01-26 17:30:00+00:00,87.12999725341797,87.16999816894531,86.51000213623047,86.94000244140625,272824
2026-01-26 18:30:00+00:00,86.94999694824219,87.51010131835938,86.94999694824219,87.05000305175781,2522157
2026-01-26 19:30:00+00:00,87.05000305175781,87.13999938964844,86.51499938964844,86.91000366210938,0
2026-01-26 20:30:00+00:00,86.91999816894531,87.25,86.80500030517578,86.87249755859375,210621
2026-01-27 14:30:00+00:00,87.72000122070312,89.75,86.25,89.22000122070312,1892317
2026-01-27 15:30:00+00:00,89.20999908447266,90.22000122070312,89.18000030517578,89.93499755859375,877134
2026-01-27 16:30:00+00:00,89.94999694824219,90.2300033569336,89.66999816894531,89.92990112304688,441200
2026-01-27 17:30:00+00:00,89.91999816894531,90.2300033569336,89.22049713134766,89.74009704589844,307116
2026-01-27 18:30:00+00:00,89.79000091552734,90.0199966430664,89.3499984741211,89.41000366210938,197325
2026-01-27 19:30:00+00:00,89.41010284423828,89.97000122070312,89.25499725341797,89.69000244140625,260825
2026-01-27 20:30:00+00:00,89.66999816894531,89.70500183105469,88.81999969482422,88.87999725341797,379539
2026-01-28 14:30:00+00:00,91.44999694824219,92.43000030517578,90.62999725341797,91.55030059814453,2152289
2026-01-28 15:30:00+00:00,91.55000305175781,92.13999938964844,90.93000030517578,91.88999938964844,699297
2026-01-28 16:30:00+00:00,91.80999755859375,91.83999633789062,90.08000183105469,91.25499725341797,523939
2026-01-28 17:30:00+00:00,91.19999694824219,91.88999938964844,91.0,91.86100006103516,281991
2026-01-28 18:30:00+00:00,91.86000061035156,92.27619934082031,91.55000305175781,91.62999725341797,316492
2026-01-28 19:30:00+00:00,91.63999938964844,92.4000015258789,91.08999633789062,91.75499725341797,540008
2026-01-28 20:30:00+00:00,91.7301025390625,91.8949966430664,91.05000305175781,91.53900146484375,327684
2026-01-29 14:30:00+00:00,91.36000061035156,93.48249816894531,88.5999984741211,89.1500015258789,1976765
2026-01-29 15:30:00+00:00,89.16000366210938,89.18180084228516,86.4000015258789,88.09500122070312,1285294
2026-01-29 16:30:00+00:00,88.20999908447266,90.00920104980469,87.98999786376953,89.70999908447266,670017
2026-01-29 17:30:00+00:00,89.7300033569336,90.81999969482422,89.38999938964844,90.23989868164062,491012
2026-01-29 18:30:00+00:00,90.19999694824219,90.9000015258789,89.91000366210938,90.51000213623047,448079
2026-01-29 19:30:00+00:00,90.5,91.51000213623047,90.18370056152344,91.04000091552734,450764
2026-01-29 20:30:00+00:00,91.0199966430664,92.7698974609375,90.9800033569336,92.48999786376953,545544
2026-01-30 14:30:00+00:00,91.12000274658203,93.37999725341797,90.90560150146484,91.68000030517578,1786681
2026-01-30 15:30:00+00:00,91.63999938964844,92.30999755859375,91.30000305175781,92.29060363769531,104614
2026-02-02 18:30:00+00:00,89.94999694824219,90.15989685058594,89.69999694824219,89.94999694824219,2955015
2026-02-02 19:30:00+00:00,89.93000030517578,90.0199966430664,86.36000061035156,86.44999694824219,981732
2026-02-02 20:30:00+00:00,86.44999694824219,86.55999755859375,85.23999786376953,85.94000244140625,924059
2026-02-03 14:30:00+00:00,86.3499984741211,86.41999816894531,80.31999969482422,80.95999908447266,2552563
2026-02-03 15:30:00+00:00,80.9800033569336,81.58000183105469,79.86000061035156,79.86000061035156,1304183
2026-02-03 16:30:00+00:00,79.875,81.14689636230469,79.86000061035156,80.6884994506836,875379
2026-02-03 17:30:00+00:00,80.66500091552734,80.76000213623047,79.44999694824219,79.87000274658203,650586
2026-02-03 18:30:00+00:00,79.91000366210938,80.20999908447266,78.88700103759766,79.5,668751
2026-02-03 19:30:00+00:00,79.44000244140625,79.77999877929688,77.2300033569336,79.47000122070312,1466365
2026-02-03 20:30:00+00:00,79.52999877929688,81.12220001220703,79.52999877929688,81.00499725341797,657374
2026-02-04 14:30:00+00:00,80.08999633789062,80.26000213623047,77.6500015258789,78.15499877929688,1802806
2026-02-04 15:30:00+00:00,78.1500015258789,78.47010040283203,75.72000122070312,76.41000366210938,1374541
2026-02-04 16:30:00+00:00,76.37999725341797,76.43000030517578,74.62999725341797,74.70010375976562,1093923
2026-02-04 17:30:00+00:00,74.61100006103516,75.53500366210938,73.41000366210938,75.38500213623047,1144135
2026-02-04 18:30:00+00:00,75.38909912109375,76.1449966430664,74.26000213623047,76.08000183105469,775530
2026-02-04 19:30:00+00:00,76.12000274658203,77.18000030517578,75.51000213623047,76.43060302734375,707146
2026-02-04 20:30:00+00:00,76.41999816894531,76.96980285644531,75.45500183105469,75.45999908447266,572248
2026-02-05 14:30:00+00:00,76.0250015258789,77.66999816894531,72.91000366210938,73.1500015258789,2545235
2026-02-05 15:30:00+00:00,73.16999816894531,75.44999694824219,73.04000091552734,75.44999694824219,1042544
2026-02-05 16:30:00+00:00,75.4800033569336,76.7699966430664,75.41000366210938,76.3499984741211,873934
2026-02-05 17:30:00+00:00,76.33999633789062,76.72000122070312,75.2699966430664,75.5199966430664,612470
2026-02-05 18:30:00+00:00,75.54000091552734,75.88310241699219,74.30999755859375,74.94000244140625,520153
2026-02-05 19:30:00+00:00,74.87000274658203,75.37999725341797,73.69000244140625,73.73999786376953,475033
2026-02-05 20:30:00+00:00,73.7300033569336,73.94999694824219,72.75,73.38999938964844,751392
2026-02-06 14:30:00+00:00,77.26000213623047,82.73390197753906,75.69000244140625,82.53500366210938,3670351
2026-02-06 15:30:00+00:00,82.5250015258789,83.91000366210938,81.93260192871094,83.68000030517578,1567216
2026-02-06 16:30:00+00:00,83.69499969482422,84.22010040283203,82.7699966430664,84.16000366210938,884113
2026-02-06 17:30:00+00:00,84.19999694824219,84.69999694824219,83.87999725341797,84.1449966430664,797631
2026-02-06 18:30:00+00:00,84.22000122070312,84.56500244140625,83.80999755859375,84.05000305175781,476892
2026-02-06 19:30:00+00:00,84.06999969482422,85.05500030517578,83.96160125732422,84.81999969482422,736867
2026-02-06 20:30:00+00:00,84.80999755859375,86.1802978515625,84.73999786376953,84.79000091552734,1183760
2026-02-09 14:30:00+00:00,83.75,92.47000122070312,83.5999984741211,89.72000122070312,4481432
2026-02-09 15:30:00+00:00,89.80000305175781,91.05999755859375,89.79000091552734,90.73999786376953,811896
2026-02-09 16:30:00+00:00,90.75,91.4000015258789,90.29000091552734,90.55999755859375,667424
2026-02-09 17:30:00+00:00,90.55049896240234,90.97000122070312,89.83000183105469,89.9800033569336,470514
2026-02-09 18:30:00+00:00,90.0250015258789,90.46749877929688,89.69080352783203,89.98989868164062,349627
2026-02-09 19:30:00+00:00,89.94999694824219,90.36000061035156,88.7699966430664,89.0199966430664,480909
2026-02-09 20:30:00+00:00,88.93000030517578,89.52999877929688,88.69000244140625,89.02999877929688,361912
2026-02-10 14:30:00+00:00,90.33000183105469,91.37999725341797,87.31999969482422,88.27999877929688,1846984
2026-02-10 15:30:00+00:00,88.2699966430664,89.33999633789062,88.0,88.26000213623047,510366
2026-02-10 16:30:00+00:00,88.19999694824219,89.19499969482422,88.05999755859375,88.77999877929688,339660
2026-02-10 17:30:00+00:00,88.75,89.44999694824219,88.3499984741211,88.35800170898438,352652
2026-02-10 18:30:00+00:00,88.4000015258789,88.66729736328125,88.20500183105469,88.30000305175781,234156
2026-02-10 19:30:00+00:00,88.27999877929688,88.59929656982422,87.61000061035156,88.20999908447266,203212
2026-02-10 20:30:00+00:00,88.19000244140625,88.5,87.56999969482422,87.72000122070312,209913
2026-02-11 14:30:00+00:00,91.19999694824219,92.0,87.87999725341797,88.0199966430664,3042494
2026-02-11 15:30:00+00:00,88.05000305175781,91.0385971069336,87.9800033569336,90.25309753417969,1337434
2026-02-11 16:30:00+00:00,90.16999816894531,90.97000122070312,89.37000274658203,90.87999725341797,780300
2026-02-11 17:30:00+00:00,90.83999633789062,91.12999725341797,90.05000305175781,90.31990051269531,513358
2026-02-11 18:30:00+00:00,90.37429809570312,91.06999969482422,89.94000244140625,90.91999816894531,322429
2026-02-11 19:30:00+00:00,90.9000015258789,91.0,89.91000366210938,90.01000213623047,318949
2026-02-11 20:30:00+00:00,90.0,90.25990295410156,89.0,89.0,424503
2026-02-12 14:30:00+00:00,91.75,92.37999725341797,89.5,90.5199966430664,1863687
2026-02-12 15:30:00+00:00,90.5999984741211,90.69999694824219,86.42379760742188,86.48999786376953,1263128
2026-02-12 16:30:00+00:00,86.48999786376953,88.9800033569336,86.41999816894531,88.60250091552734,637136
2026-02-12 17:30:00+00:00,88.58999633789062,89.5,87.6500015258789,88.33999633789062,471822
2026-02-12 18:30:00+00:00,88.32230377197266,89.0,88.0,88.0,304184
2026-02-12 19:30:00+00:00,88.12999725341797,88.49629974365234,86.66239929199219,86.69999694824219,411766
2026-02-12 20:30:00+00:00,86.73999786376953,87.0999984741211,85.73989868164062,86.1500015258789,486573
2026-02-13 14:30:00+00:00,86.5199966430664,86.62000274658203,81.69000244140625,83.4749984741211,2525002
2026-02-13 15:30:00+00:00,83.44000244140625,84.42500305175781,81.82499694824219,83.0,857239
2026-02-13 16:30:00+00:00,82.9000015258789,83.98999786376953,82.5199966430664,83.87000274658203,616188
2026-02-13 17:30:00+00:00,83.88999938964844,84.2499008178711,82.9000015258789,83.5199966430664,549289
2026-02-13 18:30:00+00:00,83.5199966430664,84.11009979248047,82.95999908447266,83.05249786376953,399769
2026-02-13 19:30:00+00:00,83.0999984741211,83.62000274658203,81.58999633789062,81.83999633789062,654251
2026-02-13 20:30:00+00:00,81.91999816894531,82.55000305175781,81.16999816894531,82.26499938964844,665355
2026-02-17 14:30:00+00:00,81.31999969482422,82.75,78.94999694824219,80.0999984741211,2189543
2026-02-17 15:30:00+00:00,80.05999755859375,83.61000061035156,79.04319763183594,82.88999938964844,1404460
2026-02-17 16:30:00+00:00,82.94999694824219,83.94000244140625,82.56999969482422,83.94000244140625,744087
2026-02-17 17:30:00+00:00,83.95999908447266,84.62000274658203,82.97000122070312,84.4801025390625,650715
2026-02-17 18:30:00+00:00,84.45999908447266,85.44999694824219,84.16999816894531,85.40010070800781,487196
2026-02-17 19:30:00+00:00,85.4800033569336,86.08999633789062,84.45999908447266,84.54000091552734,436656
2026-02-17 20:30:00+00:00,84.5,84.56999969482422,83.62000274658203,84.19000244140625,332564
2026-02-18 14:30:00+00:00,87.3499984741211,88.90499877929688,86.30999755859375,88.49019622802734,2141637
2026-02-18 15:30:00+00:00,88.47000122070312,89.01000213623047,88.02999877929688,88.48999786376953,1117683
2026-02-18 16:30:00+00:00,88.44999694824219,88.66000366210938,87.4801025390625,87.9000015258789,630216
2026-02-18 17:30:00+00:00,87.87999725341797,88.4000015258789,87.69059753417969,87.7301025390625,314684
2026-02-18 18:30:00+00:00,87.69999694824219,87.9000015258789,87.08000183105469,87.38999938964844,506343
2026-02-18 19:30:00+00:00,87.45999908447266,87.45999908447266,85.75,85.95500183105469,681402
2026-02-18 20:30:00+00:00,85.91500091552734,87.31999969482422,85.9000015258789,86.73999786376953,539312
2026-02-19 14:30:00+00:00,86.0000991821289,87.13790130615234,84.70999908447266,86.52010345458984,1418262
2026-02-19 15:30:00+00:00,86.44000244140625,87.2300033569336,85.87000274658203,86.22200012207031,508539
2026-02-19 16:30:00+00:00,86.33000183105469,86.66000366210938,85.37999725341797,85.62999725341797,559895
2026-02-19 17:30:00+00:00,85.56999969482422,85.62999725341797,84.83999633789062,85.19000244140625,347881
2026-02-19 18:30:00+00:00,85.19000244140625,85.98989868164062,85.16999816894531,85.47000122070312,343038
2026-02-19 19:30:00+00:00,85.5250015258789,85.98999786376953,85.3499984741211,85.7301025390625,249793
2026-02-19 20:30:00+00:00,85.72000122070312,86.7750015258789,85.72000122070312,86.7750015258789,423237
2026-02-20 14:30:00+00:00,85.44999694824219,88.0,84.91000366210938,86.58999633789062,1959323
2026-02-20 15:30:00+00:00,86.5999984741211,88.91999816894531,86.37059783935547,87.51090240478516,1105981
2026-02-20 16:30:00+00:00,87.52999877929688,88.80000305175781,86.4800033569336,86.7300033569336,627320
2026-02-20 17:30:00+00:00,86.75,87.68000030517578,86.68509674072266,87.47000122070312,600973
2026-02-20 18:30:00+00:00,87.41500091552734,88.6759033203125,87.06999969482422,88.02999877929688,663527
2026-02-20 19:30:00+00:00,88.06999969482422,88.53990173339844,87.68000030517578,88.08000183105469,350457
2026-02-20 20:30:00+00:00,88.06999969482422,88.5999984741211,88.06999969482422,88.4800033569336,424502
2026-02-23 14:30:00+00:00,89.98799896240234,92.27989959716797,89.49009704589844,89.9000015258789,2619652
2026-02-23 15:30:00+00:00,89.86199951171875,90.1449966430664,88.2300033569336,89.09989929199219,708818
2026-02-23 16:30:00+00:00,89.05999755859375,89.81999969482422,89.05989837646484,89.5199966430664,336173
2026-02-23 17:30:00+00:00,89.45999908447266,90.22989654541016,88.38999938964844,89.98989868164062,377915
2026-02-23 18:30:00+00:00,89.8949966430664,90.20999908447266,89.16999816894531,89.17410278320312,217566
2026-02-23 19:30:00+00:00,89.16000366210938,89.5,88.80999755859375,89.47000122070312,217133
2026-02-23 20:30:00+00:00,89.52100372314453,90.13990020751953,89.25,90.13990020751953,295917
2026-02-24 14:30:00+00:00,89.9000015258789,90.5,86.16000366210938,90.45989990234375,2326769
2026-02-24 15:30:00+00:00,90.44000244140625,91.62000274658203,90.19999694824219,90.58999633789062,941556
2026-02-24 16:30:00+00:00,90.55500030517578,92.04499816894531,90.3499984741211,91.64910125732422,619454
2026-02-24 17:30:00+00:00,91.56999969482422,91.93000030517578,91.29000091552734,91.32129669189453,269492
2026-02-24 18:30:00+00:00,91.32879638671875,91.4800033569336,90.62999725341797,90.82009887695312,356166
2026-02-24 19:30:00+00:00,90.8666000366211,91.43000030517578,90.83000183105469,91.17109680175781,367486
2026-02-24 20:30:00+00:00,91.21990203857422,92.08000183105469,91.06999969482422,91.19999694824219,349113
2026-02-25 14:30:00+00:00,92.69999694824219,94.72000122070312,92.12999725341797,94.24980163574219,2986117
2026-02-25 15:30:00+00:00,94.25,94.80000305175781,93.75,94.54000091552734,1066649
2026-02-25 16:30:00+00:00,94.54010009765625,95.7300033569336,94.54010009765625,95.5000991821289,861508
2026-02-25 17:30:00+00:00,95.48999786376953,95.63999938964844,94.80000305175781,94.88500213623047,3526373
2026-02-25 18:30:00+00:00,94.8949966430664,95.58000183105469,94.68499755859375,95.22010040283203,0
2026-02-25 19:30:00+00:00,95.23999786376953,95.51000213623047,94.87999725341797,95.06849670410156,529256
2026-02-25 20:30:00+00:00,95.05999755859375,95.37000274658203,93.77010345458984,93.87000274658203,4936885
2026-02-26 14:30:00+00:00,92.5,92.5999984741211,84.19000244140625,84.72000122070312,6176986
2026-02-26 15:30:00+00:00,84.6500015258789,86.44999694824219,83.2490005493164,86.31500244140625,2300033
2026-02-26 16:30:00+00:00,86.26000213623047,86.46520233154297,84.44999694824219,86.0999984741211,1146203
2026-02-26 17:30:00+00:00,86.0999984741211,86.58499908447266,83.52179718017578,83.98999786376953,1055359
2026-02-26 18:30:00+00:00,83.98999786376953,85.23999786376953,83.5,83.96499633789062,1125081
2026-02-26 19:30:00+00:00,83.91999816894531,84.37000274658203,83.0,83.30000305175781,1189737
2026-02-26 20:30:00+00:00,83.31790161132812,84.1050033569336,83.0199966430664,83.4800033569336,896503
2026-02-27 14:30:00+00:00,80.0999984741211,81.37999725341797,78.69650268554688,80.70010375976562,3443360
2026-02-27 15:30:00+00:00,80.63500213623047,81.01200103759766,80.0,80.0,866207
2026-02-27 16:30:00+00:00,80.01000213623047,80.3550033569336,78.20010375976562,78.94920349121094,1359565
2026-02-27 17:30:00+00:00,79.0,79.30000305175781,77.9000015258789,78.12000274658203,818935
2026-02-27 18:30:00+00:00,78.09500122070312,78.41999816894531,77.3499984741211,77.82820129394531,755529
2026-02-27 19:30:00+00:00,77.83499908447266,78.7699966430664,77.6500015258789,78.04000091552734,680791
2026-02-27 20:30:00+00:00,78.02999877929688,78.08000183105469,75.83000183105469,76.55010223388672,1287942
2026-03-02 14:30:00+00:00,74.56500244140625,80.05049896240234,74.31999969482422,79.2699966430664,4176479
2026-03-02 15:30:00+00:00,79.32499694824219,80.4000015258789,78.87999725341797,79.6500015258789,5386756
2026-03-02 16:30:00+00:00,79.77770233154297,81.87000274658203,79.62999725341797,81.54989624023438,0
2026-03-02 17:30:00+00:00,81.5,81.5,80.802001953125,80.99259948730469,508218
2026-03-02 18:30:00+00:00,80.98999786376953,81.38999938964844,80.58100128173828,81.16000366210938,309438
2026-03-02 19:30:00+00:00,81.16000366210938,81.5,80.31999969482422,80.73999786376953,618545
2026-03-02 20:30:00+00:00,80.76000213623047,81.30000305175781,80.62000274658203,81.0,415031
2026-03-03 14:30:00+00:00,77.83999633789062,79.13999938964844,76.79000091552734,76.81999969482422,5111258
2026-03-03 15:30:00+00:00,77.0,78.80999755859375,76.08000183105469,78.20899963378906,2090568
2026-03-03 16:30:00+00:00,78.19259643554688,79.36000061035156,77.86000061035156,78.95140075683594,1029248
2026-03-03 17:30:00+00:00,78.8458023071289,79.1500015258789,77.9000015258789,78.94999694824219,586079
2026-03-03 18:30:00+00:00,78.94979858398438,79.58999633789062,78.3405990600586,78.41999816894531,616097
2026-03-03 19:30:00+00:00,78.41999816894531,79.55500030517578,78.08999633789062,78.93499755859375,472101
2026-03-03 20:30:00+00:00,78.96499633789062,79.25499725341797,78.71009826660156,78.83999633789062,376386
2026-03-04 14:30:00+00:00,79.19499969482422,81.87999725341797,78.8550033569336,81.79010009765625,4306095
2026-03-04 15:30:00+00:00,81.8499984741211,81.94999694824219,80.3550033569336,80.86000061035156,1243088
2026-03-04 16:30:00+00:00,80.81999969482422,81.52369689941406,80.81999969482422,80.95999908447266,579810
2026-03-04 17:30:00+00:00,80.9800033569336,81.69999694824219,80.70999908447266,81.44999694824219,611795
2026-03-04 18:30:00+00:00,81.42500305175781,82.87000274658203,81.42500305175781,82.58000183105469,1019033
2026-03-04 19:30:00+00:00,82.47000122070312,82.5250015258789,81.0999984741211,81.5,655601
2026-03-04 20:30:00+00:00,81.4749984741211,81.70999908447266,81.07499694824219,81.4000015258789,577195
2026-03-05 14:30:00+00:00,79.73999786376953,81.1792984008789,79.47000122070312,80.08499908447266,2805024
2026-03-05 15:30:00+00:00,80.19999694824219,82.30999755859375,79.5,81.19000244140625,1538842
2026-03-05 16:30:00+00:00,81.19999694824219,82.11000061035156,79.69999694824219,79.69999694824219,719225
2026-03-05 17:30:00+00:00,79.66999816894531,79.80000305175781,76.86000061035156,77.7249984741211,2372955
2026-03-05 18:30:00+00:00,77.8499984741211,79.58999633789062,77.69000244140625,79.36630249023438,633083
2026-03-05 19:30:00+00:00,79.19999694824219,80.77999877929688,78.60009765625,80.33999633789062,768946
2026-03-05 20:30:00+00:00,80.33999633789062,81.69000244140625,80.19999694824219,81.66999816894531,759316
2026-03-06 14:30:00+00:00,78.50499725341797,81.05999755859375,78.45999908447266,80.25,3250960
2026-03-06 15:30:00+00:00,80.26000213623047,80.77999877929688,79.45999908447266,80.18000030517578,958506
2026-03-06 16:30:00+00:00,80.16999816894531,80.86000061035156,79.58499908447266,79.66000366210938,707813
2026-03-06 17:30:00+00:00,79.66000366210938,80.256103515625,79.13999938964844,79.87000274658203,719831
2026-03-06 18:30:00+00:00,79.94499969482422,80.19999694824219,78.80999755859375,79.11000061035156,422693
2026-03-06 19:30:00+00:00,79.0999984741211,79.30000305175781,75.9749984741211,76.11000061035156,1259522
2026-03-06 20:30:00+00:00,76.11000061035156,77.19999694824219,75.84500122070312,76.69999694824219,1138684
2026-03-09 13:30:00+00:00,75.97000122070312,77.27999877929688,74.76000213623047,76.95999908447266,3532711
2026-03-09 14:30:00+00:00,76.93000030517578,78.08000183105469,76.87999725341797,77.85009765625,1165360
2026-03-09 15:30:00+00:00,77.83989715576172,79.08999633789062,77.53500366210938,78.94999694824219,691449
2026-03-09 16:30:00+00:00,79.0199966430664,79.30000305175781,77.87000274658203,78.00360107421875,637079
2026-03-09 17:30:00+00:00,78.06999969482422,78.67990112304688,77.72820281982422,78.4749984741211,362147
2026-03-09 18:30:00+00:00,78.44000244140625,80.2970962524414,77.97000122070312,80.25,1840080
2026-03-09 19:30:00+00:00,80.22010040283203,81.0,79.86009979248047,80.7750015258789,961927
2026-03-10 13:30:00+00:00,80.63999938964844,82.16000366210938,80.26000213623047,82.03279876708984,2729662
2026-03-10 14:30:00+00:00,82.02279663085938,84.13400268554688,82.02279663085938,83.73999786376953,1718666
2026-03-10 15:30:00+00:00,83.75,83.8550033569336,82.92019653320312,83.18000030517578,901044
2026-03-10 16:30:00+00:00,83.19499969482422,83.96499633789062,83.11000061035156,83.90499877929688,472791
2026-03-10 17:30:00+00:00,83.87999725341797,83.88999938964844,82.0999984741211,82.8301010131836,785318
2026-03-10 18:30:00+00:00,82.8582992553711,83.11000061035156,82.04000091552734,82.3499984741211,540997
2026-03-10 19:30:00+00:00,82.3499984741211,82.69999694824219,81.33000183105469,82.6500015258789,869751
2026-03-11 13:30:00+00:00,83.69999694824219,85.19999694824219,82.84500122070312,84.58000183105469,2747931
2026-03-11 14:30:00+00:00,84.55500030517578,84.58100128173828,82.93000030517578,82.97000122070312,1073606
2026-03-11 15:30:00+00:00,82.94000244140625,83.58000183105469,82.75,83.31950378417969,398552
2026-03-11 16:30:00+00:00,83.42500305175781,83.81900024414062,83.11009979248047,83.44439697265625,217811
2026-03-11 17:30:00+00:00,83.39009857177734,83.4800033569336,82.41500091552734,83.0199966430664,420746
2026-03-11 18:30:00+00:00,83.04000091552734,83.5199966430664,82.88999938964844,83.26000213623047,293042
2026-03-11 19:30:00+00:00,83.11000061035156,83.75499725341797,83.06999969482422,83.73999786376953,437248
2026-03-12 13:30:00+00:00,82.0,82.7300033569336,80.19999694824219,80.26000213623047,2869369
2026-03-12 14:30:00+00:00,80.22000122070312,81.01000213623047,79.93000030517578,80.97000122070312,1262999
2026-03-12 15:30:00+00:00,80.91000366210938,82.77999877929688,80.87049865722656,82.17880249023438,1044391
2026-03-12 16:30:00+00:00,82.19999694824219,82.55999755859375,81.55000305175781,81.73999786376953,504880
2026-03-12 17:30:00+00:00,81.7699966430664,82.0999984741211,81.19499969482422,81.52999877929688,404040
2026-03-12 18:30:00+00:00,81.5199966430664,81.59500122070312,80.88999938964844,81.37000274658203,352684
2026-03-12 19:30:00+00:00,81.48500061035156,81.62999725341797,80.82499694824219,81.18000030517578,424631
2026-03-13 13:30:00+00:00,82.62000274658203,83.69999694824219,81.54000091552734,81.81999969482422,2920676
2026-03-13 14:30:00+00:00,81.80000305175781,82.05999755859375,79.81199645996094,79.9800033569336,1841518
2026-03-13 15:30:00+00:00,80.02999877929688,80.30999755859375,78.98999786376953,79.36000061035156,1144690
2026-03-13 16:30:00+00:00,79.33999633789062,79.88500213623047,79.18000030517578,79.72000122070312,570134
2026-03-13 17:30:00+00:00,79.7300033569336,79.7300033569336,78.3499984741211,78.81999969482422,572549
2026-03-13 18:30:00+00:00,78.77999877929688,79.30000305175781,78.5875015258789,78.94999694824219,533254
2026-03-13 19:30:00+00:00,78.95999908447266,79.05000305175781,78.27999877929688,78.56939697265625,816982
2026-03-16 13:30:00+00:00,80.88999938964844,82.69999694824219,80.87999725341797,81.86000061035156,1697768
2026-03-16 14:30:00+00:00,81.8499984741211,82.58000183105469,81.18000030517578,82.4198989868164,661872
2026-03-16 15:30:00+00:00,82.44000244140625,82.5999984741211,81.4800033569336,81.69000244140625,404512
2026-03-16 16:30:00+00:00,81.80000305175781,82.69999694824219,81.60990142822266,82.45999908447266,325925
2026-03-16 17:30:00+00:00,82.45010375976562,83.08999633789062,82.04000091552734,82.58799743652344,451382
2026-03-16 18:30:00+00:00,82.59629821777344,85.94999694824219,79.81999969482422,79.93499755859375,2077292
2026-03-16 19:30:00+00:00,79.875,81.47000122070312,79.56999969482422,81.08000183105469,1007872
2026-03-17 13:30:00+00:00,82.7300033569336,83.0199966430664,79.94000244140625,80.94999694824219,2388645
2026-03-17 14:30:00+00:00,80.89009857177734,81.2406997680664,80.2300033569336,80.43000030517578,586803
2026-03-17 15:30:00+00:00,80.38999938964844,80.95500183105469,79.73999786376953,80.62010192871094,563518
2026-03-17 16:30:00+00:00,80.68000030517578,80.83999633789062,79.94999694824219,80.36000061035156,358787
2026-03-17 17:30:00+00:00,80.4000015258789,81.28959655761719,80.39990234375,80.93000030517578,416594
2026-03-17 18:30:00+00:00,80.95999908447266,81.0,80.05039978027344,80.55690002441406,375522
2026-03-17 19:30:00+00:00,80.56999969482422,80.83989715576172,79.86000061035156,79.9800033569336,394404
2026-03-18 13:30:00+00:00,80.29499816894531,81.19000244140625,78.9000015258789,80.23999786376953,1719475
2026-03-18 14:30:00+00:00,80.27999877929688,81.05000305175781,79.87999725341797,80.45999908447266,715363
2026-03-18 15:30:00+00:00,80.44000244140625,80.7300033569336,80.27999877929688,80.62999725341797,224939
2026-03-18 16:30:00+00:00,80.625,80.625,79.8499984741211,80.0199966430664,272601
2026-03-18 17:30:00+00:00,80.08999633789062,80.9749984741211,79.83999633789062,80.26499938964844,408256
2026-03-18 18:30:00+00:00,80.29000091552734,80.30500030517578,79.03199768066406,79.33000183105469,634412
2026-03-18 19:30:00+00:00,79.31999969482422,79.44000244140625,78.54000091552734,78.56999969482422,412226
2026-03-19 13:30:00+00:00,76.45999908447266,76.80000305175781,74.58000183105469,76.12000274658203,1971644
2026-03-19 14:30:00+00:00,76.20999908447266,77.37999725341797,76.09110260009766,76.7300033569336,628566
2026-03-19 15:30:00+00:00,76.64099884033203,77.2499008178711,76.19000244140625,77.16000366210938,370221
2026-03-19 16:30:00+00:00,77.19499969482422,77.19499969482422,76.0999984741211,76.95500183105469,281267
2026-03-19 17:30:00+00:00,77.0,77.55000305175781,76.44999694824219,77.30999755859375,240926
2026-03-19 18:30:00+00:00,77.30000305175781,78.16999816894531,76.55999755859375,77.38999938964844,446075
2026-03-19 19:30:00+00:00,77.44000244140625,77.47029876708984,76.43499755859375,76.94999694824219,4235954
2026-03-20 13:30:00+00:00,76.46499633789062,76.52999877929688,74.19999694824219,74.50990295410156,3195812
2026-03-20 14:30:00+00:00,74.49939727783203,74.9000015258789,73.82499694824219,74.43000030517578,1352109
2026-03-20 15:30:00+00:00,74.44000244140625,75.07929992675781,74.31999969482422,74.68000030517578,668272
2026-03-20 16:30:00+00:00,74.65499877929688,74.66999816894531,73.86000061035156,73.88999938964844,580102
2026-03-20 17:30:00+00:00,73.90499877929688,73.90499877929688,72.93250274658203,73.16000366210938,1257056
2026-03-20 18:30:00+00:00,73.19000244140625,73.23500061035156,71.55999755859375,71.5999984741211,1320890
2026-03-20 19:30:00+00:00,71.62999725341797,72.0999984741211,70.98999786376953,72.05999755859375,1581640
2026-03-23 13:30:00+00:00,75.61000061035156,76.38500213623047,74.5,76.11000061035156,5368386
2026-03-23 14:30:00+00:00,76.11000061035156,76.5,75.58280181884766,75.81999969482422,1221334
2026-03-23 15:30:00+00:00,75.91999816894531,76.01000213623047,73.51419830322266,73.52999877929688,1446472
2026-03-23 16:30:00+00:00,73.54119873046875,74.44999694824219,73.54119873046875,74.0,688450
2026-03-23 17:30:00+00:00,73.96990203857422,74.86499786376953,73.96990203857422,74.62000274658203,624566
2026-03-23 18:30:00+00:00,74.72000122070312,75.30999755859375,74.66000366210938,74.77999877929688,726630
2026-03-23 19:30:00+00:00,74.72019958496094,75.13500213623047,74.19000244140625,74.19499969482422,690353
2026-03-24 13:30:00+00:00,73.44999694824219,74.44999694824219,72.86000061035156,73.05010223388672,2006075
2026-03-24 14:30:00+00:00,73.11289978027344,74.66500091552734,73.02999877929688,74.21910095214844,1258972
2026-03-24 15:30:00+00:00,74.22480010986328,74.41000366210938,73.6500015258789,73.95999908447266,617050
2026-03-24 16:30:00+00:00,73.9800033569336,74.07279968261719,73.18000030517578,73.45999908447266,598662
2026-03-24 17:30:00+00:00,73.44999694824219,74.16999816894531,73.2699966430664,74.05000305175781,574180
2026-03-24 18:30:00+00:00,74.05000305175781,74.69999694824219,73.9800033569336,74.11000061035156,643159
2026-03-24 19:30:00+00:00,74.0999984741211,74.19999694824219,73.59500122070312,73.91000366210938,372596
2026-03-25 13:30:00+00:00,75.38999938964844,78.0999984741211,75.2699966430664,77.91999816894531,3756703
2026-03-25 14:30:00+00:00,77.94499969482422,78.88999938964844,77.19999694824219,77.87999725341797,1778624
2026-03-25 15:30:00+00:00,77.86000061035156,77.9000015258789,76.8499984741211,77.12999725341797,1043120
2026-03-25 16:30:00+00:00,77.20999908447266,77.30999755859375,76.62999725341797,76.99500274658203,629086
2026-03-25 17:30:00+00:00,76.86000061035156,77.5,76.77040100097656,77.05500030517578,533146
2026-03-25 18:30:00+00:00,77.08000183105469,77.19999694824219,76.06999969482422,76.71990203857422,754575
2026-03-25 19:30:00+00:00,76.70500183105469,77.02999877929688,76.44010162353516,76.75,582539
2026-03-26 13:30:00+00:00,74.60340118408203,74.87000274658203,73.45999908447266,73.4800033569336,2149016
2026-03-26 14:30:00+00:00,73.45999908447266,73.69000244140625,71.93000030517578,72.80999755859375,1384592
2026-03-26 15:30:00+00:00,72.75,73.44499969482422,72.48999786376953,72.55999755859375,818767
2026-03-26 16:30:00+00:00,72.55000305175781,72.73999786376953,72.19000244140625,72.33740234375,600203
2026-03-26 17:30:00+00:00,72.40550231933594,72.49400329589844,70.88999938964844,71.11900329589844,835804
2026-03-26 18:30:00+00:00,71.17369842529297,71.45999908447266,70.66200256347656,71.11329650878906,604673
2026-03-26 19:30:00+00:00,71.0999984741211,71.11000061035156,70.30000305175781,70.38500213623047,834567
2026-03-27 13:30:00+00:00,69.04000091552734,70.08719635009766,67.5,67.53510284423828,4223744
2026-03-27 14:30:00+00:00,67.5,68.91500091552734,67.27999877929688,68.86000061035156,1516400
2026-03-27 15:30:00+00:00,68.91000366210938,69.22000122070312,68.2301025390625,68.31999969482422,752970
2026-03-27 16:30:00+00:00,68.30010223388672,68.68000030517578,67.52230072021484,67.52230072021484,708913
2026-03-27 17:30:00+00:00,67.50499725341797,67.83000183105469,67.31999969482422,67.66000366210938,495717
2026-03-27 18:30:00+00:00,67.63999938964844,67.8499984741211,67.0199966430664,67.15010070800781,579472
2026-03-27 19:30:00+00:00,67.2300033569336,67.56500244140625,66.83000183105469,67.20999908447266,737302
2026-03-30 13:30:00+00:00,68.12999725341797,68.73999786376953,66.19000244140625,66.73999786376953,3103425
2026-03-30 14:30:00+00:00,66.72000122070312,67.80000305175781,66.2300033569336,66.78079986572266,1386039
2026-03-30 15:30:00+00:00,66.80999755859375,67.62000274658203,66.29000091552734,66.4000015258789,813599
2026-03-30 16:30:00+00:00,66.37999725341797,66.72989654541016,65.87999725341797,65.88999938964844,603413
2026-03-30 17:30:00+00:00,65.87000274658203,66.33000183105469,65.68000030517578,65.73500061035156,537384
2026-03-30 18:30:00+00:00,65.74500274658203,66.04000091552734,64.62010192871094,64.75499725341797,1270832
2026-03-30 19:30:00+00:00,64.77999877929688,65.6050033569336,64.61000061035156,65.2699966430664,745039
2026-03-31 13:30:00+00:00,66.80000305175781,69.97010040283203,66.73999786376953,69.91000366210938,3607935
2026-03-31 14:30:00+00:00,69.94000244140625,70.22000122070312,68.79499816894531,69.41999816894531,1579459
2026-03-31 15:30:00+00:00,69.36000061035156,70.13999938964844,68.94999694824219,69.97000122070312,1052175
2026-03-31 16:30:00+00:00,69.94999694824219,72.21990203857422,69.75,71.75,1901975
2026-03-31 17:30:00+00:00,71.7300033569336,72.08000183105469,70.97000122070312,71.71009826660156,1137583
2026-03-31 18:30:00+00:00,71.66999816894531,72.5199966430664,71.54000091552734,72.24500274658203,952632
2026-03-31 19:30:00+00:00,72.2300033569336,72.79000091552734,72.18990325927734,72.63999938964844,1175600
2026-04-01 13:30:00+00:00,73.73249816894531,74.38999938964844,72.9000015258789,74.09989929199219,4283702
2026-04-01 14:30:00+00:00,74.08999633789062,74.83000183105469,73.50499725341797,74.33000183105469,1439883
2026-04-01 15:30:00+00:00,74.30999755859375,75.04740142822266,74.23999786376953,74.81999969482422,1045152
2026-04-01 16:30:00+00:00,74.80000305175781,74.87000274658203,74.41999816894531,74.4749984741211,470826
2026-04-01 17:30:00+00:00,74.45999908447266,74.5,72.9800033569336,73.1500015258789,896883
2026-04-01 18:30:00+00:00,73.1500015258789,74.12000274658203,72.91999816894531,73.92500305175781,959162
2026-04-01 19:30:00+00:00,73.9000015258789,74.11000061035156,73.5,73.70999908447266,676099
2026-04-02 13:30:00+00:00,70.53199768066406,73.0979995727539,70.0,72.19999694824219,3271349
2026-04-02 14:30:00+00:00,72.16999816894531,74.80390167236328,72.11000061035156,74.4000015258789,1362544
2026-04-02 15:30:00+00:00,74.31999969482422,74.68499755859375,73.6427001953125,73.95929718017578,634942
2026-04-02 16:30:00+00:00,73.93000030517578,74.5999984741211,73.66000366210938,74.5,437101
2026-04-02 17:30:00+00:00,74.5,74.69999694824219,73.95999908447266,74.33000183105469,396161
2026-04-02 18:30:00+00:00,74.3301010131836,75.05999755859375,74.31990051269531,74.61250305175781,710776
2026-04-02 19:30:00+00:00,74.5999984741211,75.08000183105469,74.58999633789062,75.0,507488
2026-04-06 13:30:00+00:00,74.91999816894531,75.31999969482422,73.66000366210938,74.4801025390625,2263089
2026-04-06 14:30:00+00:00,74.4800033569336,74.62999725341797,73.9800033569336,74.24500274658203,696923
2026-04-06 15:30:00+00:00,74.23999786376953,75.17990112304688,74.2249984741211,74.79000091552734,628699
2026-04-06 16:30:00+00:00,74.76000213623047,75.0199966430664,73.92500305175781,74.60009765625,493741
2026-04-06 17:30:00+00:00,74.61000061035156,74.88999938964844,74.19000244140625,74.5999984741211,513947
2026-04-06 18:30:00+00:00,74.66999816894531,75.0,74.45989990234375,74.86000061035156,262843
2026-04-06 19:30:00+00:00,74.86499786376953,75.21009826660156,74.75,75.14929962158203,247195
2026-04-07 13:30:00+00:00,73.75,74.62000274658203,72.47000122070312,73.0198974609375,2108981
2026-04-07 14:30:00+00:00,73.08000183105469,73.08000183105469,71.83000183105469,72.9800033569336,860978
2026-04-07 15:30:00+00:00,73.0,73.75,72.70999908447266,73.29010009765625,686795
2026-04-07 16:30:00+00:00,73.30000305175781,73.73500061035156,73.20500183105469,73.23999786376953,372738
2026-04-07 17:30:00+00:00,73.36000061035156,73.93000030517578,73.23999786376953,73.5199966430664,384306
2026-04-07 18:30:00+00:00,73.5,74.5,72.93000030517578,74.0199966430664,681490
2026-04-07 19:30:00+00:00,74.0,75.64990234375,73.87020111083984,75.58999633789062,704607
2026-04-08 13:30:00+00:00,81.01000213623047,81.58999633789062,78.2300033569336,78.68499755859375,4332846
2026-04-08 14:30:00+00:00,78.69999694824219,78.77999877929688,77.43000030517578,78.26000213623047,1340305
2026-04-08 15:30:00+00:00,78.2699966430664,78.8499984741211,78.12999725341797,78.37000274658203,569541
2026-04-08 16:30:00+00:00,78.37999725341797,78.68000030517578,78.30500030517578,78.37000274658203,399845
2026-04-08 17:30:00+00:00,78.38999938964844,78.9800033569336,78.23999786376953,78.61000061035156,585605
2026-04-08 18:30:00+00:00,78.6500015258789,78.87999725341797,78.08000183105469,78.54000091552734,518971
2026-04-08 19:30:00+00:00,78.5999984741211,79.0199966430664,78.55999755859375,78.94000244140625,578682
2026-04-09 13:30:00+00:00,78.66999816894531,79.08999633789062,77.63999938964844,78.44000244140625,1979561
2026-04-09 14:30:00+00:00,78.44999694824219,80.13999938964844,78.29000091552734,79.53500366210938,879280
2026-04-09 15:30:00+00:00,79.52999877929688,80.5,79.44999694824219,80.1500015258789,676338
2026-04-09 16:30:00+00:00,80.14009857177734,80.44000244140625,79.79000091552734,80.11990356445312,396181
2026-04-09 17:30:00+00:00,80.05280303955078,80.30500030517578,79.68000030517578,79.7699966430664,319437
2026-04-09 18:30:00+00:00,79.75990295410156,80.38999938964844,79.62750244140625,80.19000244140625,302421
2026-04-09 19:30:00+00:00,80.20999908447266,80.59500122070312,80.20999908447266,80.44999694824219,499186
2026-04-10 13:30:00+00:00,80.7699966430664,83.9000015258789,80.7699966430664,83.81500244140625,3708966
2026-04-10 14:30:00+00:00,83.83499908447266,85.7300033569336,83.76000213623047,85.30999755859375,2087674
2026-04-10 15:30:00+00:00,85.25,85.33999633789062,84.08350372314453,84.36000061035156,978238
2026-04-10 16:30:00+00:00,84.40699768066406,84.5199966430664,83.91999816894531,84.12000274658203,492409
2026-04-10 17:30:00+00:00,84.05500030517578,84.8499984741211,83.97000122070312,84.4800033569336,436169
2026-04-10 18:30:00+00:00,84.48999786376953,85.47000122070312,84.33000183105469,85.19999694824219,694207
2026-04-10 19:30:00+00:00,85.19000244140625,85.19000244140625,84.08000183105469,84.52899932861328,890432
2026-04-13 13:30:00+00:00,82.25499725341797,84.3499984741211,81.94000244140625,84.2699966430664,3188643
2026-04-13 14:30:00+00:00,84.2699966430664,85.41000366210938,84.08499908447266,84.51000213623047,940624
2026-04-13 15:30:00+00:00,84.44000244140625,84.73999786376953,83.87000274658203,84.33000183105469,771233
2026-04-13 16:30:00+00:00,84.29000091552734,84.5,83.83000183105469,84.10369873046875,546480
2026-04-13 17:30:00+00:00,84.0718002319336,84.30000305175781,83.92009735107422,83.92680358886719,576273
2026-04-13 18:30:00+00:00,83.97989654541016,84.72000122070312,83.97989654541016,84.55999755859375,496585
2026-04-13 19:30:00+00:00,84.52300262451172,85.23999786376953,84.4000015258789,85.04000091552734,501726
2026-04-14 13:30:00+00:00,86.7249984741211,88.67990112304688,86.46279907226562,88.30000305175781,3163548
2026-04-14 14:30:00+00:00,88.2699966430664,89.05500030517578,88.0999984741211,88.80010223388672,1172265
2026-04-14 15:30:00+00:00,88.80999755859375,90.1449966430664,88.72000122070312,90.01000213623047,897479
2026-04-14 16:30:00+00:00,90.04000091552734,90.20999908447266,89.61009979248047,89.95999908447266,723322
2026-04-14 17:30:00+00:00,89.97000122070312,90.10040283203125,89.66000366210938,89.81500244140625,513420
2026-04-14 18:30:00+00:00,89.81009674072266,91.40010070800781,89.81009674072266,91.30000305175781,1090314
2026-04-14 19:30:00+00:00,91.27999877929688,91.54000091552734,90.72000122070312,91.54000091552734,927836
2026-04-15 13:30:00+00:00,91.52999877929688,94.37799835205078,91.33000183105469,94.05000305175781,2710249
2026-04-15 14:30:00+00:00,94.07499694824219,94.72000122070312,93.8949966430664,94.59500122070312,1079589
2026-04-15 15:30:00+00:00,94.55000305175781,95.13999938964844,93.95999908447266,93.95999908447266,1194400
2026-04-15 16:30:00+00:00,93.96749877929688,93.96749877929688,91.19999694824219,91.94999694824219,1230471
2026-04-15 17:30:00+00:00,91.97000122070312,92.63999938964844,90.86499786376953,91.91999816894531,790081
2026-04-15 18:30:00+00:00,91.94499969482422,93.15989685058594,91.94000244140625,93.125,607189
2026-04-15 19:30:00+00:00,93.11000061035156,93.9800033569336,92.93000030517578,93.64099884033203,528375
2026-04-16 13:30:00+00:00,92.51000213623047,92.64710235595703,90.81999969482422,92.30950164794922,2198320
2026-04-16 14:30:00+00:00,92.25499725341797,94.62000274658203,92.2300033569336,93.91999816894531,1072128
2026-04-16 15:30:00+00:00,93.84500122070312,94.41999816894531,93.27999877929688,93.45999908447266,732803
2026-04-16 16:30:00+00:00,93.46499633789062,93.66000366210938,92.66999816894531,93.26000213623047,597296
2026-04-16 17:30:00+00:00,93.30000305175781,93.56999969482422,92.25,92.4198989868164,485487
2026-04-16 18:30:00+00:00,92.44999694824219,93.25,92.44999694824219,92.97000122070312,607983
2026-04-16 19:30:00+00:00,93.01000213623047,93.56500244140625,92.98999786376953,93.1500015258789,464723
2026-04-17 13:30:00+00:00,94.62000274658203,96.26010131835938,94.0199966430664,94.99009704589844,3334112
2026-04-17 14:30:00+00:00,95.0510025024414,95.62999725341797,94.73999786376953,95.26000213623047,890411
2026-04-17 15:30:00+00:00,95.30280303955078,96.00499725341797,94.91500091552734,95.33999633789062,956062
2026-04-17 16:30:00+00:00,95.3499984741211,95.51000213623047,94.20999908447266,94.58000183105469,723426
2026-04-17 17:30:00+00:00,94.58000183105469,95.5199966430664,94.58000183105469,95.27999877929688,438785
2026-04-17 18:30:00+00:00,95.33999633789062,96.05999755859375,95.23999786376953,95.87000274658203,594883
2026-04-17 19:30:00+00:00,95.87999725341797,96.26499938964844,95.74009704589844,96.20999908447266,506306
2026-04-20 13:30:00+00:00,94.66000366210938,95.12999725341797,93.16000366210938,93.83000183105469,1959954
2026-04-20 14:30:00+00:00,93.76000213623047,94.08000183105469,92.5999984741211,94.0,960529
2026-04-20 15:30:00+00:00,93.91999816894531,94.12000274658203,93.17500305175781,93.87999725341797,372873
2026-04-20 16:30:00+00:00,93.9000015258789,94.45989990234375,93.8499984741211,94.19999694824219,277331
2026-04-20 17:30:00+00:00,94.2249984741211,95.33999633789062,94.125,95.19229888916016,494251
2026-04-20 18:30:00+00:00,95.19989776611328,95.79989624023438,95.03479766845703,95.72000122070312,416781
2026-04-20 19:30:00+00:00,95.7300033569336,96.70999908447266,95.66999816894531,96.61000061035156,635897
2026-04-21 13:30:00+00:00,96.6500015258789,97.20999908447266,95.48500061035156,96.44580078125,1570685
2026-04-21 14:30:00+00:00,96.37999725341797,96.55000305175781,95.20999908447266,95.59500122070312,667726
2026-04-21 15:30:00+00:00,95.58999633789062,95.92500305175781,94.4800033569336,94.50479888916016,386799
2026-04-21 16:30:00+00:00,94.62000274658203,94.88379669189453,93.66999816894531,93.94499969482422,542634
2026-04-21 17:30:00+00:00,93.9800033569336,94.9800033569336,93.94999694824219,94.55000305175781,417295
2026-04-21 18:30:00+00:00,94.58000183105469,95.51499938964844,94.58000183105469,95.46499633789062,334913
2026-04-21 19:30:00+00:00,95.52999877929688,95.69989776611328,93.80999755859375,94.55999755859375,421115
2026-04-22 13:30:00+00:00,95.62989807128906,95.62999725341797,93.96199798583984,94.94999694824219,1434252
2026-04-22 14:30:00+00:00,94.9800033569336,96.31999969482422,94.86499786376953,96.12000274658203,896355
2026-04-22 15:30:00+00:00,96.06999969482422,96.16000366210938,95.47000122070312,95.60320281982422,275281
2026-04-22 16:30:00+00:00,95.53070068359375,96.44989776611328,95.4800033569336,96.23500061035156,353417
2026-04-22 17:30:00+00:00,96.2300033569336,96.90850067138672,96.13500213623047,96.1449966430664,455085
2026-04-22 18:30:00+00:00,96.0999984741211,96.48989868164062,95.7699966430664,96.18000030517578,319512
2026-04-22 19:30:00+00:00,96.06999969482422,96.91000366210938,96.06999969482422,96.83999633789062,459205
2026-04-23 13:30:00+00:00,96.86000061035156,98.16510009765625,95.61000061035156,96.23999786376953,1563826
2026-04-23 14:30:00+00:00,96.25,97.5,96.2300033569336,96.94490051269531,633274
2026-04-23 15:30:00+00:00,96.93000030517578,97.15789794921875,95.47000122070312,95.5199966430664,487531
2026-04-23 16:30:00+00:00,95.58000183105469,96.36000061035156,93.80999755859375,93.93160247802734,563170
2026-04-23 17:30:00+00:00,93.91500091552734,94.67990112304688,91.91000366210938,93.68000030517578,1637597
2026-04-23 18:30:00+00:00,93.73999786376953,94.19000244140625,92.80000305175781,93.70500183105469,318092
2026-04-23 19:30:00+00:00,93.70500183105469,94.23999786376953,93.27999877929688,94.23999786376953,409216
2026-04-24 13:30:00+00:00,94.41000366210938,97.47000122070312,94.31999969482422,96.8364028930664,2522211
2026-04-24 14:30:00+00:00,96.9749984741211,103.5999984741211,96.80500030517578,102.85990142822266,4035287
2026-04-24 15:30:00+00:00,102.84500122070312,103.91000366210938,102.30000305175781,103.51000213623047,1574075
2026-04-24 16:30:00+00:00,103.54630279541016,104.76000213623047,103.0,103.2699966430664,1100021
2026-04-24 17:30:00+00:00,103.16000366210938,103.61000061035156,102.1500015258789,102.20999908447266,790362
2026-04-24 18:30:00+00:00,102.17009735107422,103.19999694824219,101.7300033569336,102.5199966430664,570783
2026-04-24 19:30:00+00:00,102.42019653320312,102.57009887695312,101.57990264892578,102.19999694824219,483981
